version 2
JvmtiExport can_access_local_variables 0
JvmtiExport can_hotswap_or_post_breakpoint 0
JvmtiExport can_post_on_exceptions 0
# 542 ciObject found
instanceKlass javafx/scene/layout/Region
ciInstanceKlass java/lang/Cloneable 1 0 7 100 1 100 1 1 1
instanceKlass jdk/internal/net/http/RequestPublishers$ByteArrayPublisher
instanceKlass  @bci controller/ScanFromController/scanFormController speakText ()V 89 <appendix> member <vmtarget> ; # controller/ScanFromController/scanFormController$$Lambda+0x0000023d274c9a88
instanceKlass javafx/scene/input/MouseEvent$1
instanceKlass com/sun/prism/shader/DrawPgram_Color_Loader
instanceKlass  @bci javafx/animation/AnimationTimer$AnimationTimerReceiver handle (J)V 22 <appendix> member <vmtarget> ; # javafx/animation/AnimationTimer$AnimationTimerReceiver$$Lambda+0x0000023d274c8858
instanceKlass  @bci javafx/stage/PopupWindow bindOwnerFocusedProperty (Ljavafx/stage/Window;)V 2 <appendix> member <vmtarget> ; # javafx/stage/PopupWindow$$Lambda+0x0000023d274c8640
instanceKlass  @bci com/sun/javafx/util/Utils hasFullScreenStage (Ljavafx/stage/Screen;)Z 0 <appendix> argL0 ; # com/sun/javafx/util/Utils$$Lambda+0x0000023d274c8430
instanceKlass  @bci javafx/scene/control/skin/ComboBoxPopupControl createPopup ()V 193 <appendix> member <vmtarget> ; # javafx/scene/control/skin/ComboBoxPopupControl$$Lambda+0x0000023d274c8218
instanceKlass  @bci javafx/scene/control/skin/ComboBoxPopupControl createPopup ()V 116 <appendix> member <vmtarget> ; # javafx/scene/control/skin/ComboBoxPopupControl$$Lambda+0x0000023d274c8000
instanceKlass  @bci javafx/scene/control/skin/ComboBoxPopupControl createPopup ()V 105 <appendix> member <vmtarget> ; # javafx/scene/control/skin/ComboBoxPopupControl$$Lambda+0x0000023d274c4c30
instanceKlass  @bci javafx/scene/control/skin/ComboBoxPopupControl createPopup ()V 87 <appendix> member <vmtarget> ; # javafx/scene/control/skin/ComboBoxPopupControl$$Lambda+0x0000023d274c4a18
instanceKlass  @bci javafx/scene/control/skin/ComboBoxPopupControl createPopup ()V 65 <appendix> member <vmtarget> ; # javafx/scene/control/skin/ComboBoxPopupControl$$Lambda+0x0000023d274c4800
instanceKlass javafx/scene/control/skin/ComboBoxPopupControl$3$1
instanceKlass  @bci org/reactfx/util/FingerTree$Branch lambda$null$9 (Lorg/reactfx/util/FingerTree$NonEmptyFingerTree;Lorg/reactfx/util/FingerTree$NonEmptyFingerTree;Lorg/reactfx/util/Tuple2;)Lorg/reactfx/util/Tuple2; 6 <appendix> argL0 ; # org/reactfx/util/FingerTree$Branch$$Lambda+0x0000023d274c5730
instanceKlass com/sun/javafx/text/CharArrayIterator
instanceKlass sun/text/SupplementaryCharacterData
instanceKlass sun/text/CompactByteArray
instanceKlass  @bci sun/util/resources/BreakIteratorResourceBundle getResourceAsStream (Ljava/lang/String;)Ljava/io/InputStream; 2 <appendix> member <vmtarget> ; # sun/util/resources/BreakIteratorResourceBundle$$Lambda+0x0000023d27337fc8
instanceKlass com/sun/javafx/font/directwrite/DWRITE_SCRIPT_ANALYSIS
instanceKlass org/reactfx/util/FingerTree$Branch$1$1
instanceKlass  @bci org/reactfx/util/FingerTree$Branch lambda$null$5 (Lorg/reactfx/util/FingerTree$NonEmptyFingerTree;Lorg/reactfx/util/Tuple2;)Lorg/reactfx/util/Either; 2 <appendix> member <vmtarget> ; # org/reactfx/util/FingerTree$Branch$$Lambda+0x0000023d274c6f78
instanceKlass  @bci org/reactfx/util/FingerTree$Branch split0 (ILorg/reactfx/util/LL;)Lorg/reactfx/util/Tuple2; 69 <appendix> member <vmtarget> ; # org/reactfx/util/FingerTree$Branch$$Lambda+0x0000023d274c6d50
instanceKlass  @bci org/reactfx/util/FingerTree$Branch locate0 (Ljava/util/function/BiFunction;ILorg/reactfx/util/LL;)Lorg/reactfx/util/BiIndex; 40 <appendix> member <vmtarget> ; # org/reactfx/util/FingerTree$Branch$$Lambda+0x0000023d274c6b18
instanceKlass  @bci org/reactfx/util/FingerTree$Branch locate0 (Ljava/util/function/BiFunction;ILorg/reactfx/util/LL;)Lorg/reactfx/util/BiIndex; 30 <appendix> member <vmtarget> ; # org/reactfx/util/FingerTree$Branch$$Lambda+0x0000023d274c68e0
instanceKlass  @bci org/reactfx/util/FingerTree$Branch lambda$appendLte$6 (Lorg/reactfx/util/FingerTree;Lorg/reactfx/util/FingerTree$NonEmptyFingerTree;Lorg/reactfx/util/FingerTree$NonEmptyFingerTree;)Lorg/reactfx/util/Either; 12 <appendix> member <vmtarget> ; # org/reactfx/util/FingerTree$Branch$$Lambda+0x0000023d274c66a8
instanceKlass  @bci org/reactfx/util/FingerTree$Branch lambda$appendLte$6 (Lorg/reactfx/util/FingerTree;Lorg/reactfx/util/FingerTree$NonEmptyFingerTree;Lorg/reactfx/util/FingerTree$NonEmptyFingerTree;)Lorg/reactfx/util/Either; 6 <appendix> member <vmtarget> ; # org/reactfx/util/FingerTree$Branch$$Lambda+0x0000023d274c6470
instanceKlass  @bci org/reactfx/util/FingerTree$Branch lambda$appendLte$10 (Lorg/reactfx/util/FingerTree;Lorg/reactfx/util/FingerTree$NonEmptyFingerTree;Lorg/reactfx/util/FingerTree$NonEmptyFingerTree;Lorg/reactfx/util/FingerTree$NonEmptyFingerTree;)Lorg/reactfx/util/Either; 19 <appendix> member <vmtarget> ; # org/reactfx/util/FingerTree$Branch$$Lambda+0x0000023d274c6238
instanceKlass  @bci org/reactfx/util/FingerTree$Branch lambda$appendLte$10 (Lorg/reactfx/util/FingerTree;Lorg/reactfx/util/FingerTree$NonEmptyFingerTree;Lorg/reactfx/util/FingerTree$NonEmptyFingerTree;Lorg/reactfx/util/FingerTree$NonEmptyFingerTree;)Lorg/reactfx/util/Either; 7 <appendix> member <vmtarget> ; # org/reactfx/util/FingerTree$Branch$$Lambda+0x0000023d274c6000
instanceKlass  @bci org/reactfx/util/TriFunction pApply (Ljava/lang/Object;)Ljava/util/function/BiFunction; 2 <appendix> member <vmtarget> ; # org/reactfx/util/TriFunction$$Lambda+0x0000023d2749fd58
instanceKlass  @cpi org/reactfx/util/TriFunction 33 form vmentry <vmtarget> ; # java/lang/invoke/LambdaForm$DMH+0x0000023d274c4400
instanceKlass  @bci org/reactfx/util/FingerTree$Branch appendLte (Lorg/reactfx/util/FingerTree;)Lorg/reactfx/util/Either; 106 <appendix> member <vmtarget> ; # org/reactfx/util/FingerTree$Branch$$Lambda+0x0000023d2749fb30
instanceKlass  @bci org/reactfx/util/FingerTree$Branch appendLte (Lorg/reactfx/util/FingerTree;)Lorg/reactfx/util/Either; 64 <appendix> member <vmtarget> ; # org/reactfx/util/FingerTree$Branch$$Lambda+0x0000023d2749f908
instanceKlass  @bci org/reactfx/util/FingerTree$Branch lambda$null$13 (Lorg/reactfx/util/FingerTree$NonEmptyFingerTree;Lorg/reactfx/util/Tuple2;)Lorg/reactfx/util/Either; 2 <appendix> member <vmtarget> ; # org/reactfx/util/FingerTree$Branch$$Lambda+0x0000023d2749f6e0
instanceKlass  @bci org/reactfx/util/FingerTree$Branch lambda$prependLte$14 (Lorg/reactfx/util/FingerTree;Lorg/reactfx/util/FingerTree$NonEmptyFingerTree;Lorg/reactfx/util/FingerTree$NonEmptyFingerTree;)Lorg/reactfx/util/Either; 12 <appendix> member <vmtarget> ; # org/reactfx/util/FingerTree$Branch$$Lambda+0x0000023d2749f4a8
instanceKlass  @bci org/reactfx/util/FingerTree$Branch lambda$prependLte$14 (Lorg/reactfx/util/FingerTree;Lorg/reactfx/util/FingerTree$NonEmptyFingerTree;Lorg/reactfx/util/FingerTree$NonEmptyFingerTree;)Lorg/reactfx/util/Either; 6 <appendix> member <vmtarget> ; # org/reactfx/util/FingerTree$Branch$$Lambda+0x0000023d2749f270
instanceKlass  @bci org/reactfx/util/FingerTree$Branch prependLte (Lorg/reactfx/util/FingerTree;)Lorg/reactfx/util/Either; 64 <appendix> member <vmtarget> ; # org/reactfx/util/FingerTree$Branch$$Lambda+0x0000023d2749f048
instanceKlass  @bci org/reactfx/util/FingerTree$NonEmptyFingerTree lambda$appendTree$5 (Lorg/reactfx/util/Tuple2;)Lorg/reactfx/util/FingerTree$NonEmptyFingerTree; 1 <appendix> argL0 ; # org/reactfx/util/FingerTree$NonEmptyFingerTree$$Lambda+0x0000023d2749ee28
instanceKlass  @bci org/reactfx/util/FingerTree concat (Lorg/reactfx/util/LL$Cons;)Lorg/reactfx/util/FingerTree; 13 <appendix> argL0 ; # org/reactfx/util/FingerTree$$Lambda+0x0000023d2749ec08
instanceKlass  @bci org/reactfx/util/FingerTree$Branch split0 (ILorg/reactfx/util/LL;)Lorg/reactfx/util/Tuple2; 44 <appendix> member <vmtarget> ; # org/reactfx/util/FingerTree$Branch$$Lambda+0x0000023d2749e9e0
instanceKlass  @bci org/reactfx/util/LL$Cons mapReduce1 (Ljava/util/function/Function;Ljava/util/function/BinaryOperator;)Ljava/lang/Object; 18 <appendix> member <vmtarget> ; # org/reactfx/util/LL$Cons$$Lambda+0x0000023d2749e1c0
instanceKlass  @bci org/reactfx/util/FingerTree$Branch <init> (Lorg/reactfx/util/LL$Cons;)V 136 <appendix> member <vmtarget> ; # org/reactfx/util/FingerTree$Branch$$Lambda+0x0000023d2749df80
instanceKlass  @cpi org/reactfx/util/FingerTree$Branch 398 form vmentry <vmtarget> ; # java/lang/invoke/LambdaForm$DMH+0x0000023d274c4000
instanceKlass  @bci org/reactfx/util/FingerTree$Branch <init> (Lorg/reactfx/util/LL$Cons;)V 122 <appendix> argL0 ; # org/reactfx/util/FingerTree$Branch$$Lambda+0x0000023d2749dd50
instanceKlass  @bci org/reactfx/util/FingerTree$Branch <init> (Lorg/reactfx/util/LL$Cons;)V 103 <appendix> argL0 ; # org/reactfx/util/FingerTree$Branch$$Lambda+0x0000023d2749db30
instanceKlass jdk/internal/icu/impl/NormalizerImpl$ReorderingBuffer
instanceKlass jdk/internal/icu/impl/NormalizerImpl$UTF16Plus
instanceKlass  @bci controller/ScanFromController/scanFormController lambda$recognizeText$44 (Ljavafx/scene/image/Image;Ljava/lang/String;I)V 47 <appendix> member <vmtarget> ; # controller/ScanFromController/scanFormController$$Lambda+0x0000023d2749d548
instanceKlass jdk/internal/net/http/websocket/RawChannel
instanceKlass jdk/internal/net/http/HttpResponseImpl$RawChannelProvider
instanceKlass jdk/internal/net/http/HttpResponseImpl
instanceKlass jdk/internal/net/http/websocket/RawChannel$Provider
instanceKlass  @bci jdk/internal/net/http/SocketTube$SocketFlowEvent abort (Ljava/io/IOException;)V 6 <appendix> member <vmtarget> ; # jdk/internal/net/http/SocketTube$SocketFlowEvent$$Lambda+0x0000023d274c0640
instanceKlass  @bci jdk/internal/net/http/SocketTube$InternalReadPublisher$InternalReadSubscription pauseReadEvent ()V 47 <appendix> member <vmtarget> ; # jdk/internal/net/http/SocketTube$InternalReadPublisher$InternalReadSubscription$$Lambda+0x0000023d274c0230
instanceKlass  @bci jdk/internal/net/http/HttpConnection closeOrReturnToCache (Ljava/net/http/HttpHeaders;)V 63 <appendix> argL0 ; # jdk/internal/net/http/HttpConnection$$Lambda+0x0000023d274c0000
instanceKlass jdk/internal/net/http/common/HttpBodySubscriberWrapper$SubscriptionWrapper
instanceKlass  @bci jdk/internal/net/http/MultiExchange lambda$responseAsync0$4 (Ljdk/internal/net/http/Response;)Ljava/util/concurrent/CompletionStage; 59 <appendix> member <vmtarget> ; # jdk/internal/net/http/MultiExchange$$Lambda+0x0000023d274bb9e0
instanceKlass  @bci jdk/internal/net/http/Exchange readBodyAsync (Ljava/net/http/HttpResponse$BodyHandler;)Ljava/util/concurrent/CompletableFuture; 40 <appendix> member <vmtarget> ; # jdk/internal/net/http/Exchange$$Lambda+0x0000023d274bb7b8
instanceKlass  @bci jdk/internal/net/http/Http1Response readBody (Ljava/net/http/HttpResponse$BodySubscriber;ZLjava/util/concurrent/Executor;)Ljava/util/concurrent/CompletableFuture; 240 <appendix> member <vmtarget> ; # jdk/internal/net/http/Http1Response$$Lambda+0x0000023d274bb590
instanceKlass  @bci jdk/internal/net/http/ResponseSubscribers lambda$getBodyAsync$3 (Ljava/net/http/HttpResponse$BodySubscriber;Ljava/util/concurrent/CompletableFuture;Ljava/util/function/Consumer;)V 7 <appendix> member <vmtarget> ; # jdk/internal/net/http/ResponseSubscribers$$Lambda+0x0000023d274bb368
instanceKlass  @bci jdk/internal/net/http/ResponseSubscribers getBodyAsync (Ljava/util/concurrent/Executor;Ljava/net/http/HttpResponse$BodySubscriber;Ljava/util/concurrent/CompletableFuture;Ljava/util/function/Consumer;)Ljava/util/concurrent/CompletableFuture; 95 <appendix> member <vmtarget> ; # jdk/internal/net/http/ResponseSubscribers$$Lambda+0x0000023d274bb150
instanceKlass  @bci jdk/internal/net/http/Http1Response readBody (Ljava/net/http/HttpResponse$BodySubscriber;ZLjava/util/concurrent/Executor;)Ljava/util/concurrent/CompletableFuture; 227 <appendix> member <vmtarget> ; # jdk/internal/net/http/Http1Response$$Lambda+0x0000023d274baf28
instanceKlass  @bci jdk/internal/net/http/HttpConnection$TrailingOperations add (Ljava/util/concurrent/CompletionStage;)V 24 <appendix> member <vmtarget> ; # jdk/internal/net/http/HttpConnection$TrailingOperations$$Lambda+0x0000023d274bad00
instanceKlass  @bci jdk/internal/net/http/Http1Response lambda$readBody$3 (JLjava/net/http/HttpResponse$BodySubscriber;Ljava/util/concurrent/CompletableFuture;Ljdk/internal/net/http/Http1Response$ClientRefCountTracker;)V 164 <appendix> member <vmtarget> ; # jdk/internal/net/http/Http1Response$$Lambda+0x0000023d274baad8
instanceKlass  @cpi jdk/internal/net/http/Http1Response 703 form vmentry <vmtarget> ; # java/lang/invoke/LambdaForm$DMH+0x0000023d274b9c00
instanceKlass  @bci jdk/internal/net/http/ResponseContent$FixedLengthBodyParser <init> (Ljdk/internal/net/http/ResponseContent;JLjava/util/function/Consumer;)V 11 <appendix> member <vmtarget> ; # jdk/internal/net/http/ResponseContent$FixedLengthBodyParser$$Lambda+0x0000023d274ba8c0
instanceKlass jdk/internal/net/http/ResponseContent$FixedLengthBodyParser
instanceKlass  @bci jdk/internal/net/http/Http1Response lambda$readBody$3 (JLjava/net/http/HttpResponse$BodySubscriber;Ljava/util/concurrent/CompletableFuture;Ljdk/internal/net/http/Http1Response$ClientRefCountTracker;)V 93 <appendix> member <vmtarget> ; # jdk/internal/net/http/Http1Response$$Lambda+0x0000023d274ba408
instanceKlass  @bci jdk/internal/net/http/Http1Response lambda$readBody$3 (JLjava/net/http/HttpResponse$BodySubscriber;Ljava/util/concurrent/CompletableFuture;Ljdk/internal/net/http/Http1Response$ClientRefCountTracker;)V 19 <appendix> member <vmtarget> ; # jdk/internal/net/http/Http1Response$$Lambda+0x0000023d274ba1f0
instanceKlass jdk/internal/net/http/ResponseContent$BodyParser
instanceKlass jdk/internal/net/http/ResponseContent
instanceKlass  @bci jdk/internal/net/http/Http1Response readBody (Ljava/net/http/HttpResponse$BodySubscriber;ZLjava/util/concurrent/Executor;)Ljava/util/concurrent/CompletableFuture; 208 <adapter> ; # java/lang/invoke/LambdaForm$MH+0x0000023d274b9800
# instanceKlass java/lang/invoke/LambdaForm$DMH+0x0000023d274b9400
instanceKlass  @bci jdk/internal/net/http/Http1Response readBody (Ljava/net/http/HttpResponse$BodySubscriber;ZLjava/util/concurrent/Executor;)Ljava/util/concurrent/CompletableFuture; 208 <appendix> form vmentry <vmtarget> ; # java/lang/invoke/LambdaForm$DMH+0x0000023d274b9000
instanceKlass  @bci jdk/internal/net/http/Http1Response readBody (Ljava/net/http/HttpResponse$BodySubscriber;ZLjava/util/concurrent/Executor;)Ljava/util/concurrent/CompletableFuture; 208 <appendix> member <vmtarget> ; # jdk/internal/net/http/Http1Response$$Lambda+0x0000023d274bfad8
instanceKlass  @cpi jdk/internal/net/http/Http1Response 671 form vmentry <vmtarget> ; # java/lang/invoke/LambdaForm$DMH+0x0000023d274b8c00
instanceKlass jdk/internal/net/http/Http1Response$ClientRefCountTracker
instanceKlass  @bci java/util/stream/FindOps$FindSink$OfLong <clinit> ()V 43 <appendix> argL0 ; # java/util/stream/FindOps$FindSink$OfLong$$Lambda+0x0000023d27336af8
instanceKlass  @bci java/util/stream/FindOps$FindSink$OfLong <clinit> ()V 38 <appendix> argL0 ; # java/util/stream/FindOps$FindSink$OfLong$$Lambda+0x0000023d273368b8
instanceKlass  @bci java/util/stream/FindOps$FindSink$OfLong <clinit> ()V 16 <appendix> argL0 ; # java/util/stream/FindOps$FindSink$OfLong$$Lambda+0x0000023d273366a8
instanceKlass  @bci java/util/stream/FindOps$FindSink$OfLong <clinit> ()V 11 <appendix> argL0 ; # java/util/stream/FindOps$FindSink$OfLong$$Lambda+0x0000023d27336468
instanceKlass java/util/OptionalLong
instanceKlass java/util/stream/Sink$OfLong
instanceKlass java/util/function/LongConsumer
instanceKlass java/util/stream/LongStream
instanceKlass  @bci java/net/http/HttpHeaders firstValueAsLong (Ljava/lang/String;)Ljava/util/OptionalLong; 10 <appendix> argL0 ; # java/net/http/HttpHeaders$$Lambda+0x0000023d274bf6c8
instanceKlass java/util/function/ToLongFunction
instanceKlass  @bci java/net/http/HttpResponse$BodySubscribers ofString (Ljava/nio/charset/Charset;)Ljava/net/http/HttpResponse$BodySubscriber; 10 <appendix> member <vmtarget> ; # java/net/http/HttpResponse$BodySubscribers$$Lambda+0x0000023d274bf490
instanceKlass jdk/internal/net/http/ResponseSubscribers
instanceKlass jdk/internal/net/http/ResponseSubscribers$ByteArraySubscriber
instanceKlass java/net/http/HttpResponse$BodySubscribers
instanceKlass jdk/internal/net/http/ResponseInfoImpl
instanceKlass  @bci jdk/internal/net/http/Http1HeaderParser addHeaderFromString (Ljava/lang/String;)V 147 <appendix> argL0 ; # jdk/internal/net/http/Http1HeaderParser$$Lambda+0x0000023d274be970
instanceKlass  @bci jdk/internal/net/http/Exchange sendRequestBody (Ljdk/internal/net/http/ExchangeImpl;)Ljava/util/concurrent/CompletableFuture; 70 <appendix> member <vmtarget> ; # jdk/internal/net/http/Exchange$$Lambda+0x0000023d274be738
instanceKlass  @bci jdk/internal/net/http/Exchange wrapForUpgrade (Ljava/util/concurrent/CompletableFuture;)Ljava/util/concurrent/CompletableFuture; 9 <appendix> member <vmtarget> ; # jdk/internal/net/http/Exchange$$Lambda+0x0000023d274be500
instanceKlass  @bci jdk/internal/net/http/Http1Response readHeadersAsync (Ljava/util/concurrent/Executor;)Ljava/util/concurrent/CompletableFuture; 225 <appendix> member <vmtarget> ; # jdk/internal/net/http/Http1Response$$Lambda+0x0000023d274be2c8
instanceKlass  @bci jdk/internal/net/http/Exchange sendRequestBody (Ljdk/internal/net/http/ExchangeImpl;)Ljava/util/concurrent/CompletableFuture; 53 <appendix> member <vmtarget> ; # jdk/internal/net/http/Exchange$$Lambda+0x0000023d274be090
instanceKlass  @bci jdk/internal/net/http/Http1Exchange getOutgoing ()Ljdk/internal/net/http/Http1Exchange$DataPair; 245 <appendix> member <vmtarget> ; # jdk/internal/net/http/Http1Exchange$$Lambda+0x0000023d274bde78
instanceKlass  @bci jdk/internal/net/http/Http1Exchange getOutgoing ()Ljdk/internal/net/http/Http1Exchange$DataPair; 260 <appendix> member <vmtarget> ; # jdk/internal/net/http/Http1Exchange$$Lambda+0x0000023d274bdc60
instanceKlass  @bci jdk/internal/net/http/Http1Exchange sendBodyAsync ()Ljava/util/concurrent/CompletableFuture; 153 <appendix> member <vmtarget> ; # jdk/internal/net/http/Http1Exchange$$Lambda+0x0000023d274bda38
instanceKlass  @bci jdk/internal/net/http/Http1Exchange cancelIfFailed (Ljava/util/concurrent/Flow$Subscription;)V 9 <appendix> member <vmtarget> ; # jdk/internal/net/http/Http1Exchange$$Lambda+0x0000023d274bd810
instanceKlass  @bci jdk/internal/net/http/Http1Exchange sendBodyAsync ()Ljava/util/concurrent/CompletableFuture; 144 <appendix> member <vmtarget> ; # jdk/internal/net/http/Http1Exchange$$Lambda+0x0000023d274bd5e8
instanceKlass jdk/internal/net/http/RequestPublishers$IterablePublisher$ByteBufferIterator
instanceKlass jdk/internal/net/http/PullPublisher$Subscription
instanceKlass jdk/internal/net/http/PullPublisher
instanceKlass  @bci jdk/internal/net/http/RequestPublishers$IterablePublisher subscribe (Ljava/util/concurrent/Flow$Subscriber;)V 1 <appendix> member <vmtarget> ; # jdk/internal/net/http/RequestPublishers$IterablePublisher$$Lambda+0x0000023d274bcad8
instanceKlass jdk/internal/net/http/RequestPublishers
instanceKlass  @bci jdk/internal/net/http/SocketTube$InternalWriteSubscriber tryFlushCurrent (Z)V 280 <appendix> member <vmtarget> ; # jdk/internal/net/http/SocketTube$InternalWriteSubscriber$$Lambda+0x0000023d274bc6c8
instanceKlass sun/nio/ch/IOVecWrapper$Deallocator
instanceKlass sun/nio/ch/NativeObject
instanceKlass sun/nio/ch/IOVecWrapper
instanceKlass  @bci jdk/internal/net/http/Http1Exchange getOutgoing ()Ljdk/internal/net/http/Http1Exchange$DataPair; 185 <appendix> member <vmtarget> ; # jdk/internal/net/http/Http1Exchange$$Lambda+0x0000023d274bc248
instanceKlass jdk/internal/net/http/Http1Exchange$DataPair
instanceKlass java/util/Collections$UnmodifiableMap$UnmodifiableEntrySet$UnmodifiableEntry
instanceKlass java/util/Collections$UnmodifiableMap$UnmodifiableEntrySet$1
instanceKlass  @bci jdk/internal/net/http/Http1Request collectHeaders0 (Ljava/lang/StringBuilder;)V 80 <appendix> member <vmtarget> ; # jdk/internal/net/http/Http1Request$$Lambda+0x0000023d274bc000
instanceKlass  @bci jdk/internal/net/http/common/Utils CONTEXT_RESTRICTED (Ljava/net/http/HttpClient;)Ljava/util/function/BiPredicate; 1 <appendix> member <vmtarget> ; # jdk/internal/net/http/common/Utils$$Lambda+0x0000023d274b7b88
instanceKlass  @bci java/util/function/BiPredicate and (Ljava/util/function/BiPredicate;)Ljava/util/function/BiPredicate; 7 <appendix> member <vmtarget> ; # java/util/function/BiPredicate$$Lambda+0x0000023d27332eb0
instanceKlass  @bci jdk/internal/net/http/SocketTube$InternalReadPublisher$InternalReadSubscription resumeReadEvent ()V 47 <appendix> member <vmtarget> ; # jdk/internal/net/http/SocketTube$InternalReadPublisher$InternalReadSubscription$$Lambda+0x0000023d274b7960
instanceKlass  @cpi java/util/function/BiPredicate 54 form vmentry <vmtarget> ; # java/lang/invoke/LambdaForm$DMH+0x0000023d274b8800
instanceKlass  @bci jdk/internal/net/http/SocketTube$InternalWriteSubscriber startSubscription ()V 135 <appendix> member <vmtarget> ; # jdk/internal/net/http/SocketTube$InternalWriteSubscriber$$Lambda+0x0000023d274b7748
instanceKlass jdk/internal/net/http/SocketTube$InternalWriteSubscriber$WriteSubscription
instanceKlass jdk/internal/net/http/SocketTube$InternalReadPublisher$ReadSubscription
instanceKlass  @bci jdk/internal/net/http/Http1Exchange lambda$sendHeadersAsync$4 (Ljava/lang/Void;)Ljava/util/concurrent/CompletionStage; 16 <appendix> member <vmtarget> ; # jdk/internal/net/http/Http1Exchange$$Lambda+0x0000023d274b70e0
instanceKlass  @bci jdk/internal/net/http/HttpClientImpl$SelectorManager run ()V 1394 <appendix> argL0 ; # jdk/internal/net/http/HttpClientImpl$SelectorManager$$Lambda+0x0000023d274b6cd8
instanceKlass  @bci jdk/internal/net/http/HttpClientImpl$SelectorManager run ()V 1377 <appendix> member <vmtarget> ; # jdk/internal/net/http/HttpClientImpl$SelectorManager$$Lambda+0x0000023d274b6ab0
instanceKlass jdk/internal/net/http/common/Pair
instanceKlass  @bci jdk/internal/net/http/HttpClientImpl registerPending (Ljdk/internal/net/http/HttpClientImpl$PendingRequest;)V 42 <appendix> member <vmtarget> ; # jdk/internal/net/http/HttpClientImpl$$Lambda+0x0000023d274b6688
instanceKlass  @bci jdk/internal/net/http/PlainHttpConnection$ConnectEvent handle ()V 211 <appendix> argL0 ; # jdk/internal/net/http/PlainHttpConnection$ConnectEvent$$Lambda+0x0000023d274b6478
instanceKlass java/util/concurrent/atomic/Striped64$1
instanceKlass  @bci jdk/internal/net/http/HttpClientImpl$SelectorManager run ()V 1359 <appendix> member <vmtarget> ; # jdk/internal/net/http/HttpClientImpl$SelectorManager$$Lambda+0x0000023d274b6250
instanceKlass jdk/internal/net/http/HttpClientImpl$PendingRequest
instanceKlass  @bci jdk/internal/net/http/HttpClientImpl$SelectorManager run ()V 1304 <appendix> member <vmtarget> ; # jdk/internal/net/http/HttpClientImpl$SelectorManager$$Lambda+0x0000023d274b5e18
instanceKlass  @cpi jdk/internal/net/http/HttpClientImpl$SelectorManager 593 form vmentry <vmtarget> ; # java/lang/invoke/LambdaForm$DMH+0x0000023d274b8400
instanceKlass  @bci jdk/internal/net/http/HttpClientImpl sendAsync (Ljava/net/http/HttpRequest;Ljava/net/http/HttpResponse$BodyHandler;Ljava/net/http/HttpResponse$PushPromiseHandler;Ljava/util/concurrent/Executor;)Ljava/util/concurrent/CompletableFuture; 254 <appendix> member <vmtarget> ; # jdk/internal/net/http/HttpClientImpl$$Lambda+0x0000023d274b5bf0
instanceKlass  @bci jdk/internal/net/http/HttpClientImpl$SelectorManager run ()V 1289 <appendix> member <vmtarget> ; # jdk/internal/net/http/HttpClientImpl$SelectorManager$$Lambda+0x0000023d274b59c8
instanceKlass  @bci jdk/internal/net/http/HttpClientImpl$SelectorAttachment events (I)Ljava/util/stream/Stream; 10 <appendix> member <vmtarget> ; # jdk/internal/net/http/HttpClientImpl$SelectorAttachment$$Lambda+0x0000023d274b5788
instanceKlass  @bci jdk/internal/net/http/MultiExchange responseAsyncImpl ()Ljava/util/concurrent/CompletableFuture; 114 <appendix> member <vmtarget> ; # jdk/internal/net/http/MultiExchange$$Lambda+0x0000023d274b5560
instanceKlass  @cpi jdk/internal/net/http/HttpClientImpl$SelectorAttachment 242 form vmentry <vmtarget> ; # java/lang/invoke/LambdaForm$DMH+0x0000023d274b8000
instanceKlass  @bci jdk/internal/net/http/MultiExchange responseAsyncImpl ()Ljava/util/concurrent/CompletableFuture; 105 <appendix> member <vmtarget> ; # jdk/internal/net/http/MultiExchange$$Lambda+0x0000023d274b5328
instanceKlass  @bci jdk/internal/net/http/Exchange lambda$responseAsyncImpl0$8 (Ljava/util/function/Function;Ljdk/internal/net/http/ExchangeImpl;)Ljava/util/concurrent/CompletableFuture; 6 <appendix> member <vmtarget> ; # jdk/internal/net/http/Exchange$$Lambda+0x0000023d274b5100
instanceKlass java/lang/invoke/ConstantBootstraps
instanceKlass  @bci jdk/internal/net/http/Http1Exchange sendHeadersAsync ()Ljava/util/concurrent/CompletableFuture; 255 <appendix> member <vmtarget> ; # jdk/internal/net/http/Http1Exchange$$Lambda+0x0000023d274b4ec8
instanceKlass  @bci jdk/internal/net/http/Http1Exchange sendHeadersAsync ()Ljava/util/concurrent/CompletableFuture; 246 <appendix> member <vmtarget> ; # jdk/internal/net/http/Http1Exchange$$Lambda+0x0000023d274b4c90
instanceKlass  @bci jdk/internal/net/http/Http1Exchange sendHeadersAsync ()Ljava/util/concurrent/CompletableFuture; 126 <appendix> member <vmtarget> ; # jdk/internal/net/http/Http1Exchange$$Lambda+0x0000023d274b4a58
instanceKlass  @bci jdk/internal/net/http/PlainHttpConnection connectAsync (Ljdk/internal/net/http/Exchange;)Ljava/util/concurrent/CompletableFuture; 483 <appendix> member <vmtarget> ; # jdk/internal/net/http/PlainHttpConnection$$Lambda+0x0000023d274b4830
instanceKlass java/nio/channels/SelectionKey
instanceKlass  @bci jdk/internal/net/http/HttpClientImpl$SelectorAttachment <clinit> ()V 18 <appendix> member <vmtarget> ; # jdk/internal/net/http/HttpClientImpl$SelectorAttachment$$Lambda+0x0000023d274b43e0
instanceKlass jdk/internal/net/http/HttpClientImpl$SelectorAttachment
instanceKlass  @bci jdk/internal/net/http/Exchange checkCancelled (Ljava/util/concurrent/CompletableFuture;Ljdk/internal/net/http/HttpConnection;)Ljava/util/concurrent/CompletableFuture; 4 <appendix> member <vmtarget> ; # jdk/internal/net/http/Exchange$$Lambda+0x0000023d274b3f98
instanceKlass sun/net/NetHooks
instanceKlass  @bci jdk/internal/net/http/PlainHttpConnection connectAsync (Ljdk/internal/net/http/Exchange;)Ljava/util/concurrent/CompletableFuture; 281 <appendix> member <vmtarget> ; # jdk/internal/net/http/PlainHttpConnection$$Lambda+0x0000023d274b3d80
instanceKlass  @bci jdk/internal/net/http/MultiExchange remainingConnectTimeout ()Ljava/util/Optional; 7 <appendix> argL0 ; # jdk/internal/net/http/MultiExchange$$Lambda+0x0000023d274b3b50
instanceKlass  @bci jdk/internal/net/http/common/Demand increase (J)Z 25 <appendix> argL0 ; # jdk/internal/net/http/common/Demand$$Lambda+0x0000023d274b3940
instanceKlass java/util/function/LongBinaryOperator
instanceKlass  @bci jdk/internal/net/http/Http1AsyncReceiver handlePendingDelegate ()Z 50 <appendix> member <vmtarget> ; # jdk/internal/net/http/Http1AsyncReceiver$$Lambda+0x0000023d274b3728
instanceKlass  @bci jdk/internal/net/http/Http1AsyncReceiver handlePendingDelegate ()Z 42 <appendix> member <vmtarget> ; # jdk/internal/net/http/Http1AsyncReceiver$$Lambda+0x0000023d274b3500
instanceKlass jdk/internal/net/http/Http1HeaderParser
instanceKlass  @bci jdk/internal/net/http/Http1Response <init> (Ljdk/internal/net/http/HttpConnection;Ljdk/internal/net/http/Http1Exchange;Ljdk/internal/net/http/Http1AsyncReceiver;)V 97 <appendix> member <vmtarget> ; # jdk/internal/net/http/Http1Response$$Lambda+0x0000023d274b2c90
instanceKlass  @bci jdk/internal/net/http/Http1Response <init> (Ljdk/internal/net/http/HttpConnection;Ljdk/internal/net/http/Http1Exchange;Ljdk/internal/net/http/Http1AsyncReceiver;)V 79 <appendix> member <vmtarget> ; # jdk/internal/net/http/Http1Response$$Lambda+0x0000023d274b2a68
instanceKlass  @bci jdk/internal/net/http/Http1Response <init> (Ljdk/internal/net/http/HttpConnection;Ljdk/internal/net/http/Http1Exchange;Ljdk/internal/net/http/Http1AsyncReceiver;)V 13 <appendix> member <vmtarget> ; # jdk/internal/net/http/Http1Response$$Lambda+0x0000023d274b2850
instanceKlass jdk/internal/net/http/Http1Response$Receiver
instanceKlass jdk/internal/net/http/Http1AsyncReceiver$Http1AsyncDelegate
instanceKlass jdk/internal/net/http/Http1Response
instanceKlass  @bci jdk/internal/net/http/Exchange responseAsyncImpl0 (Ljdk/internal/net/http/HttpConnection;)Ljava/util/concurrent/CompletableFuture; 70 <appendix> member <vmtarget> ; # jdk/internal/net/http/Exchange$$Lambda+0x0000023d274b1638
instanceKlass  @bci jdk/internal/net/http/Exchange establishExchange (Ljdk/internal/net/http/HttpConnection;)Ljava/util/concurrent/CompletableFuture; 152 <appendix> member <vmtarget> ; # jdk/internal/net/http/Exchange$$Lambda+0x0000023d274b1400
instanceKlass  @bci jdk/internal/net/http/Exchange establishExchange (Ljdk/internal/net/http/HttpConnection;)Ljava/util/concurrent/CompletableFuture; 135 <appendix> member <vmtarget> ; # jdk/internal/net/http/Exchange$$Lambda+0x0000023d274b11d8
instanceKlass  @bci jdk/internal/net/http/ExchangeImpl get (Ljdk/internal/net/http/Exchange;Ljdk/internal/net/http/HttpConnection;)Ljava/util/concurrent/CompletableFuture; 95 <appendix> argL0 ; # jdk/internal/net/http/ExchangeImpl$$Lambda+0x0000023d274b0fa8
instanceKlass  @bci jdk/internal/net/http/ExchangeImpl createExchangeImpl (Ljdk/internal/net/http/Http2Connection;Ljava/lang/Throwable;Ljdk/internal/net/http/Exchange;Ljdk/internal/net/http/HttpConnection;)Ljava/util/concurrent/CompletableFuture; 234 <appendix> member <vmtarget> ; # jdk/internal/net/http/ExchangeImpl$$Lambda+0x0000023d274b0d70
instanceKlass jdk/internal/net/http/Http1AsyncReceiver$Http1TubeSubscriber
instanceKlass  @bci jdk/internal/net/http/Http1AsyncReceiver <init> (Ljava/util/concurrent/Executor;Ljdk/internal/net/http/Http1Exchange;)V 33 <appendix> member <vmtarget> ; # jdk/internal/net/http/Http1AsyncReceiver$$Lambda+0x0000023d274b08e0
instanceKlass  @bci jdk/internal/net/http/Http1AsyncReceiver <init> (Ljava/util/concurrent/Executor;Ljdk/internal/net/http/Http1Exchange;)V 6 <appendix> member <vmtarget> ; # jdk/internal/net/http/Http1AsyncReceiver$$Lambda+0x0000023d274b06c8
instanceKlass jdk/internal/net/http/AbstractSubscription
instanceKlass jdk/internal/net/http/Http1AsyncReceiver
instanceKlass  @bci jdk/internal/net/http/Http1Request <init> (Ljdk/internal/net/http/HttpRequestImpl;Ljdk/internal/net/http/Http1Exchange;)V 6 <appendix> member <vmtarget> ; # jdk/internal/net/http/Http1Request$$Lambda+0x0000023d274abc90
instanceKlass  @bci jdk/internal/net/http/Http1Request <clinit> ()V 0 <appendix> argL0 ; # jdk/internal/net/http/Http1Request$$Lambda+0x0000023d274aba50
instanceKlass jdk/internal/net/http/Http1Exchange$Http1RequestBodySubscriber
instanceKlass jdk/internal/net/http/Http1Request
instanceKlass  @bci jdk/internal/net/http/SocketTube$InternalWriteSubscriber <init> (Ljdk/internal/net/http/SocketTube;)V 21 <appendix> member <vmtarget> ; # jdk/internal/net/http/SocketTube$InternalWriteSubscriber$$Lambda+0x0000023d274aaf08
instanceKlass  @bci jdk/internal/net/http/SocketTube$InternalWriteSubscriber <init> (Ljdk/internal/net/http/SocketTube;)V 15 <appendix> member <vmtarget> ; # jdk/internal/net/http/SocketTube$InternalWriteSubscriber$$Lambda+0x0000023d274aace0
instanceKlass jdk/internal/net/http/SocketTube$InternalWriteSubscriber
instanceKlass  @bci jdk/internal/net/http/SocketTube$InternalReadPublisher$InternalReadSubscription <init> (Ljdk/internal/net/http/SocketTube$InternalReadPublisher;)V 56 <appendix> member <vmtarget> ; # jdk/internal/net/http/SocketTube$InternalReadPublisher$InternalReadSubscription$$Lambda+0x0000023d274aa658
instanceKlass  @bci jdk/internal/net/http/SocketTube$InternalReadPublisher$InternalReadSubscription <init> (Ljdk/internal/net/http/SocketTube$InternalReadPublisher;)V 50 <appendix> member <vmtarget> ; # jdk/internal/net/http/SocketTube$InternalReadPublisher$InternalReadSubscription$$Lambda+0x0000023d274aa430
instanceKlass  @bci jdk/internal/net/http/SocketTube$InternalReadPublisher$InternalReadSubscription <init> (Ljdk/internal/net/http/SocketTube$InternalReadPublisher;)V 30 <appendix> member <vmtarget> ; # jdk/internal/net/http/SocketTube$InternalReadPublisher$InternalReadSubscription$$Lambda+0x0000023d274aa218
instanceKlass jdk/internal/net/http/SocketTube$SocketFlowTask
instanceKlass jdk/internal/net/http/SocketTube$InternalReadPublisher$InternalReadSubscription
instanceKlass jdk/internal/net/http/SocketTube$InternalReadPublisher
instanceKlass jdk/internal/net/http/SocketTube$SliceBufferSource
instanceKlass jdk/internal/net/http/SocketTube$BufferSource
instanceKlass  @bci jdk/internal/net/http/SocketTube <init> (Ljdk/internal/net/http/HttpClientImpl;Ljava/nio/channels/SocketChannel;Ljava/util/function/Supplier;)V 6 <appendix> member <vmtarget> ; # jdk/internal/net/http/SocketTube$$Lambda+0x0000023d274af050
instanceKlass  @bci jdk/internal/net/http/PlainHttpConnection <init> (Ljava/net/InetSocketAddress;Ljdk/internal/net/http/HttpClientImpl;)V 243 <appendix> argL0 ; # jdk/internal/net/http/PlainHttpConnection$$Lambda+0x0000023d274aee40
instanceKlass jdk/internal/net/http/SocketTube
instanceKlass sun/nio/ch/OptionKey
instanceKlass sun/nio/ch/SocketOptionRegistry$LazyInitialization
instanceKlass sun/nio/ch/SocketOptionRegistry$RegistryKey
instanceKlass sun/nio/ch/SocketOptionRegistry
instanceKlass sun/nio/ch/ExtendedSocketOption$1
instanceKlass sun/nio/ch/ExtendedSocketOption
instanceKlass sun/nio/ch/SocketChannelImpl$DefaultOptionsHolder
instanceKlass java/net/StandardSocketOptions$StdSocketOption
instanceKlass java/net/StandardSocketOptions
instanceKlass  @bci jdk/internal/net/http/HttpConnection$PlainHttpPublisher <init> (Ljdk/internal/net/http/HttpConnection;Ljava/lang/Object;)V 37 <appendix> member <vmtarget> ; # jdk/internal/net/http/HttpConnection$PlainHttpPublisher$$Lambda+0x0000023d274ae750
instanceKlass jdk/internal/net/http/HttpConnection$PlainHttpPublisher
instanceKlass jdk/internal/net/http/HttpConnection$TrailingOperations
instanceKlass  @bci jdk/internal/net/http/HttpConnection <init> (Ljava/net/InetSocketAddress;Ljdk/internal/net/http/HttpClientImpl;)V 6 <appendix> member <vmtarget> ; # jdk/internal/net/http/HttpConnection$$Lambda+0x0000023d274ae0e8
instanceKlass jdk/internal/net/http/common/FlowTube
instanceKlass jdk/internal/net/http/AsyncEvent
instanceKlass jdk/internal/net/http/HttpConnection$HttpPublisher
instanceKlass jdk/internal/net/http/ConnectionPool$CacheKey
instanceKlass jdk/internal/net/http/common/SequentialScheduler$SchedulableTask
instanceKlass jdk/internal/net/http/common/SequentialScheduler$CompleteRestartableTask
instanceKlass jdk/internal/net/http/common/SequentialScheduler$DeferredCompleter
instanceKlass jdk/internal/net/http/common/SequentialScheduler$RestartableTask
instanceKlass jdk/internal/net/http/common/SequentialScheduler
instanceKlass jdk/internal/net/http/Http1Exchange$Http1Publisher$WriteTask
instanceKlass jdk/internal/net/http/common/Demand
instanceKlass jdk/internal/net/http/Http1Exchange$Http1Publisher$Http1WriteSubscription
instanceKlass  @bci jdk/internal/net/http/Http1Exchange$Http1Publisher <init> (Ljdk/internal/net/http/Http1Exchange;)V 11 <appendix> member <vmtarget> ; # jdk/internal/net/http/Http1Exchange$Http1Publisher$$Lambda+0x0000023d274a39b0
instanceKlass jdk/internal/net/http/Http1Exchange$Http1Publisher
instanceKlass  @bci jdk/internal/net/http/Http1Exchange <init> (Ljdk/internal/net/http/Exchange;Ljdk/internal/net/http/HttpConnection;)V 7 <appendix> member <vmtarget> ; # jdk/internal/net/http/Http1Exchange$$Lambda+0x0000023d274a3570
instanceKlass  @bci jdk/internal/net/http/ExchangeImpl get (Ljdk/internal/net/http/Exchange;Ljdk/internal/net/http/HttpConnection;)Ljava/util/concurrent/CompletableFuture; 83 <appendix> member <vmtarget> ; # jdk/internal/net/http/ExchangeImpl$$Lambda+0x0000023d274a2d18
instanceKlass  @bci jdk/internal/net/http/Http2Connection keyString (ZLjava/net/InetSocketAddress;Ljava/lang/String;I)Ljava/lang/String; 79 <appendix> form vmentry <vmtarget> ; # java/lang/invoke/LambdaForm$MH+0x0000023d274a9c00
# instanceKlass java/lang/invoke/LambdaForm$MH+0x0000023d274a9800
instanceKlass  @bci jdk/internal/net/http/Http2Connection keyString (ZLjava/net/InetSocketAddress;Ljava/lang/String;I)Ljava/lang/String; 79 <appendix> form names 8 function resolvedHandle form vmentry <vmtarget> ; # java/lang/invoke/LambdaForm$DMH+0x0000023d274a9400
instanceKlass  @bci jdk/internal/net/http/Http2Connection keyString (ZLjava/net/InetSocketAddress;Ljava/lang/String;I)Ljava/lang/String; 79 <appendix> argL3 form vmentry <vmtarget> ; # java/lang/invoke/LambdaForm$MH+0x0000023d274a9000
# instanceKlass java/lang/invoke/LambdaForm$MH+0x0000023d274a8c00
# instanceKlass java/lang/invoke/LambdaForm$MH+0x0000023d274a8800
# instanceKlass java/lang/invoke/LambdaForm$MH+0x0000023d274a8400
# instanceKlass java/lang/invoke/LambdaForm$MH+0x0000023d274a8000
instanceKlass  @bci jdk/internal/net/http/Http2Connection keyString (ZLjava/net/InetSocketAddress;Ljava/lang/String;I)Ljava/lang/String; 79 <appendix> form names 12 function resolvedHandle form vmentry <vmtarget> ; # java/lang/invoke/LambdaForm$DMH+0x0000023d274a1c00
instanceKlass  @bci jdk/internal/net/http/Http2Connection keyString (ZLjava/net/InetSocketAddress;Ljava/lang/String;I)Ljava/lang/String; 79 <appendix> argL1 form vmentry <vmtarget> ; # java/lang/invoke/LambdaForm$MH+0x0000023d274a1800
# instanceKlass java/lang/invoke/LambdaForm$MH+0x0000023d274a1400
# instanceKlass java/lang/invoke/LambdaForm$MH+0x0000023d274a1000
# instanceKlass java/lang/invoke/LambdaForm$MH+0x0000023d274a0c00
instanceKlass java/net/InetSocketAddress$InetSocketAddressHolder
instanceKlass  @bci jdk/internal/net/http/HttpRequestImpl getAddress ()Ljava/net/InetSocketAddress; 64 <appendix> member <vmtarget> ; # jdk/internal/net/http/HttpRequestImpl$$Lambda+0x0000023d274a2b00
instanceKlass  @bci jdk/internal/net/http/Http2Connection <clinit> ()V 19 <appendix> member <vmtarget> ; # jdk/internal/net/http/Http2Connection$$Lambda+0x0000023d274a28e8
instanceKlass java/lang/foreign/MemorySegment
instanceKlass jdk/internal/net/http/hpack/DecodingCallback
instanceKlass jdk/internal/net/http/frame/Http2Frame
instanceKlass jdk/internal/net/http/Http2Connection
instanceKlass  @bci jdk/internal/net/http/ExchangeImpl <clinit> ()V 2 <appendix> member <vmtarget> ; # jdk/internal/net/http/ExchangeImpl$$Lambda+0x0000023d274a5e08
instanceKlass  @bci jdk/internal/net/http/Exchange responseAsyncImpl0 (Ljdk/internal/net/http/HttpConnection;)Ljava/util/concurrent/CompletableFuture; 57 <appendix> member <vmtarget> ; # jdk/internal/net/http/Exchange$$Lambda+0x0000023d274a5bd0
instanceKlass  @bci jdk/internal/net/http/Exchange responseAsyncImpl0 (Ljdk/internal/net/http/HttpConnection;)Ljava/util/concurrent/CompletableFuture; 49 <appendix> member <vmtarget> ; # jdk/internal/net/http/Exchange$$Lambda+0x0000023d274a5998
instanceKlass jdk/internal/net/http/AuthenticationFilter$Cache
instanceKlass  @bci jdk/internal/net/http/MultiExchange responseAsync (Ljava/util/concurrent/Executor;)Ljava/util/concurrent/CompletableFuture; 23 <appendix> argL0 ; # jdk/internal/net/http/MultiExchange$$Lambda+0x0000023d274a5588
instanceKlass  @bci jdk/internal/net/http/MultiExchange responseAsync0 (Ljava/util/concurrent/CompletableFuture;)Ljava/util/concurrent/CompletableFuture; 20 <appendix> member <vmtarget> ; # jdk/internal/net/http/MultiExchange$$Lambda+0x0000023d274a5350
instanceKlass  @bci jdk/internal/net/http/MultiExchange responseAsync0 (Ljava/util/concurrent/CompletableFuture;)Ljava/util/concurrent/CompletableFuture; 11 <appendix> member <vmtarget> ; # jdk/internal/net/http/MultiExchange$$Lambda+0x0000023d274a5118
instanceKlass jdk/internal/net/http/Response
instanceKlass java/util/concurrent/ForkJoinTask$Aux
instanceKlass  @bci jdk/internal/net/http/MultiExchange responseAsync0 (Ljava/util/concurrent/CompletableFuture;)Ljava/util/concurrent/CompletableFuture; 2 <appendix> member <vmtarget> ; # jdk/internal/net/http/MultiExchange$$Lambda+0x0000023d274a4cb8
instanceKlass jdk/internal/net/http/MultiExchange$CancelableRef
instanceKlass jdk/internal/net/http/Exchange$ConnectionAborter
instanceKlass  @bci jdk/internal/net/http/Exchange <init> (Ljdk/internal/net/http/HttpRequestImpl;Ljdk/internal/net/http/MultiExchange;)V 6 <appendix> member <vmtarget> ; # jdk/internal/net/http/Exchange$$Lambda+0x0000023d274a4688
instanceKlass jdk/internal/net/http/ExchangeImpl
instanceKlass jdk/internal/net/http/Exchange
instanceKlass  @bci jdk/internal/net/http/MultiExchange <init> (Ljava/net/http/HttpRequest;Ljdk/internal/net/http/HttpRequestImpl;Ljdk/internal/net/http/HttpClientImpl;Ljava/net/http/HttpResponse$BodyHandler;Ljava/net/http/HttpResponse$PushPromiseHandler;Ljava/security/AccessControlContext;)V 173 <appendix> argL0 ; # jdk/internal/net/http/MultiExchange$$Lambda+0x0000023d2734baa0
instanceKlass jdk/internal/net/http/MultiExchange$ConnectTimeoutTracker
instanceKlass java/util/Base64$Encoder
instanceKlass java/util/Base64
instanceKlass  @bci jdk/internal/net/http/MultiExchange <clinit> ()V 19 <appendix> member <vmtarget> ; # jdk/internal/net/http/MultiExchange$$Lambda+0x0000023d2734b688
instanceKlass jdk/internal/net/http/TimeoutEvent
instanceKlass jdk/internal/net/http/MultiExchange
instanceKlass jdk/internal/net/http/common/Cancelable
instanceKlass sun/net/spi/DefaultProxySelector$3
instanceKlass sun/net/spi/DefaultProxySelector$NonProxyInfo
instanceKlass  @bci jdk/internal/net/http/HttpRequestImpl userAgent ()Ljava/lang/String; 0 <appendix> argL0 ; # jdk/internal/net/http/HttpRequestImpl$$Lambda+0x0000023d2734abb0
instanceKlass  @bci java/net/http/HttpResponse$BodyHandlers ofString (Ljava/nio/charset/Charset;)Ljava/net/http/HttpResponse$BodyHandler; 6 <appendix> member <vmtarget> ; # java/net/http/HttpResponse$BodyHandlers$$Lambda+0x0000023d2734a998
instanceKlass java/net/http/HttpResponse$ResponseInfo
instanceKlass java/net/http/HttpResponse$BodyHandler
instanceKlass java/net/http/HttpResponse$BodyHandlers
instanceKlass  @bci java/net/http/HttpHeaders lambda$headersOf$1 (Ljava/util/function/BiPredicate;Ljava/util/ArrayList;Ljava/util/TreeMap;Ljava/util/TreeSet;Ljava/lang/String;Ljava/util/List;)V 47 <appendix> member <vmtarget> ; # java/net/http/HttpHeaders$$Lambda+0x0000023d2734a198
instanceKlass  @bci java/net/http/HttpHeaders headersOf (Ljava/util/Map;Ljava/util/function/BiPredicate;)Ljava/net/http/HttpHeaders; 37 <appendix> member <vmtarget> ; # java/net/http/HttpHeaders$$Lambda+0x0000023d27349f70
instanceKlass java/net/http/HttpHeaders
instanceKlass jdk/internal/net/http/RequestPublishers$IterablePublisher
instanceKlass java/net/http/HttpRequest$BodyPublishers
instanceKlass  @bci jdk/internal/net/http/common/HttpHeadersBuilder addHeader (Ljava/lang/String;Ljava/lang/String;)V 5 <appendix> argL0 ; # jdk/internal/net/http/common/HttpHeadersBuilder$$Lambda+0x0000023d27349700
instanceKlass jdk/internal/net/http/common/HttpHeadersBuilder
instanceKlass jdk/internal/net/http/HttpRequestBuilderImpl
instanceKlass java/net/http/HttpRequest$Builder
instanceKlass  @bci org/fxmisc/flowless/Navigator cropToNeighborhoodOf (ID)V 72 <appendix> member <vmtarget> ; # org/fxmisc/flowless/Navigator$$Lambda+0x0000023d2749d318
instanceKlass  @bci org/fxmisc/flowless/Navigator cropToNeighborhoodOf (ID)V 43 <appendix> form vmentry <vmtarget> ; # java/lang/invoke/LambdaForm$DMH+0x0000023d274a0800
instanceKlass  @bci org/fxmisc/flowless/Navigator cropToNeighborhoodOf (ID)V 43 <appendix> member <vmtarget> ; # org/fxmisc/flowless/Navigator$$Lambda+0x0000023d2749d0e8
instanceKlass  @cpi org/fxmisc/flowless/Navigator 409 form vmentry <vmtarget> ; # java/lang/invoke/LambdaForm$DMH+0x0000023d274a0400
instanceKlass  @bci org/fxmisc/flowless/CellPositioner getCellIfVisible (I)Ljava/util/Optional; 8 <appendix> argL0 ; # org/fxmisc/flowless/CellPositioner$$Lambda+0x0000023d2749cea8
instanceKlass org/fxmisc/flowless/Offset
instanceKlass org/fxmisc/flowless/MinDistanceTo
instanceKlass com/sun/javafx/geometry/BoundsUtils
instanceKlass jdk/internal/util/regex/Grapheme
instanceKlass java/text/BreakIterator$BreakIteratorCache
instanceKlass sun/util/locale/provider/BreakIteratorProviderImpl$CharacterIteratorCharSequence
instanceKlass java/text/StringCharacterIterator
instanceKlass java/util/zip/Deflater$DeflaterZStreamRef
instanceKlass sun/util/resources/provider/NonBaseLocaleDataMetaInfo
instanceKlass java/util/zip/Deflater
instanceKlass  @bci sun/util/locale/provider/JRELocaleProviderAdapter createSupportedLocaleString (Ljava/lang/String;)Ljava/lang/String; 6 <appendix> member <vmtarget> ; # sun/util/locale/provider/JRELocaleProviderAdapter$$Lambda+0x0000023d2732cda0
instanceKlass sun/util/locale/provider/BaseLocaleDataMetaInfo
instanceKlass  @bci sun/util/locale/provider/JRELocaleProviderAdapter getBreakIteratorProvider ()Ljava/text/spi/BreakIteratorProvider; 8 <appendix> member <vmtarget> ; # sun/util/locale/provider/JRELocaleProviderAdapter$$Lambda+0x0000023d2732bf58
instanceKlass java/text/BreakIterator
instanceKlass com/sun/imageio/plugins/png/CRC
instanceKlass javax/imageio/IIOImage
instanceKlass com/sun/imageio/plugins/png/RowFilter
instanceKlass javax/imageio/ImageIO$ImageWriterIterator
instanceKlass javax/imageio/ImageIO$CanEncodeImageAndFormatFilter
instanceKlass  @bci org/reactfx/InputHandlerBuilder lambda$null$1 (Ljava/util/function/Consumer;Ljava/util/function/BiFunction;Ljava/lang/Object;)V 3 <appendix> member <vmtarget> ; # org/reactfx/InputHandlerBuilder$$Lambda+0x0000023d2749c630
instanceKlass  @bci com/sun/imageio/stream/StreamCloser addToQueue (Lcom/sun/imageio/stream/StreamCloser$CloseAction;)V 45 <appendix> member <vmtarget> ; # com/sun/imageio/stream/StreamCloser$$Lambda+0x0000023d2732a480
instanceKlass  @bci org/reactfx/DefaultEventStream observeInputs ()Lorg/reactfx/Subscription; 23 <appendix> member <vmtarget> ; # org/reactfx/DefaultEventStream$$Lambda+0x0000023d2749c408
instanceKlass com/sun/imageio/stream/StreamCloser$1
instanceKlass com/sun/imageio/stream/StreamCloser$CloseAction
instanceKlass com/sun/imageio/stream/StreamCloser
instanceKlass  @bci org/reactfx/EventStreams$18 observeInputs ()Lorg/reactfx/Subscription; 42 <appendix> member <vmtarget> ; # org/reactfx/EventStreams$18$$Lambda+0x0000023d2749c1e0
instanceKlass  @cpi org/reactfx/EventStreams$18 67 form vmentry <vmtarget> ; # java/lang/invoke/LambdaForm$DMH+0x0000023d274a0000
instanceKlass  @bci org/reactfx/EventStreams$1 observeInputs ()Lorg/reactfx/Subscription; 22 <appendix> member <vmtarget> ; # org/reactfx/EventStreams$1$$Lambda+0x0000023d2749bfb8
instanceKlass  @bci org/reactfx/EventStreams$1 observeInputs ()Lorg/reactfx/Subscription; 1 <appendix> member <vmtarget> ; # org/reactfx/EventStreams$1$$Lambda+0x0000023d2749bda0
instanceKlass  @bci org/reactfx/EventStreams$21 lambda$observeInputs$0 (Lorg/reactfx/EventStream;)Lorg/reactfx/Subscription; 2 <appendix> member <vmtarget> ; # org/reactfx/EventStreams$21$$Lambda+0x0000023d2749bb78
instanceKlass  @bci org/reactfx/EventStreams$21 observeInputs ()Lorg/reactfx/Subscription; 1 <appendix> member <vmtarget> ; # org/reactfx/EventStreams$21$$Lambda+0x0000023d2749b940
instanceKlass sun/nio/fs/WindowsChannelFactory$2
instanceKlass  @bci org/reactfx/EventStreams$18 observeInputs ()Lorg/reactfx/Subscription; 20 <appendix> member <vmtarget> ; # org/reactfx/EventStreams$18$$Lambda+0x0000023d2749b718
instanceKlass  @bci org/reactfx/InputHandlerBuilder lambda$null$2 (Lorg/reactfx/EventStream;Ljava/util/function/Consumer;Ljava/util/function/BiFunction;)Lorg/reactfx/Subscription; 3 <appendix> member <vmtarget> ; # org/reactfx/InputHandlerBuilder$$Lambda+0x0000023d2749b4f0
instanceKlass  @bci org/reactfx/Subscription multi (Ljava/util/function/Function;[Ljava/lang/Object;)Lorg/reactfx/Subscription; 10 <appendix> argL0 ; # org/reactfx/Subscription$$Lambda+0x0000023d2749b2e0
instanceKlass  @bci org/reactfx/StateStream observeInputs ()Lorg/reactfx/Subscription; 0 <appendix> argL0 ; # org/reactfx/StateStream$$Lambda+0x0000023d2749b0b0
instanceKlass  @bci org/reactfx/InputHandlerBuilder lambda$new$3 (Lorg/reactfx/EventStream;Ljava/util/function/BiFunction;Ljava/util/function/Consumer;)Lorg/reactfx/InputHandler; 3 <appendix> member <vmtarget> ; # org/reactfx/InputHandlerBuilder$$Lambda+0x0000023d2749ae98
instanceKlass java/nio/file/TempFileHelper
instanceKlass  @bci org/reactfx/StateStream lambda$new$0 (Lorg/reactfx/TransitionBuilder;)Lorg/reactfx/InputHandler; 2 <appendix> member <vmtarget> ; # org/reactfx/StateStream$$Lambda+0x0000023d2749ac70
instanceKlass  @bci org/reactfx/StateStream <init> (Ljava/lang/Object;Lorg/reactfx/util/LL;)V 20 <appendix> argL0 ; # org/reactfx/StateStream$$Lambda+0x0000023d2749aa60
instanceKlass  @bci org/reactfx/StateStream <init> (Ljava/lang/Object;Lorg/reactfx/util/LL;)V 10 <appendix> member <vmtarget> ; # org/reactfx/StateStream$$Lambda+0x0000023d2749a828
instanceKlass org/reactfx/util/LL$Cons$1
instanceKlass org/reactfx/util/LL$1
instanceKlass  @bci org/fxmisc/richtext/CaretNode booleanPulse (Ljavafx/util/Duration;Lorg/reactfx/EventStream;)Lorg/reactfx/EventStream; 52 <appendix> argL0 ; # org/fxmisc/richtext/CaretNode$$Lambda+0x0000023d27499878
instanceKlass org/reactfx/ObservableStateBuilderImpl
instanceKlass  @bci org/reactfx/InputHandlerBuilder <init> (Lorg/reactfx/EventStream;Ljava/util/function/BiFunction;)V 7 <appendix> member <vmtarget> ; # org/reactfx/InputHandlerBuilder$$Lambda+0x0000023d27499400
instanceKlass org/reactfx/InputHandler
instanceKlass org/reactfx/InputHandlerBuilder
instanceKlass  @bci org/fxmisc/richtext/CaretNode booleanPulse (Ljavafx/util/Duration;Lorg/reactfx/EventStream;)Lorg/reactfx/EventStream; 36 <appendix> argL0 ; # org/fxmisc/richtext/CaretNode$$Lambda+0x0000023d27498be0
instanceKlass org/reactfx/StateMachine$StatefulStreamBuilder
instanceKlass org/reactfx/StateMachine$ObservableStateBuilder
instanceKlass org/reactfx/util/LL
instanceKlass org/reactfx/ObservableStateBuilderOnImpl
instanceKlass org/reactfx/StateMachine$ObservableStateBuilderOn
instanceKlass org/reactfx/InitialStateImpl
instanceKlass org/reactfx/StateMachine$InitialState
instanceKlass org/reactfx/StateMachine
instanceKlass  @bci org/reactfx/EventStreams$18 <init> (Ljava/time/Duration;Lorg/reactfx/EventStream;)V 20 <appendix> member <vmtarget> ; # org/reactfx/EventStreams$18$$Lambda+0x0000023d27497818
instanceKlass com/sun/javafx/image/impl/BaseByteToIntConverter
instanceKlass com/sun/javafx/image/ByteToIntPixelConverter
instanceKlass javafx/embed/swing/SwingFXUtils$1
instanceKlass com/sun/javafx/scene/traversal/ContainerTabOrder$1
instanceKlass javafx/scene/image/Image$2
instanceKlass  @bci controller/ScanFromController/scanFormController recognizeText ()V 103 <adapter> ; # java/lang/invoke/LambdaForm$MH+0x0000023d27494c00
# instanceKlass java/lang/invoke/LambdaForm$DMH+0x0000023d27494800
instanceKlass  @bci controller/ScanFromController/scanFormController recognizeText ()V 103 <appendix> form vmentry <vmtarget> ; # java/lang/invoke/LambdaForm$DMH+0x0000023d27494400
instanceKlass  @bci controller/ScanFromController/scanFormController recognizeText ()V 103 <appendix> member <vmtarget> ; # controller/ScanFromController/scanFormController$$Lambda+0x0000023d27496000
instanceKlass  @cpi controller/ScanFromController/scanFormController 2158 form vmentry <vmtarget> ; # java/lang/invoke/LambdaForm$DMH+0x0000023d27494000
instanceKlass  @bci javafx/scene/Node$9 invalidated ()V 56 <appendix> argL0 ; # javafx/scene/Node$9$$Lambda+0x0000023d27493bd0
instanceKlass org/fxmisc/richtext/CaretSelectionBindImpl$1
instanceKlass  @bci org/fxmisc/richtext/model/GenericEditableStyledDocumentBase setStyle (IILjava/lang/Object;)V 16 <appendix> member <vmtarget> ; # org/fxmisc/richtext/model/GenericEditableStyledDocumentBase$$Lambda+0x0000023d274937c0
instanceKlass  @bci org/fxmisc/richtext/model/GenericEditableStyledDocumentBase lambda$setStyle$3 (Ljava/lang/Object;Lorg/fxmisc/richtext/model/ReadOnlyStyledDocument;)Lorg/fxmisc/richtext/model/ReadOnlyStyledDocument; 2 <appendix> member <vmtarget> ; # org/fxmisc/richtext/model/GenericEditableStyledDocumentBase$$Lambda+0x0000023d27493570
instanceKlass  @bci org/fxmisc/richtext/model/GenericEditableStyledDocumentBase setStyle (IILjava/lang/Object;)V 7 <appendix> member <vmtarget> ; # org/fxmisc/richtext/model/GenericEditableStyledDocumentBase$$Lambda+0x0000023d27493320
instanceKlass org/fxmisc/undo/impl/RevisionedChange
instanceKlass com/sun/javafx/collections/VetoableListDecorator$VetoableSubListDecorator
instanceKlass  @bci org/fxmisc/richtext/util/SubscribeableContentsObsSet removeSubscriber (Ljava/util/function/Function;)V 92 <appendix> member <vmtarget> ; # org/fxmisc/richtext/util/SubscribeableContentsObsSet$$Lambda+0x0000023d274928f8
instanceKlass  @bci org/fxmisc/richtext/ParagraphText dispose ()V 73 <appendix> argL0 ; # org/fxmisc/richtext/ParagraphText$$Lambda+0x0000023d274926d8
instanceKlass  @bci org/fxmisc/richtext/ParagraphText dispose ()V 63 <appendix> argL0 ; # org/fxmisc/richtext/ParagraphText$$Lambda+0x0000023d274924a8
instanceKlass  @bci org/fxmisc/richtext/ParagraphText dispose ()V 53 <appendix> argL0 ; # org/fxmisc/richtext/ParagraphText$$Lambda+0x0000023d27492268
instanceKlass jdk/internal/icu/util/CodePointTrie$Data
instanceKlass jdk/internal/icu/util/CodePointMap
instanceKlass jdk/internal/icu/util/VersionInfo
instanceKlass jdk/internal/icu/impl/NormalizerImpl$IsAcceptable
instanceKlass jdk/internal/icu/impl/NormalizerImpl
instanceKlass jdk/internal/icu/impl/Norm2AllModes$Norm2AllModesSingleton
instanceKlass jdk/internal/icu/impl/Norm2AllModes$NFCSingleton
instanceKlass jdk/internal/icu/impl/Norm2AllModes
instanceKlass jdk/internal/icu/text/Normalizer2
instanceKlass jdk/internal/icu/text/NormalizerBase$ModeImpl
instanceKlass jdk/internal/icu/text/NormalizerBase$NFCModeImpl
instanceKlass jdk/internal/icu/text/NormalizerBase$1
instanceKlass jdk/internal/icu/text/NormalizerBase$Mode
instanceKlass jdk/internal/icu/text/NormalizerBase
instanceKlass java/text/Normalizer
instanceKlass  @bci java/util/regex/Pattern union (Ljava/util/regex/Pattern$CharPredicate;Ljava/util/regex/Pattern$CharPredicate;Z)Ljava/util/regex/Pattern$CharPredicate; 14 <appendix> member <vmtarget> ; # java/util/regex/Pattern$$Lambda+0x0000023d27323c60
instanceKlass  @bci java/util/regex/CharPredicates category (I)Ljava/util/regex/Pattern$CharPredicate; 1 <appendix> member <vmtarget> ; # java/util/regex/CharPredicates$$Lambda+0x0000023d27323a10
instanceKlass util/SearchTextUtils
instanceKlass com/sun/javafx/geom/DirtyRegionPool$PoolItem
instanceKlass java/lang/FdLibm$Atan2
instanceKlass com/sun/prism/shader/Texture_LinearGradient_PAD_Loader
instanceKlass com/sun/prism/impl/ps/PaintHelper
instanceKlass com/sun/prism/paint/Stop
instanceKlass com/sun/glass/ui/EventLoop
instanceKlass com/sun/javafx/scene/KeyboardShortcutsHandler$CopyOnWriteMap$1$1
instanceKlass  @bci javafx/scene/control/skin/ButtonBarSkin <init> (Ljavafx/scene/control/ButtonBar;)V 123 <appendix> member <vmtarget> ; # javafx/scene/control/skin/ButtonBarSkin$$Lambda+0x0000023d2748f1b8
instanceKlass  @bci javafx/scene/control/skin/ButtonBarSkin <init> (Ljavafx/scene/control/ButtonBar;)V 108 <appendix> member <vmtarget> ; # javafx/scene/control/skin/ButtonBarSkin$$Lambda+0x0000023d2748ef90
instanceKlass com/sun/javafx/scene/control/ListenerHelper$LiChLi
instanceKlass  @bci javafx/scene/control/skin/ButtonBarSkin <init> (Ljavafx/scene/control/ButtonBar;)V 93 <appendix> member <vmtarget> ; # javafx/scene/control/skin/ButtonBarSkin$$Lambda+0x0000023d2748e900
instanceKlass  @bci javafx/scene/control/skin/ButtonBarSkin <init> (Ljavafx/scene/control/ButtonBar;)V 7 <appendix> member <vmtarget> ; # javafx/scene/control/skin/ButtonBarSkin$$Lambda+0x0000023d2748de10
instanceKlass javafx/scene/control/DialogPane$StyleableProperties
instanceKlass  @bci javafx/scene/control/Alert <init> (Ljavafx/scene/control/Alert$AlertType;Ljava/lang/String;[Ljavafx/scene/control/ButtonType;)V 193 <appendix> member <vmtarget> ; # javafx/scene/control/Alert$$Lambda+0x0000023d2748cbf0
instanceKlass javafx/scene/layout/ConstraintsBase
instanceKlass javafx/scene/control/Alert$2
instanceKlass  @bci javafx/scene/control/DialogPane createButton (Ljavafx/scene/control/ButtonType;)Ljavafx/scene/Node; 44 <appendix> member <vmtarget> ; # javafx/scene/control/DialogPane$$Lambda+0x0000023d27488850
instanceKlass  @bci javafx/scene/control/Alert <init> (Ljavafx/scene/control/Alert$AlertType;Ljava/lang/String;[Ljavafx/scene/control/ButtonType;)V 46 <appendix> member <vmtarget> ; # javafx/scene/control/Alert$$Lambda+0x0000023d27488638
instanceKlass  @bci javafx/scene/control/Alert <init> (Ljavafx/scene/control/Alert$AlertType;Ljava/lang/String;[Ljavafx/scene/control/ButtonType;)V 36 <appendix> member <vmtarget> ; # javafx/scene/control/Alert$$Lambda+0x0000023d27488420
instanceKlass  @bci javafx/scene/control/Alert <init> (Ljavafx/scene/control/Alert$AlertType;Ljava/lang/String;[Ljavafx/scene/control/ButtonType;)V 26 <appendix> member <vmtarget> ; # javafx/scene/control/Alert$$Lambda+0x0000023d27488208
instanceKlass javafx/scene/layout/GridPane$CompositeSize
instanceKlass javafx/scene/layout/GridPane$StyleableProperties
instanceKlass  @bci javafx/scene/control/Dialog$1 invalidated ()V 78 <appendix> member <vmtarget> ; # javafx/scene/control/Dialog$1$$Lambda+0x0000023d27487268
instanceKlass  @bci javafx/scene/control/Dialog$1 <init> (Ljavafx/scene/control/Dialog;Ljava/lang/Object;Ljava/lang/String;Ljavafx/scene/control/DialogPane;)V 25 <appendix> member <vmtarget> ; # javafx/scene/control/Dialog$1$$Lambda+0x0000023d27487050
instanceKlass  @bci javafx/scene/control/Dialog$1 <init> (Ljavafx/scene/control/Dialog;Ljava/lang/Object;Ljava/lang/String;Ljavafx/scene/control/DialogPane;)V 15 <appendix> member <vmtarget> ; # javafx/scene/control/Dialog$1$$Lambda+0x0000023d27486e38
instanceKlass  @bci javafx/scene/control/DialogPane createButtonBar ()Ljavafx/scene/Node; 42 <appendix> member <vmtarget> ; # javafx/scene/control/DialogPane$$Lambda+0x0000023d27486c20
instanceKlass  @bci javafx/scene/control/DialogPane createButtonBar ()Ljavafx/scene/Node; 26 <appendix> member <vmtarget> ; # javafx/scene/control/DialogPane$$Lambda+0x0000023d27486a08
instanceKlass  @bci javafx/scene/control/DialogPane <init> ()V 214 <appendix> member <vmtarget> ; # javafx/scene/control/DialogPane$$Lambda+0x0000023d274867f0
instanceKlass  @bci javafx/scene/control/Label <init> (Ljava/lang/String;)V 7 <appendix> member <vmtarget> ; # javafx/scene/control/Label$$Lambda+0x0000023d274865d8
instanceKlass  @bci javafx/scene/layout/GridPane <init> ()V 53 <appendix> member <vmtarget> ; # javafx/scene/layout/GridPane$$Lambda+0x0000023d274863c0
instanceKlass  @bci javafx/scene/layout/GridPane <clinit> ()V 16 <appendix> argL0 ; # javafx/scene/layout/GridPane$$Lambda+0x0000023d27484fd0
instanceKlass  @bci javafx/scene/control/HeavyweightDialog <init> (Ljavafx/scene/control/Dialog;)V 77 <appendix> member <vmtarget> ; # javafx/scene/control/HeavyweightDialog$$Lambda+0x0000023d2747b728
instanceKlass  @bci javafx/scene/control/HeavyweightDialog <init> (Ljavafx/scene/control/Dialog;)V 60 <appendix> member <vmtarget> ; # javafx/scene/control/HeavyweightDialog$$Lambda+0x0000023d2747b510
instanceKlass javafx/scene/control/ButtonType
instanceKlass javafx/scene/control/FXDialog
instanceKlass javafx/scene/control/Dialog
instanceKlass  @bci controller/ScanFromController/scanFormController showAlert (Ljavafx/scene/control/Alert$AlertType;Ljava/lang/String;Ljava/lang/String;)V 4 <appendix> member <vmtarget> ; # controller/ScanFromController/scanFormController$$Lambda+0x0000023d2747ca80
instanceKlass javafx/scene/control/TextInputControl$TextInputControlFromatterAccessor
instanceKlass  @bci org/fxmisc/richtext/CaretNode moveTo (I)V 2 <appendix> member <vmtarget> ; # org/fxmisc/richtext/CaretNode$$Lambda+0x0000023d2747c430
instanceKlass  @bci org/fxmisc/richtext/SelectionImpl selectRange (Ljavafx/scene/control/IndexRange;)V 2 <appendix> member <vmtarget> ; # org/fxmisc/richtext/SelectionImpl$$Lambda+0x0000023d2747c218
instanceKlass  @bci org/fxmisc/richtext/CaretSelectionBindImpl doSelect (IIZ)V 5 <adapter> ; # java/lang/invoke/LambdaForm$MH+0x0000023d27478c00
# instanceKlass java/lang/invoke/LambdaForm$DMH+0x0000023d27478800
instanceKlass  @bci org/fxmisc/richtext/CaretSelectionBindImpl doSelect (IIZ)V 5 <appendix> form vmentry <vmtarget> ; # java/lang/invoke/LambdaForm$DMH+0x0000023d27478400
instanceKlass  @bci org/fxmisc/richtext/CaretSelectionBindImpl doSelect (IIZ)V 5 <appendix> member <vmtarget> ; # org/fxmisc/richtext/CaretSelectionBindImpl$$Lambda+0x0000023d2747c000
instanceKlass  @cpi org/fxmisc/richtext/CaretSelectionBindImpl 562 form vmentry <vmtarget> ; # java/lang/invoke/LambdaForm$DMH+0x0000023d27478000
instanceKlass  @bci org/fxmisc/richtext/model/ReadOnlyStyledDocument getText ()Ljava/lang/String; 26 <appendix> argL0 ; # org/fxmisc/richtext/model/ReadOnlyStyledDocument$$Lambda+0x0000023d27477de8
instanceKlass  @bci org/fxmisc/richtext/model/ReadOnlyStyledDocument getText ()Ljava/lang/String; 16 <appendix> argL0 ; # org/fxmisc/richtext/model/ReadOnlyStyledDocument$$Lambda+0x0000023d27477bb8
instanceKlass java/util/stream/AbstractSpinedBuffer
instanceKlass  @bci org/fxmisc/richtext/model/EditableStyledDocument lambda$multiPlainChanges$2 (Ljava/util/List;)Ljava/util/List; 26 <appendix> argL0 ; # org/fxmisc/richtext/model/EditableStyledDocument$$Lambda+0x0000023d274779a8
instanceKlass  @bci org/fxmisc/richtext/model/EditableStyledDocument lambda$multiPlainChanges$2 (Ljava/util/List;)Ljava/util/List; 16 <appendix> argL0 ; # org/fxmisc/richtext/model/EditableStyledDocument$$Lambda+0x0000023d274773a8
instanceKlass  @bci org/fxmisc/richtext/model/EditableStyledDocument lambda$multiPlainChanges$2 (Ljava/util/List;)Ljava/util/List; 6 <appendix> argL0 ; # org/fxmisc/richtext/model/EditableStyledDocument$$Lambda+0x0000023d27477168
instanceKlass  @bci org/reactfx/util/FxTimer restart ()V 27 <appendix> member <vmtarget> ; # org/reactfx/util/FxTimer$$Lambda+0x0000023d27476f50
instanceKlass  @cpi org/reactfx/util/FxTimer 106 form vmentry <vmtarget> ; # java/lang/invoke/LambdaForm$DMH+0x0000023d27475c00
instanceKlass  @bci java/util/stream/MatchOps makeRef (Ljava/util/function/Predicate;Ljava/util/stream/MatchOps$MatchKind;)Ljava/util/stream/TerminalOp; 20 <appendix> member <vmtarget> ; # java/util/stream/MatchOps$$Lambda+0x0000023d273226f0
instanceKlass java/util/stream/MatchOps$BooleanTerminalSink
instanceKlass java/util/stream/MatchOps$MatchOp
instanceKlass java/util/stream/MatchOps
instanceKlass  @bci org/reactfx/util/QueuingStreamNotifications head (Ljava/util/function/Consumer;Ljava/util/Deque;)Ljava/lang/Runnable; 9 <appendix> member <vmtarget> ; # org/reactfx/util/QueuingStreamNotifications$$Lambda+0x0000023d27476d38
instanceKlass  @bci org/reactfx/collection/MaterializedListModification trim ()Lorg/reactfx/collection/MaterializedListModification; 16 <appendix> member <vmtarget> ; # org/reactfx/collection/MaterializedListModification$$Lambda+0x0000023d27476b10
instanceKlass  @cpi org/reactfx/collection/MaterializedListModification 63 form vmentry <vmtarget> ; # java/lang/invoke/LambdaForm$DMH+0x0000023d27475800
instanceKlass  @bci org/reactfx/SuspendableBoolean suspend ()Lorg/reactfx/Guard; 20 <appendix> member <vmtarget> ; # org/reactfx/SuspendableBoolean$$Lambda+0x0000023d274768d0
instanceKlass org/reactfx/BiGuard
instanceKlass org/reactfx/MultiGuard
instanceKlass java/util/stream/Node$Builder
instanceKlass java/util/stream/Nodes$ArrayNode
instanceKlass java/util/stream/Node$OfDouble
instanceKlass java/util/stream/Node$OfLong
instanceKlass java/util/stream/Node$OfInt
instanceKlass java/util/stream/Node$OfPrimitive
instanceKlass java/util/stream/Nodes$EmptyNode
instanceKlass java/util/stream/Node
instanceKlass java/util/stream/Nodes
instanceKlass  @bci org/reactfx/MultiSuspendable suspend ()Lorg/reactfx/Guard; 17 <appendix> argL0 ; # org/reactfx/MultiSuspendable$$Lambda+0x0000023d27476230
instanceKlass  @bci org/reactfx/MultiSuspendable suspend ()Lorg/reactfx/Guard; 7 <appendix> argL0 ; # org/reactfx/MultiSuspendable$$Lambda+0x0000023d27476000
instanceKlass  @bci org/fxmisc/richtext/model/GenericEditableStyledDocumentBase updateMulti (Lorg/fxmisc/richtext/model/ReadOnlyStyledDocument;Ljava/util/List;Ljava/util/List;)V 12 <appendix> member <vmtarget> ; # org/fxmisc/richtext/model/GenericEditableStyledDocumentBase$$Lambda+0x0000023d27473bd8
instanceKlass  @bci org/fxmisc/richtext/model/GenericEditableStyledDocumentBase replace (IILorg/fxmisc/richtext/model/StyledDocument;)V 14 <appendix> member <vmtarget> ; # org/fxmisc/richtext/model/GenericEditableStyledDocumentBase$$Lambda+0x0000023d274739c0
instanceKlass org/reactfx/util/TriConsumer
instanceKlass org/reactfx/collection/MaterializedListModificationImpl
instanceKlass org/reactfx/collection/MaterializedListModification
instanceKlass  @bci org/fxmisc/richtext/model/ReadOnlyStyledDocument split (I)Lorg/reactfx/util/Tuple2; 12 <appendix> member <vmtarget> ; # org/fxmisc/richtext/model/ReadOnlyStyledDocument$$Lambda+0x0000023d27473128
instanceKlass  @bci org/fxmisc/richtext/model/ReadOnlyStyledDocument concat (Lorg/fxmisc/richtext/model/StyledDocument;)Lorg/fxmisc/richtext/model/ReadOnlyStyledDocument; 2 <appendix> argL0 ; # org/fxmisc/richtext/model/ReadOnlyStyledDocument$$Lambda+0x0000023d27472ef0
instanceKlass  @bci org/fxmisc/richtext/model/ReadOnlyStyledDocument concatR (Lorg/fxmisc/richtext/model/StyledDocument;)Lorg/fxmisc/richtext/model/ReadOnlyStyledDocument; 2 <appendix> argL0 ; # org/fxmisc/richtext/model/ReadOnlyStyledDocument$$Lambda+0x0000023d27472cb8
instanceKlass  @bci org/fxmisc/richtext/model/ReadOnlyStyledDocument lambda$replace$8 (Lorg/reactfx/util/BiIndex;Ljava/util/function/UnaryOperator;ILjava/util/List;Lorg/fxmisc/richtext/model/ReadOnlyStyledDocument;Lorg/fxmisc/richtext/model/ReadOnlyStyledDocument;)Lorg/reactfx/util/Tuple3; 25 <adapter> ; # java/lang/invoke/LambdaForm$MH+0x0000023d27475400
# instanceKlass java/lang/invoke/LambdaForm$DMH+0x0000023d27475000
instanceKlass  @bci org/fxmisc/richtext/model/ReadOnlyStyledDocument lambda$replace$8 (Lorg/reactfx/util/BiIndex;Ljava/util/function/UnaryOperator;ILjava/util/List;Lorg/fxmisc/richtext/model/ReadOnlyStyledDocument;Lorg/fxmisc/richtext/model/ReadOnlyStyledDocument;)Lorg/reactfx/util/Tuple3; 25 <appendix> form vmentry <vmtarget> ; # java/lang/invoke/LambdaForm$DMH+0x0000023d27474c00
instanceKlass  @bci org/fxmisc/richtext/model/ReadOnlyStyledDocument lambda$replace$8 (Lorg/reactfx/util/BiIndex;Ljava/util/function/UnaryOperator;ILjava/util/List;Lorg/fxmisc/richtext/model/ReadOnlyStyledDocument;Lorg/fxmisc/richtext/model/ReadOnlyStyledDocument;)Lorg/reactfx/util/Tuple3; 25 <appendix> member <vmtarget> ; # org/fxmisc/richtext/model/ReadOnlyStyledDocument$$Lambda+0x0000023d27472a90
instanceKlass  @cpi org/fxmisc/richtext/model/ReadOnlyStyledDocument 570 form vmentry <vmtarget> ; # java/lang/invoke/LambdaForm$DMH+0x0000023d27474800
instanceKlass  @bci org/fxmisc/richtext/model/ReadOnlyStyledDocument lambda$replace$8 (Lorg/reactfx/util/BiIndex;Ljava/util/function/UnaryOperator;ILjava/util/List;Lorg/fxmisc/richtext/model/ReadOnlyStyledDocument;Lorg/fxmisc/richtext/model/ReadOnlyStyledDocument;)Lorg/reactfx/util/Tuple3; 8 <appendix> member <vmtarget> ; # org/fxmisc/richtext/model/ReadOnlyStyledDocument$$Lambda+0x0000023d27472868
instanceKlass  @bci org/fxmisc/richtext/model/ReadOnlyStyledDocument replace (Lorg/reactfx/util/BiIndex;Lorg/reactfx/util/BiIndex;Ljava/util/function/UnaryOperator;)Lorg/reactfx/util/Tuple3; 80 <appendix> member <vmtarget> ; # org/fxmisc/richtext/model/ReadOnlyStyledDocument$$Lambda+0x0000023d27472640
instanceKlass  @cpi org/fxmisc/richtext/model/ReadOnlyStyledDocument 541 form vmentry <vmtarget> ; # java/lang/invoke/LambdaForm$DMH+0x0000023d27474400
instanceKlass  @bci org/fxmisc/richtext/model/ReadOnlyStyledDocument split (II)Lorg/reactfx/util/Tuple2; 9 <appendix> member <vmtarget> ; # org/fxmisc/richtext/model/ReadOnlyStyledDocument$$Lambda+0x0000023d27472420
instanceKlass  @cpi org/fxmisc/richtext/model/ReadOnlyStyledDocument 482 form vmentry <vmtarget> ; # java/lang/invoke/LambdaForm$DMH+0x0000023d27474000
instanceKlass  @bci org/fxmisc/richtext/model/ReadOnlyStyledDocument replace (Lorg/reactfx/util/BiIndex;Lorg/reactfx/util/BiIndex;Ljava/util/function/UnaryOperator;)Lorg/reactfx/util/Tuple3; 63 <appendix> member <vmtarget> ; # org/fxmisc/richtext/model/ReadOnlyStyledDocument$$Lambda+0x0000023d274721f8
instanceKlass  @bci org/fxmisc/richtext/model/ReadOnlyStyledDocument replace (Lorg/reactfx/util/BiIndex;Lorg/reactfx/util/BiIndex;Ljava/util/function/UnaryOperator;)Lorg/reactfx/util/Tuple3; 12 <appendix> argL0 ; # org/fxmisc/richtext/model/ReadOnlyStyledDocument$$Lambda+0x0000023d27471fc8
instanceKlass  @bci org/fxmisc/richtext/model/ReadOnlyStyledDocument replace (IILorg/fxmisc/richtext/model/ReadOnlyStyledDocument;)Lorg/reactfx/util/Tuple3; 4 <appendix> member <vmtarget> ; # org/fxmisc/richtext/model/ReadOnlyStyledDocument$$Lambda+0x0000023d27471d78
instanceKlass org/fxmisc/richtext/model/TwoLevelNavigator$Pos
instanceKlass  @bci controller/ScanFromController/scanFormController lambda$refreshThumbnails$11 ()V 406 <appendix> argL0 ; # controller/ScanFromController/scanFormController$$Lambda+0x0000023d274718e8
instanceKlass  @bci controller/ScanFromController/scanFormController lambda$refreshThumbnails$11 ()V 396 <appendix> member <vmtarget> ; # controller/ScanFromController/scanFormController$$Lambda+0x0000023d274716d0
instanceKlass  @bci controller/ScanFromController/scanFormController lambda$refreshThumbnails$11 ()V 384 <appendix> member <vmtarget> ; # controller/ScanFromController/scanFormController$$Lambda+0x0000023d274714b8
instanceKlass  @bci controller/ScanFromController/scanFormController lambda$refreshThumbnails$11 ()V 372 <appendix> member <vmtarget> ; # controller/ScanFromController/scanFormController$$Lambda+0x0000023d274712a0
instanceKlass  @bci controller/ScanFromController/scanFormController lambda$refreshThumbnails$11 ()V 359 <appendix> member <vmtarget> ; # controller/ScanFromController/scanFormController$$Lambda+0x0000023d27471088
instanceKlass  @bci controller/ScanFromController/scanFormController lambda$refreshThumbnails$11 ()V 342 <appendix> member <vmtarget> ; # controller/ScanFromController/scanFormController$$Lambda+0x0000023d27470e70
instanceKlass  @bci controller/ScanFromController/scanFormController lambda$refreshThumbnails$11 ()V 330 <appendix> member <vmtarget> ; # controller/ScanFromController/scanFormController$$Lambda+0x0000023d27470c58
instanceKlass  @bci controller/ScanFromController/scanFormController lambda$refreshThumbnails$11 ()V 210 <appendix> member <vmtarget> ; # controller/ScanFromController/scanFormController$$Lambda+0x0000023d27470a40
instanceKlass  @bci controller/ScanFromController/scanFormController lambda$refreshThumbnails$11 ()V 177 <appendix> member <vmtarget> ; # controller/ScanFromController/scanFormController$$Lambda+0x0000023d27470828
instanceKlass  @bci com/sun/prism/impl/BaseResourcePool cleanup (J)Z 109 <appendix> argL0 ; # com/sun/prism/impl/BaseResourcePool$$Lambda+0x0000023d27470618
instanceKlass com/sun/javafx/sg/prism/RegionImageCache$CachedImage
instanceKlass com/sun/prism/impl/BaseResourceFactory$1
instanceKlass com/sun/javafx/sg/prism/RegionImageCache
instanceKlass com/sun/prism/impl/ps/CachingShapeRepState$CSRDisposerRecord
instanceKlass com/sun/prism/impl/ps/CachingShapeRepState$MaskTexData
instanceKlass  @bci com/sun/prism/impl/ps/CachingShapeRepState$MaskCache <clinit> ()V 0 <appendix> argL0 ; # com/sun/prism/impl/ps/CachingShapeRepState$MaskCache$$Lambda+0x0000023d2746f6b8
instanceKlass com/sun/prism/impl/ps/CachingShapeRepState$CacheEntry
instanceKlass com/sun/prism/impl/ps/CachingShapeRepState$MaskCache
instanceKlass com/sun/prism/impl/ps/CachingShapeRepState
instanceKlass com/sun/prism/impl/ps/CachingShapeRep
instanceKlass  @bci com/sun/javafx/tk/quantum/PaintCollector lambda$liveRepaintRenderJob$2 (Lcom/sun/javafx/tk/quantum/QuantumToolkit;Lcom/sun/javafx/tk/quantum/ViewPainter;Ljava/util/concurrent/CountDownLatch;)Ljava/lang/Object; 7 <appendix> member <vmtarget> ; # com/sun/javafx/tk/quantum/PaintCollector$$Lambda+0x0000023d2746ebf0
instanceKlass  @bci com/sun/javafx/tk/quantum/PaintCollector liveRepaintRenderJob (Lcom/sun/javafx/tk/quantum/ViewScene;)V 31 <appendix> member <vmtarget> ; # com/sun/javafx/tk/quantum/PaintCollector$$Lambda+0x0000023d2746e9d8
instanceKlass  @bci org/reactfx/util/SparseList collect (II)Ljava/util/List; 31 <appendix> argL0 ; # org/reactfx/util/SparseList$$Lambda+0x0000023d2746e7b8
instanceKlass org/reactfx/util/TetraFunction
instanceKlass  @bci org/reactfx/util/SparseList collect (II)Ljava/util/List; 24 <appendix> argL0 ; # org/reactfx/util/SparseList$$Lambda+0x0000023d2746e3b8
instanceKlass  @bci org/reactfx/util/SparseList collect (II)Ljava/util/List; 19 <appendix> argL0 ; # org/reactfx/util/SparseList$$Lambda+0x0000023d2746e198
instanceKlass org/reactfx/collection/ListChangeAccumulator
instanceKlass org/reactfx/CloseableOnceGuard
instanceKlass  @bci org/reactfx/Guard <clinit> ()V 0 <appendix> argL0 ; # org/reactfx/Guard$$Lambda+0x0000023d2746d3a8
instanceKlass  @bci org/reactfx/SuspendableBase suspend ()Lorg/reactfx/Guard; 11 <appendix> member <vmtarget> ; # org/reactfx/SuspendableBase$$Lambda+0x0000023d2746d168
instanceKlass  @bci org/fxmisc/richtext/GenericStyledArea layoutChildren ()V 11 <appendix> member <vmtarget> ; # org/fxmisc/richtext/GenericStyledArea$$Lambda+0x0000023d2746cf50
instanceKlass javafx/scene/text/HitInfo
instanceKlass com/sun/javafx/scene/text/TextLayout$Hit
instanceKlass  @bci javafx/scene/control/skin/ListViewSkin <init> (Ljavafx/scene/control/ListView;)V 456 <appendix> member <vmtarget> ; # javafx/scene/control/skin/ListViewSkin$$Lambda+0x0000023d2746bd98
instanceKlass  @bci javafx/scene/control/skin/ListViewSkin <init> (Ljavafx/scene/control/ListView;)V 441 <appendix> member <vmtarget> ; # javafx/scene/control/skin/ListViewSkin$$Lambda+0x0000023d2746bb70
instanceKlass  @bci javafx/scene/control/skin/ListViewSkin <init> (Ljavafx/scene/control/ListView;)V 427 <appendix> member <vmtarget> ; # javafx/scene/control/skin/ListViewSkin$$Lambda+0x0000023d2746b948
instanceKlass  @bci javafx/scene/control/skin/ListViewSkin <init> (Ljavafx/scene/control/ListView;)V 413 <appendix> member <vmtarget> ; # javafx/scene/control/skin/ListViewSkin$$Lambda+0x0000023d2746b720
instanceKlass  @bci javafx/scene/control/skin/ListViewSkin <init> (Ljavafx/scene/control/ListView;)V 399 <appendix> member <vmtarget> ; # javafx/scene/control/skin/ListViewSkin$$Lambda+0x0000023d2746b4f8
instanceKlass  @bci javafx/scene/control/skin/ListViewSkin <init> (Ljavafx/scene/control/ListView;)V 384 <appendix> member <vmtarget> ; # javafx/scene/control/skin/ListViewSkin$$Lambda+0x0000023d2746b2d0
instanceKlass javafx/scene/control/skin/CellSkinBase$StyleableProperties
instanceKlass  @bci com/sun/javafx/scene/control/behavior/CellBehaviorBase <init> (Ljavafx/scene/control/Cell;)V 75 <appendix> member <vmtarget> ; # com/sun/javafx/scene/control/behavior/CellBehaviorBase$$Lambda+0x0000023d2746aaa8
instanceKlass  @bci com/sun/javafx/scene/control/behavior/CellBehaviorBase <init> (Ljavafx/scene/control/Cell;)V 54 <appendix> member <vmtarget> ; # com/sun/javafx/scene/control/behavior/CellBehaviorBase$$Lambda+0x0000023d2746a890
instanceKlass  @bci com/sun/javafx/scene/control/behavior/CellBehaviorBase <init> (Ljavafx/scene/control/Cell;)V 33 <appendix> member <vmtarget> ; # com/sun/javafx/scene/control/behavior/CellBehaviorBase$$Lambda+0x0000023d2746a678
instanceKlass  @bci javafx/scene/control/skin/VirtualFlow getCell (I)Ljavafx/scene/control/IndexedCell; 158 <appendix> member <vmtarget> ; # javafx/scene/control/skin/VirtualFlow$$Lambda+0x0000023d27467968
instanceKlass  @bci com/jfoenix/controls/JFXListCell initListeners ()V 5 <appendix> member <vmtarget> ; # com/jfoenix/controls/JFXListCell$$Lambda+0x0000023d27467750
instanceKlass  @bci javafx/scene/control/skin/ListViewSkin <init> (Ljavafx/scene/control/ListView;)V 305 <appendix> member <vmtarget> ; # javafx/scene/control/skin/ListViewSkin$$Lambda+0x0000023d27466b78
instanceKlass  @bci javafx/scene/control/skin/ListViewSkin <init> (Ljavafx/scene/control/ListView;)V 271 <appendix> member <vmtarget> ; # javafx/scene/control/skin/ListViewSkin$$Lambda+0x0000023d27466960
instanceKlass  @bci javafx/scene/control/skin/ListViewSkin <init> (Ljavafx/scene/control/ListView;)V 205 <appendix> member <vmtarget> ; # javafx/scene/control/skin/ListViewSkin$$Lambda+0x0000023d27466748
instanceKlass  @bci javafx/scene/control/skin/ListViewSkin <init> (Ljavafx/scene/control/ListView;)V 192 <appendix> member <vmtarget> ; # javafx/scene/control/skin/ListViewSkin$$Lambda+0x0000023d27466530
instanceKlass  @bci javafx/scene/control/skin/ListViewSkin <init> (Ljavafx/scene/control/ListView;)V 179 <appendix> member <vmtarget> ; # javafx/scene/control/skin/ListViewSkin$$Lambda+0x0000023d27466318
instanceKlass  @bci javafx/scene/control/skin/ListViewSkin <init> (Ljavafx/scene/control/ListView;)V 166 <appendix> member <vmtarget> ; # javafx/scene/control/skin/ListViewSkin$$Lambda+0x0000023d27466100
instanceKlass  @bci javafx/scene/control/skin/ListViewSkin <init> (Ljavafx/scene/control/ListView;)V 153 <appendix> member <vmtarget> ; # javafx/scene/control/skin/ListViewSkin$$Lambda+0x0000023d27465ee8
instanceKlass  @bci javafx/scene/control/skin/ListViewSkin <init> (Ljavafx/scene/control/ListView;)V 140 <appendix> member <vmtarget> ; # javafx/scene/control/skin/ListViewSkin$$Lambda+0x0000023d27465cd0
instanceKlass  @bci javafx/scene/control/skin/ListViewSkin <init> (Ljavafx/scene/control/ListView;)V 127 <appendix> member <vmtarget> ; # javafx/scene/control/skin/ListViewSkin$$Lambda+0x0000023d27465ab8
instanceKlass  @bci javafx/scene/control/skin/ListViewSkin <init> (Ljavafx/scene/control/ListView;)V 114 <appendix> member <vmtarget> ; # javafx/scene/control/skin/ListViewSkin$$Lambda+0x0000023d274658a0
instanceKlass  @bci com/sun/javafx/scene/control/behavior/ListViewBehavior <init> (Ljavafx/scene/control/ListView;)V 1737 <appendix> member <vmtarget> ; # com/sun/javafx/scene/control/behavior/ListViewBehavior$$Lambda+0x0000023d27465688
instanceKlass  @bci com/sun/javafx/scene/control/behavior/ListViewBehavior <init> (Ljavafx/scene/control/ListView;)V 1704 <appendix> member <vmtarget> ; # com/sun/javafx/scene/control/behavior/ListViewBehavior$$Lambda+0x0000023d27465470
instanceKlass  @bci com/sun/javafx/scene/control/behavior/ListViewBehavior <init> (Ljavafx/scene/control/ListView;)V 1671 <appendix> member <vmtarget> ; # com/sun/javafx/scene/control/behavior/ListViewBehavior$$Lambda+0x0000023d27465258
instanceKlass  @bci com/sun/javafx/scene/control/behavior/ListViewBehavior <init> (Ljavafx/scene/control/ListView;)V 1641 <appendix> member <vmtarget> ; # com/sun/javafx/scene/control/behavior/ListViewBehavior$$Lambda+0x0000023d27465040
instanceKlass  @bci com/sun/javafx/scene/control/behavior/ListViewBehavior <init> (Ljavafx/scene/control/ListView;)V 1611 <appendix> member <vmtarget> ; # com/sun/javafx/scene/control/behavior/ListViewBehavior$$Lambda+0x0000023d27464e28
instanceKlass  @bci com/sun/javafx/scene/control/behavior/ListViewBehavior <init> (Ljavafx/scene/control/ListView;)V 1581 <appendix> member <vmtarget> ; # com/sun/javafx/scene/control/behavior/ListViewBehavior$$Lambda+0x0000023d27464c10
instanceKlass  @bci com/sun/javafx/scene/control/behavior/ListViewBehavior <init> (Ljavafx/scene/control/ListView;)V 1551 <appendix> member <vmtarget> ; # com/sun/javafx/scene/control/behavior/ListViewBehavior$$Lambda+0x0000023d274649f8
instanceKlass  @bci com/sun/javafx/scene/control/behavior/ListViewBehavior <init> (Ljavafx/scene/control/ListView;)V 1522 <appendix> member <vmtarget> ; # com/sun/javafx/scene/control/behavior/ListViewBehavior$$Lambda+0x0000023d274647e0
instanceKlass  @bci com/sun/javafx/scene/control/behavior/ListViewBehavior <init> (Ljavafx/scene/control/ListView;)V 1493 <appendix> member <vmtarget> ; # com/sun/javafx/scene/control/behavior/ListViewBehavior$$Lambda+0x0000023d274645c8
instanceKlass  @bci com/sun/javafx/scene/control/behavior/ListViewBehavior <init> (Ljavafx/scene/control/ListView;)V 1474 <appendix> member <vmtarget> ; # com/sun/javafx/scene/control/behavior/ListViewBehavior$$Lambda+0x0000023d274643b0
instanceKlass  @bci com/sun/javafx/scene/control/behavior/ListViewBehavior <init> (Ljavafx/scene/control/ListView;)V 1455 <appendix> member <vmtarget> ; # com/sun/javafx/scene/control/behavior/ListViewBehavior$$Lambda+0x0000023d27464198
instanceKlass  @bci com/sun/javafx/scene/control/behavior/ListViewBehavior <init> (Ljavafx/scene/control/ListView;)V 1436 <appendix> member <vmtarget> ; # com/sun/javafx/scene/control/behavior/ListViewBehavior$$Lambda+0x0000023d27463f80
instanceKlass  @bci com/sun/javafx/scene/control/behavior/ListViewBehavior <init> (Ljavafx/scene/control/ListView;)V 1410 <appendix> member <vmtarget> ; # com/sun/javafx/scene/control/behavior/ListViewBehavior$$Lambda+0x0000023d27463d38
instanceKlass  @bci com/sun/javafx/scene/control/behavior/ListViewBehavior <init> (Ljavafx/scene/control/ListView;)V 1374 <appendix> member <vmtarget> ; # com/sun/javafx/scene/control/behavior/ListViewBehavior$$Lambda+0x0000023d27463b20
instanceKlass  @bci com/sun/javafx/scene/control/behavior/ListViewBehavior <init> (Ljavafx/scene/control/ListView;)V 1340 <appendix> member <vmtarget> ; # com/sun/javafx/scene/control/behavior/ListViewBehavior$$Lambda+0x0000023d27463908
instanceKlass  @bci com/sun/javafx/scene/control/behavior/ListViewBehavior <init> (Ljavafx/scene/control/ListView;)V 1307 <appendix> member <vmtarget> ; # com/sun/javafx/scene/control/behavior/ListViewBehavior$$Lambda+0x0000023d274636f0
instanceKlass  @bci com/sun/javafx/scene/control/behavior/ListViewBehavior <init> (Ljavafx/scene/control/ListView;)V 1274 <appendix> member <vmtarget> ; # com/sun/javafx/scene/control/behavior/ListViewBehavior$$Lambda+0x0000023d274634d8
instanceKlass  @bci com/sun/javafx/scene/control/behavior/ListViewBehavior <init> (Ljavafx/scene/control/ListView;)V 1241 <appendix> member <vmtarget> ; # com/sun/javafx/scene/control/behavior/ListViewBehavior$$Lambda+0x0000023d274632c0
instanceKlass  @bci com/sun/javafx/scene/control/behavior/ListViewBehavior <init> (Ljavafx/scene/control/ListView;)V 1208 <appendix> member <vmtarget> ; # com/sun/javafx/scene/control/behavior/ListViewBehavior$$Lambda+0x0000023d274630a8
instanceKlass  @bci com/sun/javafx/scene/control/behavior/ListViewBehavior <init> (Ljavafx/scene/control/ListView;)V 1175 <appendix> member <vmtarget> ; # com/sun/javafx/scene/control/behavior/ListViewBehavior$$Lambda+0x0000023d27462e90
instanceKlass  @bci com/sun/javafx/scene/control/behavior/ListViewBehavior <init> (Ljavafx/scene/control/ListView;)V 1145 <appendix> member <vmtarget> ; # com/sun/javafx/scene/control/behavior/ListViewBehavior$$Lambda+0x0000023d27462c78
instanceKlass  @bci com/sun/javafx/scene/control/behavior/ListViewBehavior <init> (Ljavafx/scene/control/ListView;)V 1115 <appendix> member <vmtarget> ; # com/sun/javafx/scene/control/behavior/ListViewBehavior$$Lambda+0x0000023d27462a60
instanceKlass  @bci com/sun/javafx/scene/control/behavior/ListViewBehavior <init> (Ljavafx/scene/control/ListView;)V 1085 <appendix> member <vmtarget> ; # com/sun/javafx/scene/control/behavior/ListViewBehavior$$Lambda+0x0000023d27462848
instanceKlass  @bci com/sun/javafx/scene/control/behavior/ListViewBehavior <init> (Ljavafx/scene/control/ListView;)V 1055 <appendix> member <vmtarget> ; # com/sun/javafx/scene/control/behavior/ListViewBehavior$$Lambda+0x0000023d27462630
instanceKlass  @bci com/sun/javafx/scene/control/behavior/ListViewBehavior <init> (Ljavafx/scene/control/ListView;)V 1026 <appendix> member <vmtarget> ; # com/sun/javafx/scene/control/behavior/ListViewBehavior$$Lambda+0x0000023d27462418
instanceKlass  @bci com/sun/javafx/scene/control/behavior/ListViewBehavior <init> (Ljavafx/scene/control/ListView;)V 997 <appendix> member <vmtarget> ; # com/sun/javafx/scene/control/behavior/ListViewBehavior$$Lambda+0x0000023d27462200
instanceKlass  @bci com/sun/javafx/scene/control/behavior/ListViewBehavior <init> (Ljavafx/scene/control/ListView;)V 978 <appendix> member <vmtarget> ; # com/sun/javafx/scene/control/behavior/ListViewBehavior$$Lambda+0x0000023d27461fe8
instanceKlass  @bci com/sun/javafx/scene/control/behavior/ListViewBehavior <init> (Ljavafx/scene/control/ListView;)V 959 <appendix> member <vmtarget> ; # com/sun/javafx/scene/control/behavior/ListViewBehavior$$Lambda+0x0000023d27461dd0
instanceKlass  @bci com/sun/javafx/scene/control/behavior/ListViewBehavior <init> (Ljavafx/scene/control/ListView;)V 940 <appendix> member <vmtarget> ; # com/sun/javafx/scene/control/behavior/ListViewBehavior$$Lambda+0x0000023d27461bb8
instanceKlass  @bci com/sun/javafx/scene/control/behavior/ListViewBehavior <init> (Ljavafx/scene/control/ListView;)V 914 <appendix> member <vmtarget> ; # com/sun/javafx/scene/control/behavior/ListViewBehavior$$Lambda+0x0000023d27461970
instanceKlass  @bci com/sun/javafx/scene/control/behavior/ListViewBehavior <init> (Ljavafx/scene/control/ListView;)V 879 <appendix> member <vmtarget> ; # com/sun/javafx/scene/control/behavior/ListViewBehavior$$Lambda+0x0000023d27461758
instanceKlass  @bci com/sun/javafx/scene/control/behavior/ListViewBehavior <init> (Ljavafx/scene/control/ListView;)V 844 <appendix> argL0 ; # com/sun/javafx/scene/control/behavior/ListViewBehavior$$Lambda+0x0000023d27461518
instanceKlass  @bci com/sun/javafx/scene/control/behavior/ListViewBehavior <init> (Ljavafx/scene/control/ListView;)V 810 <appendix> member <vmtarget> ; # com/sun/javafx/scene/control/behavior/ListViewBehavior$$Lambda+0x0000023d27461300
instanceKlass  @bci com/sun/javafx/scene/control/behavior/ListViewBehavior <init> (Ljavafx/scene/control/ListView;)V 772 <appendix> argL0 ; # com/sun/javafx/scene/control/behavior/ListViewBehavior$$Lambda+0x0000023d274610c0
instanceKlass  @bci com/sun/javafx/scene/control/behavior/ListViewBehavior <init> (Ljavafx/scene/control/ListView;)V 748 <appendix> member <vmtarget> ; # com/sun/javafx/scene/control/behavior/ListViewBehavior$$Lambda+0x0000023d27460ea8
instanceKlass  @bci com/sun/javafx/scene/control/behavior/ListViewBehavior <init> (Ljavafx/scene/control/ListView;)V 728 <appendix> member <vmtarget> ; # com/sun/javafx/scene/control/behavior/ListViewBehavior$$Lambda+0x0000023d27460c90
instanceKlass  @bci com/sun/javafx/scene/control/behavior/ListViewBehavior <init> (Ljavafx/scene/control/ListView;)V 698 <appendix> member <vmtarget> ; # com/sun/javafx/scene/control/behavior/ListViewBehavior$$Lambda+0x0000023d27460a78
instanceKlass  @bci com/sun/javafx/scene/control/behavior/ListViewBehavior <init> (Ljavafx/scene/control/ListView;)V 668 <appendix> member <vmtarget> ; # com/sun/javafx/scene/control/behavior/ListViewBehavior$$Lambda+0x0000023d27460860
instanceKlass  @bci com/sun/javafx/scene/control/behavior/ListViewBehavior <init> (Ljavafx/scene/control/ListView;)V 637 <appendix> member <vmtarget> ; # com/sun/javafx/scene/control/behavior/ListViewBehavior$$Lambda+0x0000023d27460648
instanceKlass  @bci com/sun/javafx/scene/control/behavior/ListViewBehavior <init> (Ljavafx/scene/control/ListView;)V 606 <appendix> member <vmtarget> ; # com/sun/javafx/scene/control/behavior/ListViewBehavior$$Lambda+0x0000023d27460430
instanceKlass  @bci com/sun/javafx/scene/control/behavior/ListViewBehavior <init> (Ljavafx/scene/control/ListView;)V 575 <appendix> member <vmtarget> ; # com/sun/javafx/scene/control/behavior/ListViewBehavior$$Lambda+0x0000023d27460218
instanceKlass  @bci com/sun/javafx/scene/control/behavior/ListViewBehavior <init> (Ljavafx/scene/control/ListView;)V 545 <appendix> member <vmtarget> ; # com/sun/javafx/scene/control/behavior/ListViewBehavior$$Lambda+0x0000023d27460000
instanceKlass  @bci com/sun/javafx/scene/control/behavior/ListViewBehavior <init> (Ljavafx/scene/control/ListView;)V 525 <appendix> member <vmtarget> ; # com/sun/javafx/scene/control/behavior/ListViewBehavior$$Lambda+0x0000023d2745fd28
instanceKlass  @bci com/sun/javafx/scene/control/behavior/ListViewBehavior <init> (Ljavafx/scene/control/ListView;)V 505 <appendix> member <vmtarget> ; # com/sun/javafx/scene/control/behavior/ListViewBehavior$$Lambda+0x0000023d2745fb10
instanceKlass  @bci com/sun/javafx/scene/control/behavior/ListViewBehavior <init> (Ljavafx/scene/control/ListView;)V 485 <appendix> member <vmtarget> ; # com/sun/javafx/scene/control/behavior/ListViewBehavior$$Lambda+0x0000023d2745f8f8
instanceKlass  @bci com/sun/javafx/scene/control/behavior/ListViewBehavior <init> (Ljavafx/scene/control/ListView;)V 465 <appendix> member <vmtarget> ; # com/sun/javafx/scene/control/behavior/ListViewBehavior$$Lambda+0x0000023d2745f6e0
instanceKlass  @bci com/sun/javafx/scene/control/behavior/ListViewBehavior <init> (Ljavafx/scene/control/ListView;)V 445 <appendix> member <vmtarget> ; # com/sun/javafx/scene/control/behavior/ListViewBehavior$$Lambda+0x0000023d2745f4c8
instanceKlass  @bci com/sun/javafx/scene/control/behavior/ListViewBehavior <init> (Ljavafx/scene/control/ListView;)V 425 <appendix> member <vmtarget> ; # com/sun/javafx/scene/control/behavior/ListViewBehavior$$Lambda+0x0000023d2745f2b0
instanceKlass  @bci com/sun/javafx/scene/control/behavior/ListViewBehavior <init> (Ljavafx/scene/control/ListView;)V 392 <appendix> member <vmtarget> ; # com/sun/javafx/scene/control/behavior/ListViewBehavior$$Lambda+0x0000023d2745f098
instanceKlass  @bci com/sun/javafx/scene/control/behavior/ListViewBehavior <init> (Ljavafx/scene/control/ListView;)V 362 <appendix> member <vmtarget> ; # com/sun/javafx/scene/control/behavior/ListViewBehavior$$Lambda+0x0000023d2745ee80
instanceKlass  @bci com/sun/javafx/scene/control/behavior/ListViewBehavior <init> (Ljavafx/scene/control/ListView;)V 333 <appendix> member <vmtarget> ; # com/sun/javafx/scene/control/behavior/ListViewBehavior$$Lambda+0x0000023d2745ec68
instanceKlass  @bci com/sun/javafx/scene/control/behavior/ListViewBehavior <init> (Ljavafx/scene/control/ListView;)V 303 <appendix> member <vmtarget> ; # com/sun/javafx/scene/control/behavior/ListViewBehavior$$Lambda+0x0000023d2745ea50
instanceKlass  @bci com/sun/javafx/scene/control/behavior/ListViewBehavior <init> (Ljavafx/scene/control/ListView;)V 273 <appendix> member <vmtarget> ; # com/sun/javafx/scene/control/behavior/ListViewBehavior$$Lambda+0x0000023d2745e838
instanceKlass  @bci com/sun/javafx/scene/control/behavior/ListViewBehavior <init> (Ljavafx/scene/control/ListView;)V 242 <appendix> member <vmtarget> ; # com/sun/javafx/scene/control/behavior/ListViewBehavior$$Lambda+0x0000023d2745e620
instanceKlass  @bci com/sun/javafx/scene/control/behavior/ListViewBehavior <init> (Ljavafx/scene/control/ListView;)V 214 <appendix> member <vmtarget> ; # com/sun/javafx/scene/control/behavior/ListViewBehavior$$Lambda+0x0000023d2745e408
instanceKlass  @bci com/sun/javafx/scene/control/behavior/ListViewBehavior <init> (Ljavafx/scene/control/ListView;)V 165 <appendix> member <vmtarget> ; # com/sun/javafx/scene/control/behavior/ListViewBehavior$$Lambda+0x0000023d2745e1c0
instanceKlass  @bci com/sun/javafx/scene/control/behavior/ListViewBehavior <init> (Ljavafx/scene/control/ListView;)V 158 <appendix> member <vmtarget> ; # com/sun/javafx/scene/control/behavior/ListViewBehavior$$Lambda+0x0000023d2745df78
instanceKlass com/sun/javafx/scene/control/behavior/ListViewBehavior$2
instanceKlass com/sun/javafx/scene/control/behavior/ListViewBehavior$1
instanceKlass  @bci com/sun/javafx/scene/control/behavior/ListViewBehavior <init> (Ljavafx/scene/control/ListView;)V 42 <appendix> member <vmtarget> ; # com/sun/javafx/scene/control/behavior/ListViewBehavior$$Lambda+0x0000023d2745d910
instanceKlass  @bci com/sun/javafx/scene/control/behavior/ListViewBehavior <init> (Ljavafx/scene/control/ListView;)V 32 <appendix> member <vmtarget> ; # com/sun/javafx/scene/control/behavior/ListViewBehavior$$Lambda+0x0000023d2745d6f8
instanceKlass  @bci com/sun/javafx/scene/control/behavior/ListViewBehavior <init> (Ljavafx/scene/control/ListView;)V 7 <appendix> member <vmtarget> ; # com/sun/javafx/scene/control/behavior/ListViewBehavior$$Lambda+0x0000023d2745d4e0
instanceKlass  @bci javafx/scene/control/skin/ListViewSkin <init> (Ljavafx/scene/control/ListView;)V 74 <appendix> member <vmtarget> ; # javafx/scene/control/skin/ListViewSkin$$Lambda+0x0000023d2745d028
instanceKlass javafx/scene/control/skin/ListViewSkin$1
instanceKlass javafx/collections/WeakMapChangeListener
instanceKlass  @bci javafx/scene/control/skin/ListViewSkin <init> (Ljavafx/scene/control/ListView;)V 22 <appendix> member <vmtarget> ; # javafx/scene/control/skin/ListViewSkin$$Lambda+0x0000023d2745c9c0
instanceKlass  @bci javafx/scene/control/skin/VirtualContainerBase <init> (Ljavafx/scene/control/Control;)V 22 <appendix> member <vmtarget> ; # javafx/scene/control/skin/VirtualContainerBase$$Lambda+0x0000023d2745c7a8
instanceKlass javafx/scene/control/skin/VirtualFlow$3
instanceKlass  @bci javafx/scene/control/skin/VirtualFlow <init> ()V 710 <appendix> member <vmtarget> ; # javafx/scene/control/skin/VirtualFlow$$Lambda+0x0000023d2745c100
instanceKlass  @bci javafx/scene/control/skin/VirtualFlow <init> ()V 700 <appendix> member <vmtarget> ; # javafx/scene/control/skin/VirtualFlow$$Lambda+0x0000023d2745bee8
instanceKlass  @bci javafx/scene/control/skin/VirtualFlow <init> ()V 690 <appendix> member <vmtarget> ; # javafx/scene/control/skin/VirtualFlow$$Lambda+0x0000023d2745bcd0
instanceKlass  @bci javafx/scene/control/skin/VirtualFlow <init> ()V 666 <appendix> member <vmtarget> ; # javafx/scene/control/skin/VirtualFlow$$Lambda+0x0000023d2745bab8
instanceKlass  @bci javafx/scene/control/skin/VirtualFlow <init> ()V 607 <appendix> member <vmtarget> ; # javafx/scene/control/skin/VirtualFlow$$Lambda+0x0000023d2745b8a0
instanceKlass  @bci javafx/scene/control/skin/VirtualFlow <init> ()V 536 <appendix> argL0 ; # javafx/scene/control/skin/VirtualFlow$$Lambda+0x0000023d2745b690
instanceKlass  @bci javafx/scene/control/skin/VirtualFlow <init> ()V 497 <appendix> argL0 ; # javafx/scene/control/skin/VirtualFlow$$Lambda+0x0000023d2745b480
instanceKlass  @bci javafx/scene/control/skin/VirtualFlow <init> ()V 472 <appendix> member <vmtarget> ; # javafx/scene/control/skin/VirtualFlow$$Lambda+0x0000023d2745b268
instanceKlass  @bci javafx/scene/control/skin/VirtualFlow <init> ()V 459 <appendix> member <vmtarget> ; # javafx/scene/control/skin/VirtualFlow$$Lambda+0x0000023d2745b050
instanceKlass javafx/scene/control/skin/VirtualFlow$2
instanceKlass javafx/scene/control/skin/VirtualFlow$1
instanceKlass  @bci javafx/scene/control/skin/VirtualFlow <init> ()V 419 <appendix> member <vmtarget> ; # javafx/scene/control/skin/VirtualFlow$$Lambda+0x0000023d2745a9e8
instanceKlass  @bci javafx/scene/control/skin/VirtualFlow <init> ()V 397 <appendix> member <vmtarget> ; # javafx/scene/control/skin/VirtualFlow$$Lambda+0x0000023d2745a7d0
instanceKlass  @bci javafx/scene/control/skin/VirtualFlow <init> ()V 377 <appendix> argL0 ; # javafx/scene/control/skin/VirtualFlow$$Lambda+0x0000023d2745a5c0
instanceKlass  @bci javafx/scene/control/skin/VirtualFlow$ClippedContainer <init> (Ljavafx/scene/control/skin/VirtualFlow;)V 75 <appendix> member <vmtarget> ; # javafx/scene/control/skin/VirtualFlow$ClippedContainer$$Lambda+0x0000023d2745a3a8
instanceKlass  @bci javafx/scene/control/skin/VirtualFlow$ClippedContainer <init> (Ljavafx/scene/control/skin/VirtualFlow;)V 62 <appendix> member <vmtarget> ; # javafx/scene/control/skin/VirtualFlow$ClippedContainer$$Lambda+0x0000023d2745a190
instanceKlass  @bci com/sun/javafx/scene/control/VirtualScrollBar <init> (Ljavafx/scene/control/skin/VirtualFlow;)V 29 <appendix> member <vmtarget> ; # com/sun/javafx/scene/control/VirtualScrollBar$$Lambda+0x0000023d27457d70
instanceKlass  @bci javafx/scene/control/skin/ListViewSkin <clinit> ()V 0 <appendix> argL0 ; # javafx/scene/control/skin/ListViewSkin$$Lambda+0x0000023d274552d0
instanceKlass com/jfoenix/skins/JFXComboBoxListViewSkin$StyleableProperties
instanceKlass javafx/scene/control/skin/ComboBoxPopupControl$1
instanceKlass  @bci javafx/scene/control/skin/ComboBoxPopupControl install ()V 12 <appendix> member <vmtarget> ; # javafx/scene/control/skin/ComboBoxPopupControl$$Lambda+0x0000023d27453a08
instanceKlass  @bci com/jfoenix/skins/JFXComboBoxListViewSkin <init> (Lcom/jfoenix/controls/JFXComboBox;)V 324 <appendix> member <vmtarget> ; # com/jfoenix/skins/JFXComboBoxListViewSkin$$Lambda+0x0000023d274537e0
instanceKlass  @bci com/jfoenix/skins/JFXComboBoxListViewSkin <init> (Lcom/jfoenix/controls/JFXComboBox;)V 310 <appendix> member <vmtarget> ; # com/jfoenix/skins/JFXComboBoxListViewSkin$$Lambda+0x0000023d274535b8
instanceKlass  @bci com/jfoenix/skins/JFXComboBoxListViewSkin <init> (Lcom/jfoenix/controls/JFXComboBox;)V 296 <appendix> member <vmtarget> ; # com/jfoenix/skins/JFXComboBoxListViewSkin$$Lambda+0x0000023d27453390
instanceKlass  @bci com/jfoenix/skins/JFXComboBoxListViewSkin <init> (Lcom/jfoenix/controls/JFXComboBox;)V 282 <appendix> member <vmtarget> ; # com/jfoenix/skins/JFXComboBoxListViewSkin$$Lambda+0x0000023d27453168
instanceKlass  @bci com/jfoenix/skins/ValidationPane <init> (Ljavafx/scene/layout/Region;)V 377 <appendix> member <vmtarget> ; # com/jfoenix/skins/ValidationPane$$Lambda+0x0000023d27452f50
instanceKlass  @bci com/jfoenix/skins/PromptLinesWrapper init (Ljava/lang/Runnable;[Ljavafx/scene/Node;)V 835 <appendix> member <vmtarget> ; # com/jfoenix/skins/PromptLinesWrapper$$Lambda+0x0000023d27451720
instanceKlass  @bci com/jfoenix/skins/PromptLinesWrapper init (Ljava/lang/Runnable;[Ljavafx/scene/Node;)V 822 <appendix> member <vmtarget> ; # com/jfoenix/skins/PromptLinesWrapper$$Lambda+0x0000023d27451508
instanceKlass  @bci com/jfoenix/skins/PromptLinesWrapper init (Ljava/lang/Runnable;[Ljavafx/scene/Node;)V 790 <appendix> member <vmtarget> ; # com/jfoenix/skins/PromptLinesWrapper$$Lambda+0x0000023d274512f0
instanceKlass  @bci com/jfoenix/skins/PromptLinesWrapper init (Ljava/lang/Runnable;[Ljavafx/scene/Node;)V 777 <appendix> member <vmtarget> ; # com/jfoenix/skins/PromptLinesWrapper$$Lambda+0x0000023d274510d8
instanceKlass com/jfoenix/transitions/JFXAnimationTimer$AnimationHandler
instanceKlass  @bci com/jfoenix/skins/PromptLinesWrapper init (Ljava/lang/Runnable;[Ljavafx/scene/Node;)V 544 <appendix> member <vmtarget> ; # com/jfoenix/skins/PromptLinesWrapper$$Lambda+0x0000023d27450c90
instanceKlass  @bci com/jfoenix/skins/PromptLinesWrapper init (Ljava/lang/Runnable;[Ljavafx/scene/Node;)V 501 <appendix> member <vmtarget> ; # com/jfoenix/skins/PromptLinesWrapper$$Lambda+0x0000023d27450a78
instanceKlass  @bci com/jfoenix/skins/PromptLinesWrapper init (Ljava/lang/Runnable;[Ljavafx/scene/Node;)V 458 <appendix> member <vmtarget> ; # com/jfoenix/skins/PromptLinesWrapper$$Lambda+0x0000023d27450860
instanceKlass  @bci com/jfoenix/skins/PromptLinesWrapper init (Ljava/lang/Runnable;[Ljavafx/scene/Node;)V 449 <appendix> member <vmtarget> ; # com/jfoenix/skins/PromptLinesWrapper$$Lambda+0x0000023d27450648
instanceKlass  @bci com/jfoenix/skins/PromptLinesWrapper init (Ljava/lang/Runnable;[Ljavafx/scene/Node;)V 427 <appendix> member <vmtarget> ; # com/jfoenix/skins/PromptLinesWrapper$$Lambda+0x0000023d27450430
instanceKlass  @bci com/jfoenix/skins/PromptLinesWrapper init (Ljava/lang/Runnable;[Ljavafx/scene/Node;)V 412 <appendix> member <vmtarget> ; # com/jfoenix/skins/PromptLinesWrapper$$Lambda+0x0000023d27450218
instanceKlass  @bci com/jfoenix/skins/PromptLinesWrapper init (Ljava/lang/Runnable;[Ljavafx/scene/Node;)V 387 <appendix> member <vmtarget> ; # com/jfoenix/skins/PromptLinesWrapper$$Lambda+0x0000023d27450000
instanceKlass  @bci com/jfoenix/transitions/JFXKeyValue <init> ()V 5 <appendix> argL0 ; # com/jfoenix/transitions/JFXKeyValue$$Lambda+0x0000023d2744fd80
instanceKlass  @bci com/jfoenix/skins/PromptLinesWrapper init (Ljava/lang/Runnable;[Ljavafx/scene/Node;)V 326 <appendix> member <vmtarget> ; # com/jfoenix/skins/PromptLinesWrapper$$Lambda+0x0000023d2744fb68
instanceKlass  @bci com/jfoenix/transitions/JFXKeyValue$JFXKeyValueBuilder <init> ()V 5 <appendix> argL0 ; # com/jfoenix/transitions/JFXKeyValue$JFXKeyValueBuilder$$Lambda+0x0000023d2744f958
instanceKlass com/jfoenix/transitions/JFXKeyValue$JFXKeyValueBuilder
instanceKlass com/jfoenix/transitions/JFXKeyValue$Builder
instanceKlass com/jfoenix/transitions/JFXKeyValue
instanceKlass com/jfoenix/transitions/JFXKeyFrame
instanceKlass  @bci com/jfoenix/skins/PromptLinesWrapper init (Ljava/lang/Runnable;[Ljavafx/scene/Node;)V 268 <appendix> member <vmtarget> ; # com/jfoenix/skins/PromptLinesWrapper$$Lambda+0x0000023d2744e8f0
instanceKlass  @bci com/jfoenix/skins/PromptLinesWrapper init (Ljava/lang/Runnable;[Ljavafx/scene/Node;)V 259 <appendix> member <vmtarget> ; # com/jfoenix/skins/PromptLinesWrapper$$Lambda+0x0000023d2744e6d8
instanceKlass  @bci com/jfoenix/skins/PromptLinesWrapper init (Ljava/lang/Runnable;[Ljavafx/scene/Node;)V 23 <appendix> member <vmtarget> ; # com/jfoenix/skins/PromptLinesWrapper$$Lambda+0x0000023d2744dbd0
instanceKlass  @bci com/jfoenix/skins/JFXComboBoxListViewSkin <init> (Lcom/jfoenix/controls/JFXComboBox;)V 60 <appendix> member <vmtarget> ; # com/jfoenix/skins/JFXComboBoxListViewSkin$$Lambda+0x0000023d2744d9b8
instanceKlass  @bci com/jfoenix/skins/JFXComboBoxListViewSkin <init> (Lcom/jfoenix/controls/JFXComboBox;)V 44 <appendix> member <vmtarget> ; # com/jfoenix/skins/JFXComboBoxListViewSkin$$Lambda+0x0000023d27449590
instanceKlass com/jfoenix/skins/PromptLinesWrapper
instanceKlass  @bci javafx/scene/control/skin/ComboBoxListViewSkin <init> (Ljavafx/scene/control/ComboBox;)V 288 <appendix> member <vmtarget> ; # javafx/scene/control/skin/ComboBoxListViewSkin$$Lambda+0x0000023d27449140
instanceKlass  @bci javafx/scene/control/skin/ComboBoxListViewSkin <init> (Ljavafx/scene/control/ComboBox;)V 256 <appendix> member <vmtarget> ; # javafx/scene/control/skin/ComboBoxListViewSkin$$Lambda+0x0000023d27448f18
instanceKlass  @bci javafx/scene/control/skin/ComboBoxListViewSkin <init> (Ljavafx/scene/control/ComboBox;)V 241 <appendix> member <vmtarget> ; # javafx/scene/control/skin/ComboBoxListViewSkin$$Lambda+0x0000023d27448cf0
instanceKlass  @bci javafx/scene/control/skin/ComboBoxListViewSkin <init> (Ljavafx/scene/control/ComboBox;)V 225 <appendix> member <vmtarget> ; # javafx/scene/control/skin/ComboBoxListViewSkin$$Lambda+0x0000023d27448ac8
instanceKlass  @bci javafx/scene/control/skin/ComboBoxListViewSkin <init> (Ljavafx/scene/control/ComboBox;)V 210 <appendix> member <vmtarget> ; # javafx/scene/control/skin/ComboBoxListViewSkin$$Lambda+0x0000023d274488a0
instanceKlass  @bci javafx/scene/control/skin/ComboBoxListViewSkin <init> (Ljavafx/scene/control/ComboBox;)V 195 <appendix> member <vmtarget> ; # javafx/scene/control/skin/ComboBoxListViewSkin$$Lambda+0x0000023d27448678
instanceKlass  @bci javafx/scene/control/skin/ComboBoxListViewSkin <init> (Ljavafx/scene/control/ComboBox;)V 180 <appendix> member <vmtarget> ; # javafx/scene/control/skin/ComboBoxListViewSkin$$Lambda+0x0000023d27448450
instanceKlass  @bci javafx/scene/control/skin/ComboBoxListViewSkin <init> (Ljavafx/scene/control/ComboBox;)V 165 <appendix> member <vmtarget> ; # javafx/scene/control/skin/ComboBoxListViewSkin$$Lambda+0x0000023d27448228
instanceKlass  @bci javafx/scene/control/skin/ComboBoxListViewSkin <init> (Ljavafx/scene/control/ComboBox;)V 150 <appendix> member <vmtarget> ; # javafx/scene/control/skin/ComboBoxListViewSkin$$Lambda+0x0000023d27448000
instanceKlass com/sun/javafx/scene/control/ReadOnlyUnbackedObservableList$SelectionListIterator
instanceKlass javafx/scene/control/ListView$StyleableProperties
instanceKlass  @bci javafx/scene/control/skin/ComboBoxListViewSkin createListView ()Ljavafx/scene/control/ListView; 101 <appendix> member <vmtarget> ; # javafx/scene/control/skin/ComboBoxListViewSkin$$Lambda+0x0000023d27447498
instanceKlass  @bci javafx/scene/control/skin/ComboBoxListViewSkin createListView ()Ljavafx/scene/control/ListView; 91 <appendix> member <vmtarget> ; # javafx/scene/control/skin/ComboBoxListViewSkin$$Lambda+0x0000023d27447280
instanceKlass  @bci javafx/scene/control/skin/ComboBoxListViewSkin lambda$createListView$12 (Lcom/sun/javafx/scene/control/ListenerHelper;Ljavafx/beans/value/ObservableValue;Ljavafx/scene/control/SingleSelectionModel;Ljavafx/scene/control/SingleSelectionModel;)V 29 <appendix> member <vmtarget> ; # javafx/scene/control/skin/ComboBoxListViewSkin$$Lambda+0x0000023d27447068
instanceKlass  @bci javafx/scene/control/skin/ComboBoxListViewSkin createListView ()Ljavafx/scene/control/ListView; 77 <appendix> member <vmtarget> ; # javafx/scene/control/skin/ComboBoxListViewSkin$$Lambda+0x0000023d27446e50
instanceKlass  @bci javafx/scene/control/skin/ComboBoxListViewSkin createListView ()Ljavafx/scene/control/ListView; 53 <appendix> member <vmtarget> ; # javafx/scene/control/skin/ComboBoxListViewSkin$$Lambda+0x0000023d27446c38
instanceKlass  @bci javafx/scene/control/skin/ComboBoxListViewSkin$3 <init> (Ljavafx/scene/control/skin/ComboBoxListViewSkin;)V 32 <appendix> member <vmtarget> ; # javafx/scene/control/skin/ComboBoxListViewSkin$3$$Lambda+0x0000023d27446600
instanceKlass  @bci javafx/scene/control/ListView <init> (Ljavafx/collections/ObservableList;)V 101 <appendix> member <vmtarget> ; # javafx/scene/control/ListView$$Lambda+0x0000023d274463e8
instanceKlass  @bci javafx/scene/control/ListView$ListViewFocusModel <init> (Ljavafx/scene/control/ListView;)V 123 <appendix> member <vmtarget> ; # javafx/scene/control/ListView$ListViewFocusModel$$Lambda+0x0000023d274461d0
instanceKlass javafx/scene/control/ListView$ListViewFocusModel$1
instanceKlass  @bci javafx/scene/control/ListView$ListViewFocusModel <init> (Ljavafx/scene/control/ListView;)V 11 <appendix> member <vmtarget> ; # javafx/scene/control/ListView$ListViewFocusModel$$Lambda+0x0000023d27445d98
instanceKlass  @bci javafx/scene/control/FocusModel <init> ()V 38 <appendix> member <vmtarget> ; # javafx/scene/control/FocusModel$$Lambda+0x0000023d27445b80
instanceKlass  @bci java/util/stream/IntPipeline boxed ()Ljava/util/stream/Stream; 1 <appendix> argL0 ; # java/util/stream/IntPipeline$$Lambda+0x0000023d27321208
instanceKlass java/util/BitSet$1BitSetSpliterator
instanceKlass javafx/scene/control/ListView$ListViewBitSetSelectionModel$1
instanceKlass javafx/scene/control/ListView$ListViewBitSetSelectionModel$2
instanceKlass  @bci com/sun/javafx/scene/control/SelectedItemsReadOnlyObservableList <init> (Ljavafx/collections/ObservableList;Ljava/util/function/Supplier;)V 28 <appendix> member <vmtarget> ; # com/sun/javafx/scene/control/SelectedItemsReadOnlyObservableList$$Lambda+0x0000023d27445528
instanceKlass  @bci javafx/scene/control/MultipleSelectionModelBase <init> ()V 40 <appendix> member <vmtarget> ; # javafx/scene/control/MultipleSelectionModelBase$$Lambda+0x0000023d27445310
instanceKlass java/util/BitSet
instanceKlass  @bci javafx/scene/control/MultipleSelectionModelBase <init> ()V 9 <appendix> member <vmtarget> ; # javafx/scene/control/MultipleSelectionModelBase$$Lambda+0x0000023d27444088
instanceKlass  @bci javafx/scene/control/ListView <init> (Ljavafx/collections/ObservableList;)V 11 <appendix> member <vmtarget> ; # javafx/scene/control/ListView$$Lambda+0x0000023d27442530
instanceKlass javafx/scene/control/FocusModel
instanceKlass  @bci javafx/scene/control/skin/ComboBoxListViewSkin <init> (Ljavafx/scene/control/ComboBox;)V 89 <appendix> member <vmtarget> ; # javafx/scene/control/skin/ComboBoxListViewSkin$$Lambda+0x0000023d2743f458
instanceKlass  @bci com/sun/javafx/scene/control/behavior/ComboBoxListViewBehavior <init> (Ljavafx/scene/control/ComboBox;)V 51 <appendix> member <vmtarget> ; # com/sun/javafx/scene/control/behavior/ComboBoxListViewBehavior$$Lambda+0x0000023d2743f240
instanceKlass  @bci com/sun/javafx/scene/control/behavior/ComboBoxListViewBehavior <init> (Ljavafx/scene/control/ComboBox;)V 32 <appendix> member <vmtarget> ; # com/sun/javafx/scene/control/behavior/ComboBoxListViewBehavior$$Lambda+0x0000023d2743f028
instanceKlass  @bci com/sun/javafx/scene/control/behavior/ComboBoxBaseBehavior <init> (Ljavafx/scene/control/ComboBoxBase;)V 326 <appendix> member <vmtarget> ; # com/sun/javafx/scene/control/behavior/ComboBoxBaseBehavior$$Lambda+0x0000023d2743ee10
instanceKlass  @bci com/sun/javafx/scene/control/behavior/ComboBoxBaseBehavior <init> (Ljavafx/scene/control/ComboBoxBase;)V 306 <appendix> member <vmtarget> ; # com/sun/javafx/scene/control/behavior/ComboBoxBaseBehavior$$Lambda+0x0000023d2743ebf8
instanceKlass  @bci com/sun/javafx/scene/control/behavior/ComboBoxBaseBehavior <init> (Ljavafx/scene/control/ComboBoxBase;)V 286 <appendix> member <vmtarget> ; # com/sun/javafx/scene/control/behavior/ComboBoxBaseBehavior$$Lambda+0x0000023d2743e9e0
instanceKlass  @bci com/sun/javafx/scene/control/behavior/ComboBoxBaseBehavior <init> (Ljavafx/scene/control/ComboBoxBase;)V 266 <appendix> member <vmtarget> ; # com/sun/javafx/scene/control/behavior/ComboBoxBaseBehavior$$Lambda+0x0000023d2743e7c8
instanceKlass  @bci com/sun/javafx/scene/control/behavior/ComboBoxBaseBehavior <init> (Ljavafx/scene/control/ComboBoxBase;)V 246 <appendix> member <vmtarget> ; # com/sun/javafx/scene/control/behavior/ComboBoxBaseBehavior$$Lambda+0x0000023d2743e5b0
instanceKlass  @bci com/sun/javafx/scene/control/behavior/ComboBoxBaseBehavior <init> (Ljavafx/scene/control/ComboBoxBase;)V 223 <appendix> member <vmtarget> ; # com/sun/javafx/scene/control/behavior/ComboBoxBaseBehavior$$Lambda+0x0000023d2743e398
instanceKlass  @bci com/sun/javafx/scene/control/behavior/ComboBoxBaseBehavior <init> (Ljavafx/scene/control/ComboBoxBase;)V 197 <appendix> member <vmtarget> ; # com/sun/javafx/scene/control/behavior/ComboBoxBaseBehavior$$Lambda+0x0000023d2743e180
instanceKlass  @bci com/sun/javafx/scene/control/behavior/ComboBoxBaseBehavior <init> (Ljavafx/scene/control/ComboBoxBase;)V 172 <appendix> member <vmtarget> ; # com/sun/javafx/scene/control/behavior/ComboBoxBaseBehavior$$Lambda+0x0000023d2743df68
instanceKlass  @bci com/sun/javafx/scene/control/behavior/ComboBoxBaseBehavior <init> (Ljavafx/scene/control/ComboBoxBase;)V 150 <appendix> member <vmtarget> ; # com/sun/javafx/scene/control/behavior/ComboBoxBaseBehavior$$Lambda+0x0000023d2743dd50
instanceKlass  @bci com/sun/javafx/scene/control/behavior/ComboBoxBaseBehavior <init> (Ljavafx/scene/control/ComboBoxBase;)V 128 <appendix> member <vmtarget> ; # com/sun/javafx/scene/control/behavior/ComboBoxBaseBehavior$$Lambda+0x0000023d2743db38
instanceKlass  @bci com/sun/javafx/scene/control/behavior/ComboBoxBaseBehavior <init> (Ljavafx/scene/control/ComboBoxBase;)V 34 <appendix> member <vmtarget> ; # com/sun/javafx/scene/control/behavior/ComboBoxBaseBehavior$$Lambda+0x0000023d2743d920
instanceKlass  @bci com/sun/javafx/scene/control/behavior/ComboBoxBaseBehavior <init> (Ljavafx/scene/control/ComboBoxBase;)V 7 <appendix> member <vmtarget> ; # com/sun/javafx/scene/control/behavior/ComboBoxBaseBehavior$$Lambda+0x0000023d2743d708
instanceKlass javafx/scene/control/skin/ComboBoxListViewSkin$1
instanceKlass  @bci javafx/scene/control/skin/ComboBoxPopupControl <init> (Ljavafx/scene/control/ComboBoxBase;)V 112 <appendix> member <vmtarget> ; # javafx/scene/control/skin/ComboBoxPopupControl$$Lambda+0x0000023d2743d2d0
instanceKlass  @bci javafx/scene/control/skin/ComboBoxPopupControl <init> (Ljavafx/scene/control/ComboBoxBase;)V 94 <appendix> member <vmtarget> ; # javafx/scene/control/skin/ComboBoxPopupControl$$Lambda+0x0000023d2743d0b8
instanceKlass  @bci javafx/scene/control/skin/ComboBoxPopupControl <init> (Ljavafx/scene/control/ComboBoxBase;)V 27 <appendix> member <vmtarget> ; # javafx/scene/control/skin/ComboBoxPopupControl$$Lambda+0x0000023d2743cea0
instanceKlass  @bci javafx/scene/control/skin/ComboBoxPopupControl <init> (Ljavafx/scene/control/ComboBoxBase;)V 17 <appendix> member <vmtarget> ; # javafx/scene/control/skin/ComboBoxPopupControl$$Lambda+0x0000023d2743cc88
instanceKlass  @bci javafx/scene/control/skin/ComboBoxBaseSkin <init> (Ljavafx/scene/control/ComboBoxBase;)V 286 <appendix> member <vmtarget> ; # javafx/scene/control/skin/ComboBoxBaseSkin$$Lambda+0x0000023d2743ca60
instanceKlass  @bci javafx/scene/control/skin/ComboBoxBaseSkin <init> (Ljavafx/scene/control/ComboBoxBase;)V 271 <appendix> member <vmtarget> ; # javafx/scene/control/skin/ComboBoxBaseSkin$$Lambda+0x0000023d2743c838
instanceKlass  @bci javafx/scene/control/skin/ComboBoxBaseSkin <init> (Ljavafx/scene/control/ComboBoxBase;)V 256 <appendix> member <vmtarget> ; # javafx/scene/control/skin/ComboBoxBaseSkin$$Lambda+0x0000023d2743c610
instanceKlass  @bci javafx/scene/control/skin/ComboBoxBaseSkin <init> (Ljavafx/scene/control/ComboBoxBase;)V 237 <appendix> member <vmtarget> ; # javafx/scene/control/skin/ComboBoxBaseSkin$$Lambda+0x0000023d2743c3f8
instanceKlass  @bci javafx/scene/control/skin/ComboBoxBaseSkin <init> (Ljavafx/scene/control/ComboBoxBase;)V 44 <appendix> member <vmtarget> ; # javafx/scene/control/skin/ComboBoxBaseSkin$$Lambda+0x0000023d2743c1e0
instanceKlass  @bci javafx/scene/control/skin/ComboBoxBaseSkin <init> (Ljavafx/scene/control/ComboBoxBase;)V 34 <appendix> member <vmtarget> ; # javafx/scene/control/skin/ComboBoxBaseSkin$$Lambda+0x0000023d2743bfc8
instanceKlass  @bci javafx/scene/control/skin/ComboBoxBaseSkin <init> (Ljavafx/scene/control/ComboBoxBase;)V 24 <appendix> member <vmtarget> ; # javafx/scene/control/skin/ComboBoxBaseSkin$$Lambda+0x0000023d2743bdb0
instanceKlass  @bci javafx/scene/control/skin/ComboBoxBaseSkin <init> (Ljavafx/scene/control/ComboBoxBase;)V 14 <appendix> member <vmtarget> ; # javafx/scene/control/skin/ComboBoxBaseSkin$$Lambda+0x0000023d2743bb98
instanceKlass com/sun/javafx/geom/Path2D$SVGParser
instanceKlass com/sun/javafx/geom/Path2D$Iterator
instanceKlass com/sun/javafx/scene/shape/PathUtils
instanceKlass javafx/scene/control/skin/TextFieldSkin$8
instanceKlass javafx/scene/control/skin/TextInputControlSkin$StyleableProperties
instanceKlass javafx/scene/control/skin/TextInputControlSkin$6
instanceKlass  @bci javafx/scene/control/skin/TextFieldSkin <init> (Ljavafx/scene/control/TextField;)V 786 <appendix> member <vmtarget> ; # javafx/scene/control/skin/TextFieldSkin$$Lambda+0x0000023d27436c00
instanceKlass  @bci javafx/scene/control/skin/TextFieldSkin <init> (Ljavafx/scene/control/TextField;)V 755 <appendix> member <vmtarget> ; # javafx/scene/control/skin/TextFieldSkin$$Lambda+0x0000023d274369d8
instanceKlass  @bci javafx/scene/control/skin/TextFieldSkin <init> (Ljavafx/scene/control/TextField;)V 741 <appendix> member <vmtarget> ; # javafx/scene/control/skin/TextFieldSkin$$Lambda+0x0000023d274367c0
instanceKlass  @bci javafx/scene/control/skin/TextFieldSkin <init> (Ljavafx/scene/control/TextField;)V 715 <appendix> member <vmtarget> ; # javafx/scene/control/skin/TextFieldSkin$$Lambda+0x0000023d274361a8
instanceKlass  @bci javafx/scene/control/skin/TextFieldSkin <init> (Ljavafx/scene/control/TextField;)V 688 <appendix> member <vmtarget> ; # javafx/scene/control/skin/TextFieldSkin$$Lambda+0x0000023d27435f80
instanceKlass  @bci javafx/scene/control/skin/TextFieldSkin <init> (Ljavafx/scene/control/TextField;)V 674 <appendix> member <vmtarget> ; # javafx/scene/control/skin/TextFieldSkin$$Lambda+0x0000023d27435d58
instanceKlass  @bci javafx/scene/control/skin/TextFieldSkin <init> (Ljavafx/scene/control/TextField;)V 659 <appendix> member <vmtarget> ; # javafx/scene/control/skin/TextFieldSkin$$Lambda+0x0000023d27435b40
instanceKlass  @bci javafx/scene/control/skin/TextFieldSkin <init> (Ljavafx/scene/control/TextField;)V 566 <appendix> member <vmtarget> ; # javafx/scene/control/skin/TextFieldSkin$$Lambda+0x0000023d27434da8
instanceKlass  @bci com/sun/javafx/scene/control/LambdaMultiplePropertyChangeListenerHandler registerInvalidationListener (Ljavafx/beans/Observable;Ljava/util/function/Consumer;)V 38 <appendix> argL0 ; # com/sun/javafx/scene/control/LambdaMultiplePropertyChangeListenerHandler$$Lambda+0x0000023d27434b88
instanceKlass  @bci javafx/scene/control/skin/TextFieldSkin <init> (Ljavafx/scene/control/TextField;)V 477 <appendix> member <vmtarget> ; # javafx/scene/control/skin/TextFieldSkin$$Lambda+0x0000023d27434960
instanceKlass javafx/beans/property/StringPropertyBase$Listener
instanceKlass  @bci javafx/scene/control/skin/TextFieldSkin <init> (Ljavafx/scene/control/TextField;)V 136 <appendix> member <vmtarget> ; # javafx/scene/control/skin/TextFieldSkin$$Lambda+0x0000023d274330e8
instanceKlass  @bci javafx/scene/control/skin/TextFieldSkin <init> (Ljavafx/scene/control/TextField;)V 122 <appendix> member <vmtarget> ; # javafx/scene/control/skin/TextFieldSkin$$Lambda+0x0000023d27432ec0
instanceKlass  @bci com/sun/javafx/scene/control/behavior/TextFieldBehavior <init> (Ljavafx/scene/control/TextField;)V 94 <appendix> member <vmtarget> ; # com/sun/javafx/scene/control/behavior/TextFieldBehavior$$Lambda+0x0000023d27432ca8
instanceKlass  @bci com/sun/javafx/scene/control/behavior/TextFieldBehavior <init> (Ljavafx/scene/control/TextField;)V 69 <appendix> member <vmtarget> ; # com/sun/javafx/scene/control/behavior/TextFieldBehavior$$Lambda+0x0000023d27432a90
instanceKlass  @bci com/sun/javafx/scene/control/behavior/TextFieldBehavior <init> (Ljavafx/scene/control/TextField;)V 43 <appendix> member <vmtarget> ; # com/sun/javafx/scene/control/behavior/TextFieldBehavior$$Lambda+0x0000023d27432878
instanceKlass javafx/stage/PopupWindow$3
instanceKlass  @bci javafx/stage/PopupWindow <init> ()V 29 <appendix> member <vmtarget> ; # javafx/stage/PopupWindow$$Lambda+0x0000023d274316a8
instanceKlass javafx/stage/PopupWindow$2
instanceKlass javafx/stage/PopupWindow$1
instanceKlass com/sun/javafx/stage/PopupWindowHelper$PopupWindowAccessor
instanceKlass com/sun/javafx/scene/control/behavior/TextInputControlBehavior$2
instanceKlass  @bci com/sun/javafx/scene/control/behavior/TextInputControlBehavior <init> (Ljavafx/scene/control/TextInputControl;)V 2061 <appendix> member <vmtarget> ; # com/sun/javafx/scene/control/behavior/TextInputControlBehavior$$Lambda+0x0000023d27429d78
instanceKlass  @bci com/sun/javafx/scene/control/behavior/TextInputControlBehavior <init> (Ljavafx/scene/control/TextInputControl;)V 2031 <appendix> member <vmtarget> ; # com/sun/javafx/scene/control/behavior/TextInputControlBehavior$$Lambda+0x0000023d27429b60
instanceKlass  @bci com/sun/javafx/scene/control/behavior/TextInputControlBehavior <init> (Ljavafx/scene/control/TextInputControl;)V 1999 <appendix> member <vmtarget> ; # com/sun/javafx/scene/control/behavior/TextInputControlBehavior$$Lambda+0x0000023d27429948
instanceKlass  @bci com/sun/javafx/scene/control/behavior/TextInputControlBehavior <init> (Ljavafx/scene/control/TextInputControl;)V 1968 <appendix> member <vmtarget> ; # com/sun/javafx/scene/control/behavior/TextInputControlBehavior$$Lambda+0x0000023d27429730
instanceKlass  @bci com/sun/javafx/scene/control/behavior/TextInputControlBehavior <init> (Ljavafx/scene/control/TextInputControl;)V 1941 <appendix> member <vmtarget> ; # com/sun/javafx/scene/control/behavior/TextInputControlBehavior$$Lambda+0x0000023d27429518
instanceKlass  @bci com/sun/javafx/scene/control/behavior/TextInputControlBehavior <init> (Ljavafx/scene/control/TextInputControl;)V 1914 <appendix> member <vmtarget> ; # com/sun/javafx/scene/control/behavior/TextInputControlBehavior$$Lambda+0x0000023d27429300
instanceKlass  @bci com/sun/javafx/scene/control/behavior/TextInputControlBehavior <init> (Ljavafx/scene/control/TextInputControl;)V 1887 <appendix> member <vmtarget> ; # com/sun/javafx/scene/control/behavior/TextInputControlBehavior$$Lambda+0x0000023d274290e8
instanceKlass  @bci com/sun/javafx/scene/control/behavior/TextInputControlBehavior <init> (Ljavafx/scene/control/TextInputControl;)V 1861 <appendix> member <vmtarget> ; # com/sun/javafx/scene/control/behavior/TextInputControlBehavior$$Lambda+0x0000023d27428ed0
instanceKlass  @bci com/sun/javafx/scene/control/behavior/TextInputControlBehavior <init> (Ljavafx/scene/control/TextInputControl;)V 1835 <appendix> member <vmtarget> ; # com/sun/javafx/scene/control/behavior/TextInputControlBehavior$$Lambda+0x0000023d27428cb8
instanceKlass  @bci com/sun/javafx/scene/control/behavior/TextInputControlBehavior <init> (Ljavafx/scene/control/TextInputControl;)V 1809 <appendix> member <vmtarget> ; # com/sun/javafx/scene/control/behavior/TextInputControlBehavior$$Lambda+0x0000023d27428aa0
instanceKlass  @bci com/sun/javafx/scene/control/behavior/TextInputControlBehavior <init> (Ljavafx/scene/control/TextInputControl;)V 1783 <appendix> member <vmtarget> ; # com/sun/javafx/scene/control/behavior/TextInputControlBehavior$$Lambda+0x0000023d27428888
instanceKlass  @bci com/sun/javafx/scene/control/behavior/TextInputControlBehavior <init> (Ljavafx/scene/control/TextInputControl;)V 1757 <appendix> member <vmtarget> ; # com/sun/javafx/scene/control/behavior/TextInputControlBehavior$$Lambda+0x0000023d27428670
instanceKlass  @bci com/sun/javafx/scene/control/behavior/TextInputControlBehavior <init> (Ljavafx/scene/control/TextInputControl;)V 1722 <appendix> argL0 ; # com/sun/javafx/scene/control/behavior/TextInputControlBehavior$$Lambda+0x0000023d27428430
instanceKlass  @bci com/sun/javafx/scene/control/behavior/TextInputControlBehavior <init> (Ljavafx/scene/control/TextInputControl;)V 1685 <appendix> member <vmtarget> ; # com/sun/javafx/scene/control/behavior/TextInputControlBehavior$$Lambda+0x0000023d27428218
instanceKlass  @bci com/sun/javafx/scene/control/behavior/TextInputControlBehavior <init> (Ljavafx/scene/control/TextInputControl;)V 1655 <appendix> member <vmtarget> ; # com/sun/javafx/scene/control/behavior/TextInputControlBehavior$$Lambda+0x0000023d27428000
instanceKlass  @bci com/sun/javafx/scene/control/behavior/TextInputControlBehavior <init> (Ljavafx/scene/control/TextInputControl;)V 1625 <appendix> member <vmtarget> ; # com/sun/javafx/scene/control/behavior/TextInputControlBehavior$$Lambda+0x0000023d27427c08
instanceKlass  @bci com/sun/javafx/scene/control/behavior/TextInputControlBehavior <init> (Ljavafx/scene/control/TextInputControl;)V 1595 <appendix> member <vmtarget> ; # com/sun/javafx/scene/control/behavior/TextInputControlBehavior$$Lambda+0x0000023d274279f0
instanceKlass  @bci com/sun/javafx/scene/control/behavior/TextInputControlBehavior <init> (Ljavafx/scene/control/TextInputControl;)V 1565 <appendix> member <vmtarget> ; # com/sun/javafx/scene/control/behavior/TextInputControlBehavior$$Lambda+0x0000023d274277d8
instanceKlass  @bci com/sun/javafx/scene/control/behavior/TextInputControlBehavior <init> (Ljavafx/scene/control/TextInputControl;)V 1535 <appendix> member <vmtarget> ; # com/sun/javafx/scene/control/behavior/TextInputControlBehavior$$Lambda+0x0000023d274275c0
instanceKlass  @bci com/sun/javafx/scene/control/behavior/TextInputControlBehavior <init> (Ljavafx/scene/control/TextInputControl;)V 1508 <appendix> member <vmtarget> ; # com/sun/javafx/scene/control/behavior/TextInputControlBehavior$$Lambda+0x0000023d274273a8
instanceKlass  @bci com/sun/javafx/scene/control/behavior/TextInputControlBehavior <init> (Ljavafx/scene/control/TextInputControl;)V 1481 <appendix> member <vmtarget> ; # com/sun/javafx/scene/control/behavior/TextInputControlBehavior$$Lambda+0x0000023d27427190
instanceKlass  @bci com/sun/javafx/scene/control/behavior/TextInputControlBehavior <init> (Ljavafx/scene/control/TextInputControl;)V 1454 <appendix> member <vmtarget> ; # com/sun/javafx/scene/control/behavior/TextInputControlBehavior$$Lambda+0x0000023d27426f78
instanceKlass  @bci com/sun/javafx/scene/control/behavior/TextInputControlBehavior <init> (Ljavafx/scene/control/TextInputControl;)V 1428 <appendix> member <vmtarget> ; # com/sun/javafx/scene/control/behavior/TextInputControlBehavior$$Lambda+0x0000023d27426d60
instanceKlass  @bci com/sun/javafx/scene/control/behavior/TextInputControlBehavior <init> (Ljavafx/scene/control/TextInputControl;)V 1402 <appendix> member <vmtarget> ; # com/sun/javafx/scene/control/behavior/TextInputControlBehavior$$Lambda+0x0000023d27426b48
instanceKlass  @bci com/sun/javafx/scene/control/behavior/TextInputControlBehavior <init> (Ljavafx/scene/control/TextInputControl;)V 1376 <appendix> member <vmtarget> ; # com/sun/javafx/scene/control/behavior/TextInputControlBehavior$$Lambda+0x0000023d27426930
instanceKlass  @bci com/sun/javafx/scene/control/behavior/TextInputControlBehavior <init> (Ljavafx/scene/control/TextInputControl;)V 1350 <appendix> member <vmtarget> ; # com/sun/javafx/scene/control/behavior/TextInputControlBehavior$$Lambda+0x0000023d27426718
instanceKlass  @bci com/sun/javafx/scene/control/behavior/TextInputControlBehavior <init> (Ljavafx/scene/control/TextInputControl;)V 1324 <appendix> member <vmtarget> ; # com/sun/javafx/scene/control/behavior/TextInputControlBehavior$$Lambda+0x0000023d27426500
instanceKlass  @bci com/sun/javafx/scene/control/behavior/TextInputControlBehavior <init> (Ljavafx/scene/control/TextInputControl;)V 1289 <appendix> argL0 ; # com/sun/javafx/scene/control/behavior/TextInputControlBehavior$$Lambda+0x0000023d274262c0
instanceKlass  @bci com/sun/javafx/scene/control/behavior/TextInputControlBehavior <init> (Ljavafx/scene/control/TextInputControl;)V 1247 <appendix> member <vmtarget> ; # com/sun/javafx/scene/control/behavior/TextInputControlBehavior$$Lambda+0x0000023d274260a8
instanceKlass  @bci com/sun/javafx/scene/control/behavior/TextInputControlBehavior <init> (Ljavafx/scene/control/TextInputControl;)V 1226 <appendix> member <vmtarget> ; # com/sun/javafx/scene/control/behavior/TextInputControlBehavior$$Lambda+0x0000023d27425c80
instanceKlass  @bci com/sun/javafx/scene/control/behavior/TextInputControlBehavior <init> (Ljavafx/scene/control/TextInputControl;)V 1206 <appendix> member <vmtarget> ; # com/sun/javafx/scene/control/behavior/TextInputControlBehavior$$Lambda+0x0000023d27425a68
instanceKlass  @bci com/sun/javafx/scene/control/behavior/TextInputControlBehavior <init> (Ljavafx/scene/control/TextInputControl;)V 1186 <appendix> member <vmtarget> ; # com/sun/javafx/scene/control/behavior/TextInputControlBehavior$$Lambda+0x0000023d27425850
instanceKlass  @bci com/sun/javafx/scene/control/behavior/TextInputControlBehavior <init> (Ljavafx/scene/control/TextInputControl;)V 1166 <appendix> argL0 ; # com/sun/javafx/scene/control/behavior/TextInputControlBehavior$$Lambda+0x0000023d27425610
instanceKlass  @bci com/sun/javafx/scene/control/behavior/TextInputControlBehavior <init> (Ljavafx/scene/control/TextInputControl;)V 1161 <appendix> member <vmtarget> ; # com/sun/javafx/scene/control/behavior/TextInputControlBehavior$$Lambda+0x0000023d274253f8
instanceKlass  @bci com/sun/javafx/scene/control/behavior/TextInputControlBehavior <init> (Ljavafx/scene/control/TextInputControl;)V 1125 <appendix> argL0 ; # com/sun/javafx/scene/control/behavior/TextInputControlBehavior$$Lambda+0x0000023d274251e8
instanceKlass  @bci com/sun/javafx/scene/control/behavior/TextInputControlBehavior <init> (Ljavafx/scene/control/TextInputControl;)V 1095 <appendix> member <vmtarget> ; # com/sun/javafx/scene/control/behavior/TextInputControlBehavior$$Lambda+0x0000023d27424fd0
instanceKlass  @bci com/sun/javafx/scene/control/behavior/TextInputControlBehavior <init> (Ljavafx/scene/control/TextInputControl;)V 1046 <appendix> member <vmtarget> ; # com/sun/javafx/scene/control/behavior/TextInputControlBehavior$$Lambda+0x0000023d27424db8
instanceKlass  @bci com/sun/javafx/scene/control/behavior/TextInputControlBehavior <init> (Ljavafx/scene/control/TextInputControl;)V 1016 <appendix> member <vmtarget> ; # com/sun/javafx/scene/control/behavior/TextInputControlBehavior$$Lambda+0x0000023d27424ba0
instanceKlass  @bci com/sun/javafx/scene/control/behavior/TextInputControlBehavior <init> (Ljavafx/scene/control/TextInputControl;)V 996 <appendix> argL0 ; # com/sun/javafx/scene/control/behavior/TextInputControlBehavior$$Lambda+0x0000023d27424990
instanceKlass  @bci com/sun/javafx/scene/control/behavior/TextInputControlBehavior <init> (Ljavafx/scene/control/TextInputControl;)V 964 <appendix> argL0 ; # com/sun/javafx/scene/control/behavior/TextInputControlBehavior$$Lambda+0x0000023d27424780
instanceKlass  @bci com/sun/javafx/scene/control/behavior/TextInputControlBehavior <init> (Ljavafx/scene/control/TextInputControl;)V 935 <appendix> argL0 ; # com/sun/javafx/scene/control/behavior/TextInputControlBehavior$$Lambda+0x0000023d27424570
instanceKlass  @bci com/sun/javafx/scene/control/behavior/TextInputControlBehavior <init> (Ljavafx/scene/control/TextInputControl;)V 906 <appendix> argL0 ; # com/sun/javafx/scene/control/behavior/TextInputControlBehavior$$Lambda+0x0000023d27424360
instanceKlass  @bci com/sun/javafx/scene/control/behavior/TextInputControlBehavior <init> (Ljavafx/scene/control/TextInputControl;)V 880 <appendix> member <vmtarget> ; # com/sun/javafx/scene/control/behavior/TextInputControlBehavior$$Lambda+0x0000023d27424148
instanceKlass  @bci com/sun/javafx/scene/control/behavior/TextInputControlBehavior <init> (Ljavafx/scene/control/TextInputControl;)V 853 <appendix> member <vmtarget> ; # com/sun/javafx/scene/control/behavior/TextInputControlBehavior$$Lambda+0x0000023d27423f30
instanceKlass  @bci com/sun/javafx/scene/control/behavior/TextInputControlBehavior <init> (Ljavafx/scene/control/TextInputControl;)V 823 <appendix> member <vmtarget> ; # com/sun/javafx/scene/control/behavior/TextInputControlBehavior$$Lambda+0x0000023d27423d18
instanceKlass  @bci com/sun/javafx/scene/control/behavior/TextInputControlBehavior <init> (Ljavafx/scene/control/TextInputControl;)V 793 <appendix> member <vmtarget> ; # com/sun/javafx/scene/control/behavior/TextInputControlBehavior$$Lambda+0x0000023d27423b00
instanceKlass  @bci com/sun/javafx/scene/control/behavior/TextInputControlBehavior <init> (Ljavafx/scene/control/TextInputControl;)V 766 <appendix> member <vmtarget> ; # com/sun/javafx/scene/control/behavior/TextInputControlBehavior$$Lambda+0x0000023d274238e8
instanceKlass  @bci com/sun/javafx/scene/control/behavior/TextInputControlBehavior <init> (Ljavafx/scene/control/TextInputControl;)V 739 <appendix> member <vmtarget> ; # com/sun/javafx/scene/control/behavior/TextInputControlBehavior$$Lambda+0x0000023d274236d0
instanceKlass  @bci com/sun/javafx/scene/control/behavior/TextInputControlBehavior <init> (Ljavafx/scene/control/TextInputControl;)V 712 <appendix> member <vmtarget> ; # com/sun/javafx/scene/control/behavior/TextInputControlBehavior$$Lambda+0x0000023d274234b8
instanceKlass  @bci com/sun/javafx/scene/control/behavior/TextInputControlBehavior <init> (Ljavafx/scene/control/TextInputControl;)V 684 <appendix> member <vmtarget> ; # com/sun/javafx/scene/control/behavior/TextInputControlBehavior$$Lambda+0x0000023d274232a0
instanceKlass  @bci com/sun/javafx/scene/control/behavior/TextInputControlBehavior <init> (Ljavafx/scene/control/TextInputControl;)V 656 <appendix> member <vmtarget> ; # com/sun/javafx/scene/control/behavior/TextInputControlBehavior$$Lambda+0x0000023d27423088
instanceKlass  @bci com/sun/javafx/scene/control/behavior/TextInputControlBehavior <init> (Ljavafx/scene/control/TextInputControl;)V 631 <appendix> member <vmtarget> ; # com/sun/javafx/scene/control/behavior/TextInputControlBehavior$$Lambda+0x0000023d27422e70
instanceKlass  @bci com/sun/javafx/scene/control/behavior/TextInputControlBehavior <init> (Ljavafx/scene/control/TextInputControl;)V 604 <appendix> member <vmtarget> ; # com/sun/javafx/scene/control/behavior/TextInputControlBehavior$$Lambda+0x0000023d27422c58
instanceKlass  @bci com/sun/javafx/scene/control/behavior/TextInputControlBehavior <init> (Ljavafx/scene/control/TextInputControl;)V 587 <appendix> member <vmtarget> ; # com/sun/javafx/scene/control/behavior/TextInputControlBehavior$$Lambda+0x0000023d27422a40
instanceKlass  @bci com/sun/javafx/scene/control/behavior/TextInputControlBehavior <init> (Ljavafx/scene/control/TextInputControl;)V 560 <appendix> member <vmtarget> ; # com/sun/javafx/scene/control/behavior/TextInputControlBehavior$$Lambda+0x0000023d27422828
instanceKlass  @bci com/sun/javafx/scene/control/behavior/TextInputControlBehavior <init> (Ljavafx/scene/control/TextInputControl;)V 532 <appendix> member <vmtarget> ; # com/sun/javafx/scene/control/behavior/TextInputControlBehavior$$Lambda+0x0000023d27422610
instanceKlass  @bci com/sun/javafx/scene/control/behavior/TextInputControlBehavior <init> (Ljavafx/scene/control/TextInputControl;)V 507 <appendix> member <vmtarget> ; # com/sun/javafx/scene/control/behavior/TextInputControlBehavior$$Lambda+0x0000023d274223f8
instanceKlass  @bci com/sun/javafx/scene/control/behavior/TextInputControlBehavior <init> (Ljavafx/scene/control/TextInputControl;)V 479 <appendix> member <vmtarget> ; # com/sun/javafx/scene/control/behavior/TextInputControlBehavior$$Lambda+0x0000023d274221e0
instanceKlass  @bci com/sun/javafx/scene/control/behavior/TextInputControlBehavior <init> (Ljavafx/scene/control/TextInputControl;)V 454 <appendix> member <vmtarget> ; # com/sun/javafx/scene/control/behavior/TextInputControlBehavior$$Lambda+0x0000023d27421fc8
instanceKlass  @bci com/sun/javafx/scene/control/behavior/TextInputControlBehavior <init> (Ljavafx/scene/control/TextInputControl;)V 426 <appendix> member <vmtarget> ; # com/sun/javafx/scene/control/behavior/TextInputControlBehavior$$Lambda+0x0000023d27421db0
instanceKlass  @bci com/sun/javafx/scene/control/behavior/TextInputControlBehavior <init> (Ljavafx/scene/control/TextInputControl;)V 402 <appendix> member <vmtarget> ; # com/sun/javafx/scene/control/behavior/TextInputControlBehavior$$Lambda+0x0000023d27421b98
instanceKlass  @bci com/sun/javafx/scene/control/behavior/TextInputControlBehavior <init> (Ljavafx/scene/control/TextInputControl;)V 375 <appendix> member <vmtarget> ; # com/sun/javafx/scene/control/behavior/TextInputControlBehavior$$Lambda+0x0000023d27421980
instanceKlass com/sun/javafx/scene/control/inputmap/KeyBinding$1
instanceKlass  @bci com/sun/javafx/scene/control/behavior/TextInputControlBehavior <init> (Ljavafx/scene/control/TextInputControl;)V 345 <appendix> member <vmtarget> ; # com/sun/javafx/scene/control/behavior/TextInputControlBehavior$$Lambda+0x0000023d27421570
instanceKlass  @bci com/sun/javafx/scene/control/behavior/TextInputControlBehavior <init> (Ljavafx/scene/control/TextInputControl;)V 328 <appendix> member <vmtarget> ; # com/sun/javafx/scene/control/behavior/TextInputControlBehavior$$Lambda+0x0000023d27421358
instanceKlass  @bci com/sun/javafx/scene/control/behavior/TextInputControlBehavior <init> (Ljavafx/scene/control/TextInputControl;)V 312 <appendix> member <vmtarget> ; # com/sun/javafx/scene/control/behavior/TextInputControlBehavior$$Lambda+0x0000023d27421140
instanceKlass  @bci com/sun/javafx/scene/control/behavior/TextInputControlBehavior <init> (Ljavafx/scene/control/TextInputControl;)V 296 <appendix> member <vmtarget> ; # com/sun/javafx/scene/control/behavior/TextInputControlBehavior$$Lambda+0x0000023d27420f28
instanceKlass  @bci com/sun/javafx/scene/control/behavior/TextInputControlBehavior <init> (Ljavafx/scene/control/TextInputControl;)V 280 <appendix> member <vmtarget> ; # com/sun/javafx/scene/control/behavior/TextInputControlBehavior$$Lambda+0x0000023d27420d10
instanceKlass  @bci com/sun/javafx/scene/control/behavior/TextInputControlBehavior <init> (Ljavafx/scene/control/TextInputControl;)V 264 <appendix> member <vmtarget> ; # com/sun/javafx/scene/control/behavior/TextInputControlBehavior$$Lambda+0x0000023d27420af8
instanceKlass  @bci com/sun/javafx/scene/control/behavior/TextInputControlBehavior keyMapping (Lcom/sun/javafx/scene/control/inputmap/KeyBinding;Ljavafx/event/EventHandler;Ljava/util/function/Predicate;)Lcom/sun/javafx/scene/control/inputmap/InputMap$KeyMapping; 7 <appendix> member <vmtarget> ; # com/sun/javafx/scene/control/behavior/TextInputControlBehavior$$Lambda+0x0000023d274208e0
instanceKlass  @bci com/sun/javafx/scene/control/behavior/TextInputControlBehavior <init> (Ljavafx/scene/control/TextInputControl;)V 248 <appendix> member <vmtarget> ; # com/sun/javafx/scene/control/behavior/TextInputControlBehavior$$Lambda+0x0000023d274206c8
instanceKlass  @bci com/sun/javafx/scene/control/behavior/TextInputControlBehavior <init> (Ljavafx/scene/control/TextInputControl;)V 224 <appendix> argL0 ; # com/sun/javafx/scene/control/behavior/TextInputControlBehavior$$Lambda+0x0000023d27420488
instanceKlass  @bci com/sun/javafx/scene/control/behavior/TextInputControlBehavior <init> (Ljavafx/scene/control/TextInputControl;)V 218 <appendix> argL0 ; # com/sun/javafx/scene/control/behavior/TextInputControlBehavior$$Lambda+0x0000023d27420248
instanceKlass  @bci com/sun/javafx/scene/control/behavior/TextInputControlBehavior <init> (Ljavafx/scene/control/TextInputControl;)V 212 <appendix> member <vmtarget> ; # com/sun/javafx/scene/control/behavior/TextInputControlBehavior$$Lambda+0x0000023d27420000
instanceKlass  @bci com/sun/javafx/scene/control/behavior/TextInputControlBehavior <init> (Ljavafx/scene/control/TextInputControl;)V 176 <appendix> member <vmtarget> ; # com/sun/javafx/scene/control/behavior/TextInputControlBehavior$$Lambda+0x0000023d2741e3d0
instanceKlass  @bci com/sun/javafx/scene/control/behavior/TextInputControlBehavior <init> (Ljavafx/scene/control/TextInputControl;)V 157 <appendix> member <vmtarget> ; # com/sun/javafx/scene/control/behavior/TextInputControlBehavior$$Lambda+0x0000023d2741e1b8
instanceKlass  @bci com/sun/javafx/scene/control/behavior/TextInputControlBehavior <init> (Ljavafx/scene/control/TextInputControl;)V 138 <appendix> member <vmtarget> ; # com/sun/javafx/scene/control/behavior/TextInputControlBehavior$$Lambda+0x0000023d2741dfa0
instanceKlass  @bci com/sun/javafx/scene/control/behavior/TextInputControlBehavior <init> (Ljavafx/scene/control/TextInputControl;)V 119 <appendix> member <vmtarget> ; # com/sun/javafx/scene/control/behavior/TextInputControlBehavior$$Lambda+0x0000023d2741dd88
instanceKlass  @bci com/sun/javafx/scene/control/behavior/TextInputControlBehavior <init> (Ljavafx/scene/control/TextInputControl;)V 100 <appendix> member <vmtarget> ; # com/sun/javafx/scene/control/behavior/TextInputControlBehavior$$Lambda+0x0000023d2741db70
instanceKlass  @bci com/sun/javafx/scene/control/behavior/TextInputControlBehavior <init> (Ljavafx/scene/control/TextInputControl;)V 81 <appendix> member <vmtarget> ; # com/sun/javafx/scene/control/behavior/TextInputControlBehavior$$Lambda+0x0000023d2741d958
instanceKlass  @bci com/sun/javafx/scene/control/behavior/TextInputControlBehavior <init> (Ljavafx/scene/control/TextInputControl;)V 62 <appendix> member <vmtarget> ; # com/sun/javafx/scene/control/behavior/TextInputControlBehavior$$Lambda+0x0000023d2741d740
instanceKlass com/sun/javafx/scene/control/skin/resources/ControlResources
instanceKlass  @bci com/sun/javafx/scene/control/behavior/TextInputControlBehavior <init> (Ljavafx/scene/control/TextInputControl;)V 43 <appendix> member <vmtarget> ; # com/sun/javafx/scene/control/behavior/TextInputControlBehavior$$Lambda+0x0000023d2741d330
instanceKlass  @bci com/sun/javafx/scene/control/behavior/TextInputControlBehavior <init> (Ljavafx/scene/control/TextInputControl;)V 7 <appendix> member <vmtarget> ; # com/sun/javafx/scene/control/behavior/TextInputControlBehavior$$Lambda+0x0000023d2741bea8
instanceKlass javafx/scene/control/MenuItem
instanceKlass  @bci javafx/scene/control/skin/TextInputControlSkin <init> (Ljavafx/scene/control/TextInputControl;)V 59 <appendix> member <vmtarget> ; # javafx/scene/control/skin/TextInputControlSkin$$Lambda+0x0000023d27419e98
instanceKlass  @bci javafx/scene/control/skin/TextInputControlSkin$CaretBlinking <init> (Ljavafx/beans/property/BooleanProperty;)V 82 <appendix> member <vmtarget> ; # javafx/scene/control/skin/TextInputControlSkin$CaretBlinking$$Lambda+0x0000023d27419c80
instanceKlass  @bci javafx/scene/control/skin/TextInputControlSkin$CaretBlinking <init> (Ljavafx/beans/property/BooleanProperty;)V 56 <appendix> member <vmtarget> ; # javafx/scene/control/skin/TextInputControlSkin$CaretBlinking$$Lambda+0x0000023d27419a68
instanceKlass javafx/scene/control/skin/TextInputControlSkin$CaretBlinking
instanceKlass  @bci javafx/scene/control/skin/TextInputControlSkin <clinit> ()V 4 <appendix> argL0 ; # javafx/scene/control/skin/TextInputControlSkin$$Lambda+0x0000023d27419658
instanceKlass javafx/scene/paint/Stop
instanceKlass  @bci javafx/scene/control/skin/ScrollBarSkin <init> (Ljavafx/scene/control/ScrollBar;)V 93 <appendix> member <vmtarget> ; # javafx/scene/control/skin/ScrollBarSkin$$Lambda+0x0000023d27415d80
instanceKlass  @bci javafx/scene/control/skin/ScrollBarSkin <init> (Ljavafx/scene/control/ScrollBar;)V 78 <appendix> member <vmtarget> ; # javafx/scene/control/skin/ScrollBarSkin$$Lambda+0x0000023d27415b58
instanceKlass  @bci javafx/scene/control/skin/ScrollBarSkin <init> (Ljavafx/scene/control/ScrollBar;)V 38 <appendix> member <vmtarget> ; # javafx/scene/control/skin/ScrollBarSkin$$Lambda+0x0000023d27415940
instanceKlass  @bci javafx/scene/control/skin/ScrollBarSkin initialize ()V 314 <appendix> member <vmtarget> ; # javafx/scene/control/skin/ScrollBarSkin$$Lambda+0x0000023d27415728
instanceKlass  @bci javafx/scene/control/skin/ScrollBarSkin initialize ()V 294 <appendix> member <vmtarget> ; # javafx/scene/control/skin/ScrollBarSkin$$Lambda+0x0000023d27415510
instanceKlass  @bci javafx/scene/control/skin/ScrollBarSkin initialize ()V 281 <appendix> member <vmtarget> ; # javafx/scene/control/skin/ScrollBarSkin$$Lambda+0x0000023d274152f8
instanceKlass  @bci javafx/scene/control/skin/ScrollBarSkin initialize ()V 268 <appendix> member <vmtarget> ; # javafx/scene/control/skin/ScrollBarSkin$$Lambda+0x0000023d274150e0
instanceKlass  @bci javafx/scene/control/skin/ScrollBarSkin initialize ()V 255 <appendix> member <vmtarget> ; # javafx/scene/control/skin/ScrollBarSkin$$Lambda+0x0000023d27414ec8
instanceKlass  @bci javafx/scene/control/skin/ScrollBarSkin initialize ()V 242 <appendix> member <vmtarget> ; # javafx/scene/control/skin/ScrollBarSkin$$Lambda+0x0000023d27414cb0
instanceKlass  @bci javafx/scene/control/skin/ScrollBarSkin initialize ()V 229 <appendix> member <vmtarget> ; # javafx/scene/control/skin/ScrollBarSkin$$Lambda+0x0000023d27414a98
instanceKlass  @bci javafx/scene/control/skin/ScrollBarSkin initialize ()V 216 <appendix> member <vmtarget> ; # javafx/scene/control/skin/ScrollBarSkin$$Lambda+0x0000023d27414880
instanceKlass  @bci javafx/scene/control/skin/ScrollBarSkin initialize ()V 203 <appendix> member <vmtarget> ; # javafx/scene/control/skin/ScrollBarSkin$$Lambda+0x0000023d27414668
instanceKlass  @bci javafx/scene/control/skin/ScrollBarSkin initialize ()V 162 <appendix> member <vmtarget> ; # javafx/scene/control/skin/ScrollBarSkin$$Lambda+0x0000023d27414450
instanceKlass  @bci javafx/scene/control/skin/ScrollBarSkin initialize ()V 149 <appendix> member <vmtarget> ; # javafx/scene/control/skin/ScrollBarSkin$$Lambda+0x0000023d27414238
instanceKlass com/sun/javafx/scene/control/Properties
instanceKlass  @bci com/sun/javafx/scene/control/behavior/ScrollBarBehavior <init> (Ljavafx/scene/control/ScrollBar;)V 285 <appendix> member <vmtarget> ; # com/sun/javafx/scene/control/behavior/ScrollBarBehavior$$Lambda+0x0000023d27413e28
instanceKlass  @bci com/sun/javafx/scene/control/behavior/ScrollBarBehavior <init> (Ljavafx/scene/control/ScrollBar;)V 266 <appendix> member <vmtarget> ; # com/sun/javafx/scene/control/behavior/ScrollBarBehavior$$Lambda+0x0000023d27413c10
instanceKlass  @bci com/sun/javafx/scene/control/behavior/ScrollBarBehavior <init> (Ljavafx/scene/control/ScrollBar;)V 247 <appendix> member <vmtarget> ; # com/sun/javafx/scene/control/behavior/ScrollBarBehavior$$Lambda+0x0000023d274139f8
instanceKlass  @bci com/sun/javafx/scene/control/behavior/ScrollBarBehavior <init> (Ljavafx/scene/control/ScrollBar;)V 228 <appendix> member <vmtarget> ; # com/sun/javafx/scene/control/behavior/ScrollBarBehavior$$Lambda+0x0000023d274137e0
instanceKlass  @bci com/sun/javafx/scene/control/behavior/ScrollBarBehavior <init> (Ljavafx/scene/control/ScrollBar;)V 202 <appendix> member <vmtarget> ; # com/sun/javafx/scene/control/behavior/ScrollBarBehavior$$Lambda+0x0000023d27413598
instanceKlass  @bci com/sun/javafx/scene/control/behavior/BehaviorBase addDefaultChildMap (Lcom/sun/javafx/scene/control/inputmap/InputMap;Lcom/sun/javafx/scene/control/inputmap/InputMap;)V 17 <appendix> member <vmtarget> ; # com/sun/javafx/scene/control/behavior/BehaviorBase$$Lambda+0x0000023d27413380
instanceKlass  @bci com/sun/javafx/scene/control/inputmap/InputMap reprocessAllMappings ()V 14 <appendix> member <vmtarget> ; # com/sun/javafx/scene/control/inputmap/InputMap$$Lambda+0x0000023d27413158
instanceKlass  @bci com/sun/javafx/scene/control/behavior/ScrollBarBehavior <init> (Ljavafx/scene/control/ScrollBar;)V 167 <appendix> member <vmtarget> ; # com/sun/javafx/scene/control/behavior/ScrollBarBehavior$$Lambda+0x0000023d27412f40
instanceKlass  @bci com/sun/javafx/scene/control/behavior/ScrollBarBehavior <init> (Ljavafx/scene/control/ScrollBar;)V 147 <appendix> member <vmtarget> ; # com/sun/javafx/scene/control/behavior/ScrollBarBehavior$$Lambda+0x0000023d27412d28
instanceKlass  @bci com/sun/javafx/scene/control/behavior/ScrollBarBehavior <init> (Ljavafx/scene/control/ScrollBar;)V 127 <appendix> member <vmtarget> ; # com/sun/javafx/scene/control/behavior/ScrollBarBehavior$$Lambda+0x0000023d27412b10
instanceKlass  @bci com/sun/javafx/scene/control/behavior/ScrollBarBehavior <init> (Ljavafx/scene/control/ScrollBar;)V 107 <appendix> member <vmtarget> ; # com/sun/javafx/scene/control/behavior/ScrollBarBehavior$$Lambda+0x0000023d274128f8
instanceKlass  @bci com/sun/javafx/scene/control/behavior/ScrollBarBehavior <init> (Ljavafx/scene/control/ScrollBar;)V 80 <appendix> member <vmtarget> ; # com/sun/javafx/scene/control/behavior/ScrollBarBehavior$$Lambda+0x0000023d274126b0
instanceKlass  @bci com/sun/javafx/scene/control/behavior/ScrollBarBehavior <init> (Ljavafx/scene/control/ScrollBar;)V 57 <appendix> member <vmtarget> ; # com/sun/javafx/scene/control/behavior/ScrollBarBehavior$$Lambda+0x0000023d27412498
instanceKlass  @bci com/sun/javafx/scene/control/behavior/ScrollBarBehavior <init> (Ljavafx/scene/control/ScrollBar;)V 35 <appendix> member <vmtarget> ; # com/sun/javafx/scene/control/behavior/ScrollBarBehavior$$Lambda+0x0000023d27412280
instanceKlass  @bci javafx/scene/control/skin/ScrollPaneSkin <init> (Ljavafx/scene/control/ScrollPane;)V 241 <appendix> member <vmtarget> ; # javafx/scene/control/skin/ScrollPaneSkin$$Lambda+0x0000023d2740f708
instanceKlass  @bci javafx/scene/control/skin/ScrollPaneSkin <init> (Ljavafx/scene/control/ScrollPane;)V 230 <appendix> member <vmtarget> ; # javafx/scene/control/skin/ScrollPaneSkin$$Lambda+0x0000023d2740f4e0
instanceKlass  @bci javafx/scene/control/skin/ScrollPaneSkin <init> (Ljavafx/scene/control/ScrollPane;)V 215 <appendix> member <vmtarget> ; # javafx/scene/control/skin/ScrollPaneSkin$$Lambda+0x0000023d2740f2b8
instanceKlass  @bci javafx/scene/control/skin/ScrollPaneSkin <init> (Ljavafx/scene/control/ScrollPane;)V 200 <appendix> member <vmtarget> ; # javafx/scene/control/skin/ScrollPaneSkin$$Lambda+0x0000023d2740f090
instanceKlass  @bci javafx/scene/control/skin/ScrollPaneSkin <init> (Ljavafx/scene/control/ScrollPane;)V 185 <appendix> member <vmtarget> ; # javafx/scene/control/skin/ScrollPaneSkin$$Lambda+0x0000023d2740ee68
instanceKlass  @bci javafx/scene/control/skin/ScrollPaneSkin <init> (Ljavafx/scene/control/ScrollPane;)V 170 <appendix> member <vmtarget> ; # javafx/scene/control/skin/ScrollPaneSkin$$Lambda+0x0000023d2740ec40
instanceKlass  @bci javafx/scene/control/skin/ScrollPaneSkin <init> (Ljavafx/scene/control/ScrollPane;)V 155 <appendix> member <vmtarget> ; # javafx/scene/control/skin/ScrollPaneSkin$$Lambda+0x0000023d2740ea18
instanceKlass  @bci javafx/scene/control/skin/ScrollPaneSkin <init> (Ljavafx/scene/control/ScrollPane;)V 122 <appendix> member <vmtarget> ; # javafx/scene/control/skin/ScrollPaneSkin$$Lambda+0x0000023d2740e800
instanceKlass  @bci javafx/scene/control/skin/ScrollPaneSkin <init> (Ljavafx/scene/control/ScrollPane;)V 111 <appendix> member <vmtarget> ; # javafx/scene/control/skin/ScrollPaneSkin$$Lambda+0x0000023d2740e5d8
instanceKlass  @bci javafx/scene/control/skin/ScrollPaneSkin initialize ()V 570 <appendix> member <vmtarget> ; # javafx/scene/control/skin/ScrollPaneSkin$$Lambda+0x0000023d2740e3c0
instanceKlass  @bci javafx/scene/control/skin/ScrollPaneSkin initialize ()V 551 <appendix> member <vmtarget> ; # javafx/scene/control/skin/ScrollPaneSkin$$Lambda+0x0000023d2740e1a8
instanceKlass  @bci javafx/scene/control/skin/ScrollPaneSkin initialize ()V 533 <appendix> member <vmtarget> ; # javafx/scene/control/skin/ScrollPaneSkin$$Lambda+0x0000023d2740df90
instanceKlass  @bci javafx/scene/control/skin/ScrollPaneSkin initialize ()V 517 <appendix> member <vmtarget> ; # javafx/scene/control/skin/ScrollPaneSkin$$Lambda+0x0000023d2740dd78
instanceKlass  @bci javafx/scene/control/skin/ScrollPaneSkin initialize ()V 492 <appendix> member <vmtarget> ; # javafx/scene/control/skin/ScrollPaneSkin$$Lambda+0x0000023d2740db60
instanceKlass  @bci javafx/scene/control/skin/ScrollPaneSkin initialize ()V 468 <appendix> argL0 ; # javafx/scene/control/skin/ScrollPaneSkin$$Lambda+0x0000023d2740d950
instanceKlass  @bci javafx/scene/control/skin/ScrollPaneSkin initialize ()V 460 <appendix> member <vmtarget> ; # javafx/scene/control/skin/ScrollPaneSkin$$Lambda+0x0000023d2740d738
instanceKlass  @bci javafx/scene/control/skin/ScrollPaneSkin initialize ()V 447 <appendix> member <vmtarget> ; # javafx/scene/control/skin/ScrollPaneSkin$$Lambda+0x0000023d2740d520
instanceKlass  @bci javafx/scene/control/skin/ScrollPaneSkin initialize ()V 431 <appendix> member <vmtarget> ; # javafx/scene/control/skin/ScrollPaneSkin$$Lambda+0x0000023d2740d308
instanceKlass  @bci javafx/scene/control/skin/ScrollPaneSkin initialize ()V 418 <appendix> member <vmtarget> ; # javafx/scene/control/skin/ScrollPaneSkin$$Lambda+0x0000023d2740d0f0
instanceKlass  @bci javafx/scene/control/skin/ScrollPaneSkin initialize ()V 404 <appendix> member <vmtarget> ; # javafx/scene/control/skin/ScrollPaneSkin$$Lambda+0x0000023d2740ced8
instanceKlass  @bci javafx/scene/control/skin/ScrollPaneSkin initialize ()V 385 <appendix> member <vmtarget> ; # javafx/scene/control/skin/ScrollPaneSkin$$Lambda+0x0000023d2740ccc0
instanceKlass javafx/scene/control/ScrollBar$StyleableProperties
instanceKlass  @bci javafx/scene/control/skin/ScrollPaneSkin initialize ()V 180 <appendix> member <vmtarget> ; # javafx/scene/control/skin/ScrollPaneSkin$$Lambda+0x0000023d2740c218
instanceKlass  @bci javafx/scene/control/skin/ScrollPaneSkin initialize ()V 30 <appendix> member <vmtarget> ; # javafx/scene/control/skin/ScrollPaneSkin$$Lambda+0x0000023d27409ce8
instanceKlass com/sun/javafx/scene/traversal/TraverseListener
instanceKlass  @bci com/sun/javafx/scene/control/behavior/ScrollPaneBehavior <init> (Ljavafx/scene/control/ScrollPane;)V 210 <appendix> member <vmtarget> ; # com/sun/javafx/scene/control/behavior/ScrollPaneBehavior$$Lambda+0x0000023d274098e0
instanceKlass  @bci com/sun/javafx/scene/control/behavior/ScrollPaneBehavior <init> (Ljavafx/scene/control/ScrollPane;)V 190 <appendix> member <vmtarget> ; # com/sun/javafx/scene/control/behavior/ScrollPaneBehavior$$Lambda+0x0000023d274096c8
instanceKlass  @bci com/sun/javafx/scene/control/behavior/ScrollPaneBehavior <init> (Ljavafx/scene/control/ScrollPane;)V 170 <appendix> member <vmtarget> ; # com/sun/javafx/scene/control/behavior/ScrollPaneBehavior$$Lambda+0x0000023d274094b0
instanceKlass  @bci com/sun/javafx/scene/control/behavior/ScrollPaneBehavior <init> (Ljavafx/scene/control/ScrollPane;)V 150 <appendix> member <vmtarget> ; # com/sun/javafx/scene/control/behavior/ScrollPaneBehavior$$Lambda+0x0000023d27409298
instanceKlass  @bci com/sun/javafx/scene/control/behavior/ScrollPaneBehavior <init> (Ljavafx/scene/control/ScrollPane;)V 130 <appendix> member <vmtarget> ; # com/sun/javafx/scene/control/behavior/ScrollPaneBehavior$$Lambda+0x0000023d27409080
instanceKlass  @bci com/sun/javafx/scene/control/behavior/ScrollPaneBehavior <init> (Ljavafx/scene/control/ScrollPane;)V 111 <appendix> member <vmtarget> ; # com/sun/javafx/scene/control/behavior/ScrollPaneBehavior$$Lambda+0x0000023d27408e68
instanceKlass  @bci com/sun/javafx/scene/control/behavior/ScrollPaneBehavior <init> (Ljavafx/scene/control/ScrollPane;)V 92 <appendix> member <vmtarget> ; # com/sun/javafx/scene/control/behavior/ScrollPaneBehavior$$Lambda+0x0000023d27408c50
instanceKlass  @bci com/sun/javafx/scene/control/behavior/ScrollPaneBehavior <init> (Ljavafx/scene/control/ScrollPane;)V 73 <appendix> member <vmtarget> ; # com/sun/javafx/scene/control/behavior/ScrollPaneBehavior$$Lambda+0x0000023d27408a38
instanceKlass  @bci com/sun/javafx/scene/control/behavior/ScrollPaneBehavior <init> (Ljavafx/scene/control/ScrollPane;)V 54 <appendix> member <vmtarget> ; # com/sun/javafx/scene/control/behavior/ScrollPaneBehavior$$Lambda+0x0000023d27407d90
instanceKlass  @bci com/sun/javafx/scene/control/behavior/ScrollPaneBehavior <init> (Ljavafx/scene/control/ScrollPane;)V 34 <appendix> member <vmtarget> ; # com/sun/javafx/scene/control/behavior/ScrollPaneBehavior$$Lambda+0x0000023d27407b78
instanceKlass javafx/scene/control/skin/ScrollPaneSkin$2
instanceKlass javafx/scene/control/skin/ScrollPaneSkin$1
instanceKlass javafx/scene/layout/HBox$StyleableProperties
instanceKlass javafx/scene/layout/VBox$StyleableProperties
instanceKlass  @bci com/sun/javafx/tk/quantum/QuantumRenderer disposePresentable (Lcom/sun/prism/Presentable;)V 40 <appendix> member <vmtarget> ; # com/sun/javafx/tk/quantum/QuantumRenderer$$Lambda+0x0000023d27404298
instanceKlass javafx/css/converter/DurationConverter$1
instanceKlass javafx/scene/text/TextFlow$StyleableProperties
instanceKlass javafx/scene/layout/FlowPane$StyleableProperties
instanceKlass javafx/scene/control/TextInputControl$StyleableProperties
instanceKlass javafx/scene/control/TextField$StyleableProperties
instanceKlass javafx/scene/control/ScrollPane$StyleableProperties
instanceKlass  @bci controller/ScanFromController/scanFormController showFromContext ()V 1 <appendix> member <vmtarget> ; # controller/ScanFromController/scanFormController$$Lambda+0x0000023d27400f78
instanceKlass  @bci controller/ScanFromController/scanFormController showImageText (Ljavafx/scene/image/Image;)V 2 <appendix> member <vmtarget> ; # controller/ScanFromController/scanFormController$$Lambda+0x0000023d27400d60
instanceKlass  @bci controller/ScanFromController/scanFormController displayMainImage (Ljavafx/scene/image/Image;)V 2 <appendix> member <vmtarget> ; # controller/ScanFromController/scanFormController$$Lambda+0x0000023d27400b48
instanceKlass  @bci controller/ScanFromController/scanFormController refreshThumbnails ()V 1 <appendix> member <vmtarget> ; # controller/ScanFromController/scanFormController$$Lambda+0x0000023d27400930
instanceKlass org/fxmisc/richtext/model/Codec$4
instanceKlass org/fxmisc/richtext/model/Codec$2
instanceKlass org/fxmisc/richtext/model/Codec$1
instanceKlass org/fxmisc/richtext/GenericStyledArea$2
instanceKlass  @bci org/fxmisc/richtext/GenericStyledArea initInputMethodHandling ()V 11 <appendix> member <vmtarget> ; # org/fxmisc/richtext/GenericStyledArea$$Lambda+0x0000023d273fc400
instanceKlass  @bci org/reactfx/value/Val$3 connect ()Lorg/reactfx/Subscription; 5 <appendix> member <vmtarget> ; # org/reactfx/value/Val$3$$Lambda+0x0000023d273fcc30
instanceKlass  @bci org/fxmisc/richtext/GenericStyledArea <init> (Ljava/lang/Object;Ljava/util/function/BiConsumer;Ljava/lang/Object;Lorg/fxmisc/richtext/model/EditableStyledDocument;Lorg/fxmisc/richtext/model/TextOps;ZLjava/util/function/Function;)V 877 <appendix> member <vmtarget> ; # org/fxmisc/richtext/GenericStyledArea$$Lambda+0x0000023d273fca18
instanceKlass  @bci org/fxmisc/richtext/GenericStyledArea <init> (Ljava/lang/Object;Ljava/util/function/BiConsumer;Ljava/lang/Object;Lorg/fxmisc/richtext/model/EditableStyledDocument;Lorg/fxmisc/richtext/model/TextOps;ZLjava/util/function/Function;)V 866 <appendix> member <vmtarget> ; # org/fxmisc/richtext/GenericStyledArea$$Lambda+0x0000023d273fc800
instanceKlass  @bci org/fxmisc/richtext/GenericStyledArea <init> (Ljava/lang/Object;Ljava/util/function/BiConsumer;Ljava/lang/Object;Lorg/fxmisc/richtext/model/EditableStyledDocument;Lorg/fxmisc/richtext/model/TextOps;ZLjava/util/function/Function;)V 831 <appendix> member <vmtarget> ; # org/fxmisc/richtext/GenericStyledArea$$Lambda+0x0000023d273fdd18
instanceKlass  @bci org/fxmisc/richtext/GenericStyledAreaBehavior <init> (Lorg/fxmisc/richtext/GenericStyledArea;)V 135 <appendix> member <vmtarget> ; # org/fxmisc/richtext/GenericStyledAreaBehavior$$Lambda+0x0000023d273fdaf0
instanceKlass  @bci org/fxmisc/richtext/GenericStyledAreaBehavior <init> (Lorg/fxmisc/richtext/GenericStyledArea;)V 122 <appendix> member <vmtarget> ; # org/fxmisc/richtext/GenericStyledAreaBehavior$$Lambda+0x0000023d273fd8b8
instanceKlass  @bci org/fxmisc/richtext/GenericStyledAreaBehavior <init> (Lorg/fxmisc/richtext/GenericStyledArea;)V 101 <appendix> argL0 ; # org/fxmisc/richtext/GenericStyledAreaBehavior$$Lambda+0x0000023d273ffc28
instanceKlass  @bci org/reactfx/EventStreams animationFrames ()Lorg/reactfx/EventStream; 26 <appendix> argL0 ; # org/reactfx/EventStreams$$Lambda+0x0000023d273ff9f8
instanceKlass  @bci org/reactfx/EventStream accumulate (Ljava/lang/Object;Ljava/util/function/BiFunction;)Lorg/reactfx/EventStream; 4 <appendix> member <vmtarget> ; # org/reactfx/EventStream$$Lambda+0x0000023d273fef08
instanceKlass  @bci org/reactfx/EventStreams animationFrames ()Lorg/reactfx/EventStream; 16 <appendix> argL0 ; # org/reactfx/EventStreams$$Lambda+0x0000023d273fece8
instanceKlass javafx/animation/AnimationTimer$AnimationTimerReceiver
instanceKlass  @bci org/fxmisc/richtext/GenericStyledAreaBehavior <init> (Lorg/fxmisc/richtext/GenericStyledArea;)V 80 <appendix> argL0 ; # org/fxmisc/richtext/GenericStyledAreaBehavior$$Lambda+0x0000023d273fbc58
instanceKlass  @bci org/fxmisc/richtext/GenericStyledAreaBehavior <init> (Lorg/fxmisc/richtext/GenericStyledArea;)V 66 <appendix> argL0 ; # org/fxmisc/richtext/GenericStyledAreaBehavior$$Lambda+0x0000023d273fba38
instanceKlass  @bci org/fxmisc/wellbehaved/event/InputHandlerMap forEach (Lorg/fxmisc/wellbehaved/event/InputMap$HandlerConsumer;)V 8 <appendix> member <vmtarget> ; # org/fxmisc/wellbehaved/event/InputHandlerMap$$Lambda+0x0000023d273fb810
instanceKlass  @bci org/fxmisc/wellbehaved/event/template/InputMapTemplate$HandlerTemplateConsumer$1 accept (Ljavafx/event/EventType;Lorg/fxmisc/wellbehaved/event/template/InputHandlerTemplate;)V 10 <appendix> member <vmtarget> ; # org/fxmisc/wellbehaved/event/template/InputMapTemplate$HandlerTemplateConsumer$1$$Lambda+0x0000023d273fb5d0
instanceKlass  @bci org/fxmisc/wellbehaved/event/template/InputMapTemplate$1 lambda$getInputHandlerTemplateMap$1 (Lorg/fxmisc/wellbehaved/event/InputHandler$Result;Ljava/util/function/BiConsumer;Lorg/fxmisc/wellbehaved/event/template/InputHandlerTemplate;)Lorg/fxmisc/wellbehaved/event/template/InputHandlerTemplate; 3 <appendix> member <vmtarget> ; # org/fxmisc/wellbehaved/event/template/InputMapTemplate$1$$Lambda+0x0000023d273fb3b8
instanceKlass  @bci org/fxmisc/wellbehaved/event/template/InputMapTemplate$1 getInputHandlerTemplateMap ()Lorg/fxmisc/wellbehaved/event/template/InputHandlerTemplateMap; 15 <appendix> member <vmtarget> ; # org/fxmisc/wellbehaved/event/template/InputMapTemplate$1$$Lambda+0x0000023d273fb180
instanceKlass  @bci org/fxmisc/wellbehaved/event/template/InputMapTemplate$2 lambda$getInputHandlerTemplateMap$1 (Ljava/util/function/Predicate;Lorg/fxmisc/wellbehaved/event/template/InputHandlerTemplate;)Lorg/fxmisc/wellbehaved/event/template/InputHandlerTemplate; 2 <appendix> member <vmtarget> ; # org/fxmisc/wellbehaved/event/template/InputMapTemplate$2$$Lambda+0x0000023d273faf68
instanceKlass  @bci org/fxmisc/wellbehaved/event/template/InputMapTemplate$2 getInputHandlerTemplateMap ()Lorg/fxmisc/wellbehaved/event/template/InputHandlerTemplateMap; 11 <appendix> member <vmtarget> ; # org/fxmisc/wellbehaved/event/template/InputMapTemplate$2$$Lambda+0x0000023d273fad30
instanceKlass  @bci org/fxmisc/wellbehaved/event/internal/PrefixTree$Branch entries ()Ljava/util/stream/Stream; 9 <appendix> argL0 ; # org/fxmisc/wellbehaved/event/internal/PrefixTree$Branch$$Lambda+0x0000023d273fab00
instanceKlass  @bci org/fxmisc/wellbehaved/event/template/InputHandlerTemplateMap sequence (Lorg/fxmisc/wellbehaved/event/template/InputHandlerTemplate;Lorg/fxmisc/wellbehaved/event/template/InputHandlerTemplate;)Lorg/fxmisc/wellbehaved/event/template/InputHandlerTemplate; 2 <appendix> member <vmtarget> ; # org/fxmisc/wellbehaved/event/template/InputHandlerTemplateMap$$Lambda+0x0000023d273fa518
instanceKlass  @bci org/fxmisc/wellbehaved/event/internal/PrefixTree flip (Ljava/util/function/BiFunction;)Ljava/util/function/BiFunction; 1 <appendix> member <vmtarget> ; # org/fxmisc/wellbehaved/event/internal/PrefixTree$$Lambda+0x0000023d273fa2f0
instanceKlass  @bci org/fxmisc/wellbehaved/event/template/InputHandlerTemplateMap forEach (Lorg/fxmisc/wellbehaved/event/template/InputMapTemplate$HandlerTemplateConsumer;)V 8 <appendix> member <vmtarget> ; # org/fxmisc/wellbehaved/event/template/InputHandlerTemplateMap$$Lambda+0x0000023d273fa0c8
instanceKlass java/util/AbstractMap$SimpleEntry
instanceKlass  @bci org/fxmisc/wellbehaved/event/template/TemplateChain getInputHandlerTemplateMap ()Lorg/fxmisc/wellbehaved/event/template/InputHandlerTemplateMap; 42 <appendix> member <vmtarget> ; # org/fxmisc/wellbehaved/event/template/TemplateChain$$Lambda+0x0000023d273f9eb0
instanceKlass  @bci org/fxmisc/wellbehaved/event/template/InputHandlerTemplateMap insertAfter (Ljavafx/event/EventType;Lorg/fxmisc/wellbehaved/event/template/InputHandlerTemplate;)V 9 <appendix> argL0 ; # org/fxmisc/wellbehaved/event/template/InputHandlerTemplateMap$$Lambda+0x0000023d273f9a28
instanceKlass  @bci org/fxmisc/wellbehaved/event/template/PatternActionTemplate getInputHandlerTemplateMap ()Lorg/fxmisc/wellbehaved/event/template/InputHandlerTemplateMap; 26 <appendix> member <vmtarget> ; # org/fxmisc/wellbehaved/event/template/PatternActionTemplate$$Lambda+0x0000023d273f9800
instanceKlass  @bci org/fxmisc/wellbehaved/event/template/PatternActionTemplate getInputHandlerTemplateMap ()Lorg/fxmisc/wellbehaved/event/template/InputHandlerTemplateMap; 9 <appendix> member <vmtarget> ; # org/fxmisc/wellbehaved/event/template/PatternActionTemplate$$Lambda+0x0000023d273f95e8
instanceKlass org/fxmisc/wellbehaved/event/template/InputHandlerTemplate
instanceKlass org/fxmisc/wellbehaved/event/template/InputHandlerTemplateMap$1
instanceKlass org/fxmisc/wellbehaved/event/template/InputHandlerTemplateMap
instanceKlass org/fxmisc/wellbehaved/event/template/InputMapTemplate$HandlerTemplateConsumer$1
instanceKlass org/fxmisc/wellbehaved/event/template/InputMapTemplate$HandlerTemplateConsumer
instanceKlass  @bci org/fxmisc/wellbehaved/event/InputMapChain forEachEventType (Lorg/fxmisc/wellbehaved/event/InputMap$HandlerConsumer;)V 41 <appendix> member <vmtarget> ; # org/fxmisc/wellbehaved/event/InputMapChain$$Lambda+0x0000023d273f8b88
instanceKlass  @cpi org/fxmisc/wellbehaved/event/InputMapChain 94 form vmentry <vmtarget> ; # java/lang/invoke/LambdaForm$DMH+0x0000023d273fc000
instanceKlass org/fxmisc/wellbehaved/event/internal/PrefixTree
instanceKlass org/fxmisc/wellbehaved/event/InputHandlerMap$1
instanceKlass  @bci org/fxmisc/wellbehaved/event/InputHandlerMap <init> ()V 5 <appendix> argL0 ; # org/fxmisc/wellbehaved/event/InputHandlerMap$$Lambda+0x0000023d273f0be0
instanceKlass org/fxmisc/wellbehaved/event/InputHandler
instanceKlass org/fxmisc/wellbehaved/event/internal/PrefixTree$Ops
instanceKlass org/fxmisc/wellbehaved/event/InputHandlerMap
instanceKlass org/fxmisc/wellbehaved/event/Nodes$1
instanceKlass  @bci org/fxmisc/wellbehaved/event/Nodes lambda$init$1 (Ljavafx/scene/Node;Ljavafx/collections/MapChangeListener$Change;)V 18 <appendix> member <vmtarget> ; # org/fxmisc/wellbehaved/event/Nodes$$Lambda+0x0000023d273f18e0
instanceKlass org/fxmisc/wellbehaved/event/InputMapChain
instanceKlass  @bci org/fxmisc/wellbehaved/event/Nodes init (Ljavafx/scene/Node;)V 45 <appendix> member <vmtarget> ; # org/fxmisc/wellbehaved/event/Nodes$$Lambda+0x0000023d273f1458
instanceKlass org/fxmisc/wellbehaved/event/Nodes
instanceKlass  @bci org/fxmisc/wellbehaved/event/InputMap <clinit> ()V 0 <appendix> argL0 ; # org/fxmisc/wellbehaved/event/InputMap$$Lambda+0x0000023d273f1000
instanceKlass org/fxmisc/wellbehaved/event/InputMap$HandlerConsumer
instanceKlass org/fxmisc/wellbehaved/event/template/InputMapTemplateInstance
instanceKlass  @bci org/fxmisc/richtext/GenericStyledAreaBehavior <init> (Lorg/fxmisc/richtext/GenericStyledArea;)V 50 <appendix> argL0 ; # org/fxmisc/richtext/GenericStyledAreaBehavior$$Lambda+0x0000023d273f3788
instanceKlass  @bci org/fxmisc/wellbehaved/event/template/InputMapTemplate consumeWhen (Lorg/fxmisc/wellbehaved/event/EventPattern;Ljava/util/function/Predicate;Ljava/util/function/BiConsumer;)Lorg/fxmisc/wellbehaved/event/template/InputMapTemplate; 3 <appendix> member <vmtarget> ; # org/fxmisc/wellbehaved/event/template/InputMapTemplate$$Lambda+0x0000023d273f3140
instanceKlass  @bci org/fxmisc/richtext/GenericStyledAreaBehavior <clinit> ()V 2082 <appendix> argL0 ; # org/fxmisc/richtext/GenericStyledAreaBehavior$$Lambda+0x0000023d273f2f20
instanceKlass  @bci org/fxmisc/richtext/GenericStyledAreaBehavior <clinit> ()V 2077 <appendix> argL0 ; # org/fxmisc/richtext/GenericStyledAreaBehavior$$Lambda+0x0000023d273f2ce0
instanceKlass  @bci org/fxmisc/richtext/GenericStyledAreaBehavior <clinit> ()V 2028 <appendix> argL0 ; # org/fxmisc/richtext/GenericStyledAreaBehavior$$Lambda+0x0000023d273f2ac0
instanceKlass  @bci org/fxmisc/richtext/GenericStyledAreaBehavior <clinit> ()V 2014 <appendix> argL0 ; # org/fxmisc/richtext/GenericStyledAreaBehavior$$Lambda+0x0000023d273f28a0
instanceKlass  @bci org/fxmisc/richtext/GenericStyledAreaBehavior <clinit> ()V 1984 <appendix> argL0 ; # org/fxmisc/richtext/GenericStyledAreaBehavior$$Lambda+0x0000023d273f2680
instanceKlass  @bci org/fxmisc/richtext/GenericStyledAreaBehavior <clinit> ()V 1970 <appendix> argL0 ; # org/fxmisc/richtext/GenericStyledAreaBehavior$$Lambda+0x0000023d273f2460
instanceKlass  @bci org/fxmisc/richtext/GenericStyledAreaBehavior <clinit> ()V 1944 <appendix> argL0 ; # org/fxmisc/richtext/GenericStyledAreaBehavior$$Lambda+0x0000023d273f2240
instanceKlass  @bci org/fxmisc/richtext/GenericStyledAreaBehavior <clinit> ()V 1924 <appendix> argL0 ; # org/fxmisc/richtext/GenericStyledAreaBehavior$$Lambda+0x0000023d273f2000
instanceKlass  @bci org/fxmisc/richtext/GenericStyledAreaBehavior <clinit> ()V 1910 <appendix> argL0 ; # org/fxmisc/richtext/GenericStyledAreaBehavior$$Lambda+0x0000023d273f7ca0
instanceKlass  @bci org/fxmisc/richtext/GenericStyledAreaBehavior <clinit> ()V 1900 <appendix> argL0 ; # org/fxmisc/richtext/GenericStyledAreaBehavior$$Lambda+0x0000023d273f7a60
instanceKlass  @bci org/fxmisc/richtext/GenericStyledAreaBehavior <clinit> ()V 1883 <appendix> argL0 ; # org/fxmisc/richtext/GenericStyledAreaBehavior$$Lambda+0x0000023d273f7840
instanceKlass  @bci org/fxmisc/richtext/GenericStyledAreaBehavior <clinit> ()V 1873 <appendix> argL0 ; # org/fxmisc/richtext/GenericStyledAreaBehavior$$Lambda+0x0000023d273f7600
instanceKlass  @bci org/fxmisc/richtext/GenericStyledAreaBehavior <clinit> ()V 1856 <appendix> argL0 ; # org/fxmisc/richtext/GenericStyledAreaBehavior$$Lambda+0x0000023d273f73e0
instanceKlass  @bci org/fxmisc/richtext/GenericStyledAreaBehavior <clinit> ()V 1846 <appendix> argL0 ; # org/fxmisc/richtext/GenericStyledAreaBehavior$$Lambda+0x0000023d273f71a0
instanceKlass  @bci org/fxmisc/richtext/GenericStyledAreaBehavior <clinit> ()V 1829 <appendix> argL0 ; # org/fxmisc/richtext/GenericStyledAreaBehavior$$Lambda+0x0000023d273f6f80
instanceKlass  @bci org/fxmisc/richtext/GenericStyledAreaBehavior <clinit> ()V 1819 <appendix> argL0 ; # org/fxmisc/richtext/GenericStyledAreaBehavior$$Lambda+0x0000023d273f6d40
instanceKlass  @bci org/fxmisc/richtext/GenericStyledAreaBehavior <clinit> ()V 1802 <appendix> argL0 ; # org/fxmisc/richtext/GenericStyledAreaBehavior$$Lambda+0x0000023d273f6b20
instanceKlass  @bci org/fxmisc/richtext/GenericStyledAreaBehavior <clinit> ()V 1788 <appendix> argL0 ; # org/fxmisc/richtext/GenericStyledAreaBehavior$$Lambda+0x0000023d273f6900
instanceKlass  @bci org/fxmisc/wellbehaved/event/EventPattern mousePressed (Ljavafx/scene/input/MouseButton;)Lorg/fxmisc/wellbehaved/event/EventPattern; 4 <appendix> member <vmtarget> ; # org/fxmisc/wellbehaved/event/EventPattern$$Lambda+0x0000023d273f66b8
instanceKlass  @bci org/fxmisc/richtext/GenericStyledAreaBehavior <clinit> ()V 1763 <appendix> argL0 ; # org/fxmisc/richtext/GenericStyledAreaBehavior$$Lambda+0x0000023d273f6478
instanceKlass  @bci org/fxmisc/richtext/GenericStyledAreaBehavior <clinit> ()V 1753 <appendix> argL0 ; # org/fxmisc/richtext/GenericStyledAreaBehavior$$Lambda+0x0000023d273f6258
instanceKlass  @bci org/fxmisc/richtext/GenericStyledAreaBehavior <clinit> ()V 1745 <appendix> argL0 ; # org/fxmisc/richtext/GenericStyledAreaBehavior$$Lambda+0x0000023d273f6038
instanceKlass  @bci org/fxmisc/richtext/GenericStyledAreaBehavior <clinit> ()V 1730 <appendix> argL0 ; # org/fxmisc/richtext/GenericStyledAreaBehavior$$Lambda+0x0000023d273f5df8
instanceKlass  @bci org/fxmisc/richtext/GenericStyledAreaBehavior <clinit> ()V 1709 <appendix> argL0 ; # org/fxmisc/richtext/GenericStyledAreaBehavior$$Lambda+0x0000023d273f5bd8
instanceKlass  @bci org/fxmisc/richtext/GenericStyledAreaBehavior <clinit> ()V 1691 <appendix> argL0 ; # org/fxmisc/richtext/GenericStyledAreaBehavior$$Lambda+0x0000023d273f57d0
instanceKlass  @bci org/fxmisc/wellbehaved/event/template/InputMapTemplate consume (Lorg/fxmisc/wellbehaved/event/EventPattern;)Lorg/fxmisc/wellbehaved/event/template/InputMapTemplate; 1 <appendix> argL0 ; # org/fxmisc/wellbehaved/event/template/InputMapTemplate$$Lambda+0x0000023d273f55b0
instanceKlass  @bci java/util/function/Predicate and (Ljava/util/function/Predicate;)Ljava/util/function/Predicate; 7 <appendix> member <vmtarget> ; # java/util/function/Predicate$$Lambda+0x0000023d27320728
instanceKlass  @cpi java/util/function/Predicate 72 form vmentry <vmtarget> ; # java/lang/invoke/LambdaForm$DMH+0x0000023d273f0400
instanceKlass  @bci org/fxmisc/richtext/GenericStyledAreaBehavior <clinit> ()V 1654 <appendix> argL0 ; # org/fxmisc/richtext/GenericStyledAreaBehavior$$Lambda+0x0000023d273f5370
instanceKlass  @bci org/fxmisc/richtext/GenericStyledAreaBehavior <clinit> ()V 1646 <appendix> argL0 ; # org/fxmisc/richtext/GenericStyledAreaBehavior$$Lambda+0x0000023d273f5130
instanceKlass  @bci org/fxmisc/richtext/GenericStyledAreaBehavior <clinit> ()V 1636 <appendix> argL0 ; # org/fxmisc/richtext/GenericStyledAreaBehavior$$Lambda+0x0000023d273f4f10
instanceKlass  @bci org/fxmisc/richtext/GenericStyledAreaBehavior <clinit> ()V 1576 <appendix> argL0 ; # org/fxmisc/richtext/GenericStyledAreaBehavior$$Lambda+0x0000023d273f4cf0
instanceKlass  @bci org/fxmisc/richtext/GenericStyledAreaBehavior <clinit> ()V 1560 <appendix> member <vmtarget> ; # org/fxmisc/richtext/GenericStyledAreaBehavior$$Lambda+0x0000023d273f4ac8
instanceKlass  @bci org/fxmisc/richtext/GenericStyledAreaBehavior <clinit> ()V 1490 <appendix> member <vmtarget> ; # org/fxmisc/richtext/GenericStyledAreaBehavior$$Lambda+0x0000023d273f48a0
instanceKlass  @bci org/fxmisc/richtext/GenericStyledAreaBehavior <clinit> ()V 1420 <appendix> member <vmtarget> ; # org/fxmisc/richtext/GenericStyledAreaBehavior$$Lambda+0x0000023d273f4678
instanceKlass  @bci org/fxmisc/richtext/GenericStyledAreaBehavior <clinit> ()V 1385 <appendix> member <vmtarget> ; # org/fxmisc/richtext/GenericStyledAreaBehavior$$Lambda+0x0000023d273f4450
instanceKlass  @bci org/fxmisc/richtext/GenericStyledAreaBehavior <clinit> ()V 1350 <appendix> member <vmtarget> ; # org/fxmisc/richtext/GenericStyledAreaBehavior$$Lambda+0x0000023d273f4228
instanceKlass  @bci org/fxmisc/richtext/GenericStyledAreaBehavior <clinit> ()V 1321 <appendix> member <vmtarget> ; # org/fxmisc/richtext/GenericStyledAreaBehavior$$Lambda+0x0000023d273f4000
instanceKlass  @cpi org/fxmisc/richtext/GenericStyledAreaBehavior 810 form vmentry <vmtarget> ; # java/lang/invoke/LambdaForm$DMH+0x0000023d273f0000
instanceKlass  @bci org/fxmisc/richtext/GenericStyledAreaBehavior <clinit> ()V 1292 <appendix> argL0 ; # org/fxmisc/richtext/GenericStyledAreaBehavior$$Lambda+0x0000023d273e8c00
instanceKlass  @bci org/fxmisc/richtext/GenericStyledAreaBehavior <clinit> ()V 1235 <appendix> argL0 ; # org/fxmisc/richtext/GenericStyledAreaBehavior$$Lambda+0x0000023d273e9cc0
instanceKlass  @bci org/fxmisc/richtext/GenericStyledAreaBehavior <clinit> ()V 1178 <appendix> argL0 ; # org/fxmisc/richtext/GenericStyledAreaBehavior$$Lambda+0x0000023d273e9aa0
instanceKlass  @bci org/fxmisc/richtext/GenericStyledAreaBehavior <clinit> ()V 1150 <appendix> argL0 ; # org/fxmisc/richtext/GenericStyledAreaBehavior$$Lambda+0x0000023d273e9880
instanceKlass  @bci org/fxmisc/richtext/GenericStyledAreaBehavior <clinit> ()V 1122 <appendix> argL0 ; # org/fxmisc/richtext/GenericStyledAreaBehavior$$Lambda+0x0000023d273e9660
instanceKlass  @bci org/fxmisc/richtext/GenericStyledAreaBehavior <clinit> ()V 1066 <appendix> argL0 ; # org/fxmisc/richtext/GenericStyledAreaBehavior$$Lambda+0x0000023d273e9440
instanceKlass  @bci org/fxmisc/richtext/GenericStyledAreaBehavior <clinit> ()V 1010 <appendix> argL0 ; # org/fxmisc/richtext/GenericStyledAreaBehavior$$Lambda+0x0000023d273e9220
instanceKlass  @bci org/fxmisc/richtext/GenericStyledAreaBehavior <clinit> ()V 989 <appendix> argL0 ; # org/fxmisc/richtext/GenericStyledAreaBehavior$$Lambda+0x0000023d273e9000
instanceKlass  @bci org/fxmisc/richtext/GenericStyledAreaBehavior <clinit> ()V 968 <appendix> argL0 ; # org/fxmisc/richtext/GenericStyledAreaBehavior$$Lambda+0x0000023d273ebde0
instanceKlass  @bci org/fxmisc/richtext/GenericStyledAreaBehavior <clinit> ()V 924 <appendix> argL0 ; # org/fxmisc/richtext/GenericStyledAreaBehavior$$Lambda+0x0000023d273ebbc0
instanceKlass  @bci org/fxmisc/richtext/GenericStyledAreaBehavior <clinit> ()V 870 <appendix> argL0 ; # org/fxmisc/richtext/GenericStyledAreaBehavior$$Lambda+0x0000023d273eb9a0
instanceKlass  @bci org/fxmisc/richtext/GenericStyledAreaBehavior <clinit> ()V 842 <appendix> argL0 ; # org/fxmisc/richtext/GenericStyledAreaBehavior$$Lambda+0x0000023d273eb780
instanceKlass  @bci org/fxmisc/richtext/GenericStyledAreaBehavior <clinit> ()V 814 <appendix> argL0 ; # org/fxmisc/richtext/GenericStyledAreaBehavior$$Lambda+0x0000023d273eb560
instanceKlass  @bci org/fxmisc/richtext/GenericStyledAreaBehavior <clinit> ()V 758 <appendix> argL0 ; # org/fxmisc/richtext/GenericStyledAreaBehavior$$Lambda+0x0000023d273eb340
instanceKlass  @bci org/fxmisc/richtext/GenericStyledAreaBehavior <clinit> ()V 702 <appendix> argL0 ; # org/fxmisc/richtext/GenericStyledAreaBehavior$$Lambda+0x0000023d273eb120
instanceKlass  @bci org/fxmisc/richtext/GenericStyledAreaBehavior <clinit> ()V 681 <appendix> argL0 ; # org/fxmisc/richtext/GenericStyledAreaBehavior$$Lambda+0x0000023d273eaf00
instanceKlass  @bci org/fxmisc/richtext/GenericStyledAreaBehavior <clinit> ()V 660 <appendix> argL0 ; # org/fxmisc/richtext/GenericStyledAreaBehavior$$Lambda+0x0000023d273eace0
instanceKlass  @bci org/fxmisc/richtext/GenericStyledAreaBehavior <clinit> ()V 616 <appendix> argL0 ; # org/fxmisc/richtext/GenericStyledAreaBehavior$$Lambda+0x0000023d273eaac0
instanceKlass  @bci org/fxmisc/richtext/GenericStyledAreaBehavior <clinit> ()V 564 <appendix> argL0 ; # org/fxmisc/richtext/GenericStyledAreaBehavior$$Lambda+0x0000023d273ea880
instanceKlass  @bci org/fxmisc/richtext/GenericStyledAreaBehavior <clinit> ()V 550 <appendix> argL0 ; # org/fxmisc/richtext/GenericStyledAreaBehavior$$Lambda+0x0000023d273ea660
instanceKlass  @bci org/fxmisc/richtext/GenericStyledAreaBehavior <clinit> ()V 528 <appendix> argL0 ; # org/fxmisc/richtext/GenericStyledAreaBehavior$$Lambda+0x0000023d273ea440
instanceKlass  @bci org/fxmisc/richtext/GenericStyledAreaBehavior <clinit> ()V 493 <appendix> argL0 ; # org/fxmisc/richtext/GenericStyledAreaBehavior$$Lambda+0x0000023d273ea220
instanceKlass  @bci org/fxmisc/richtext/GenericStyledAreaBehavior <clinit> ()V 476 <appendix> argL0 ; # org/fxmisc/richtext/GenericStyledAreaBehavior$$Lambda+0x0000023d273ea000
instanceKlass  @bci org/fxmisc/richtext/GenericStyledAreaBehavior <clinit> ()V 454 <appendix> argL0 ; # org/fxmisc/richtext/GenericStyledAreaBehavior$$Lambda+0x0000023d273efd78
instanceKlass  @bci org/fxmisc/richtext/GenericStyledAreaBehavior <clinit> ()V 432 <appendix> argL0 ; # org/fxmisc/richtext/GenericStyledAreaBehavior$$Lambda+0x0000023d273efb58
instanceKlass  @bci org/fxmisc/richtext/GenericStyledAreaBehavior <clinit> ()V 374 <appendix> argL0 ; # org/fxmisc/richtext/GenericStyledAreaBehavior$$Lambda+0x0000023d273ef938
instanceKlass  @cpi org/fxmisc/richtext/GenericStyledAreaBehavior 763 form vmentry <vmtarget> ; # java/lang/invoke/LambdaForm$DMH+0x0000023d273e8800
instanceKlass org/fxmisc/wellbehaved/event/EventPattern$3
instanceKlass  @bci org/fxmisc/richtext/GenericStyledAreaBehavior <clinit> ()V 316 <appendix> argL0 ; # org/fxmisc/richtext/GenericStyledAreaBehavior$$Lambda+0x0000023d273ef2e0
instanceKlass  @bci org/fxmisc/richtext/GenericStyledAreaBehavior <clinit> ()V 289 <appendix> argL0 ; # org/fxmisc/richtext/GenericStyledAreaBehavior$$Lambda+0x0000023d273ef0c0
instanceKlass  @bci org/fxmisc/richtext/GenericStyledAreaBehavior <clinit> ()V 262 <appendix> argL0 ; # org/fxmisc/richtext/GenericStyledAreaBehavior$$Lambda+0x0000023d273eeea0
instanceKlass  @bci org/fxmisc/richtext/GenericStyledAreaBehavior <clinit> ()V 235 <appendix> argL0 ; # org/fxmisc/richtext/GenericStyledAreaBehavior$$Lambda+0x0000023d273eec80
instanceKlass  @bci org/fxmisc/wellbehaved/event/template/PatternActionTemplate <clinit> ()V 0 <appendix> argL0 ; # org/fxmisc/wellbehaved/event/template/PatternActionTemplate$$Lambda+0x0000023d273eea60
instanceKlass  @bci org/fxmisc/wellbehaved/event/template/InputMapTemplate consume (Lorg/fxmisc/wellbehaved/event/EventPattern;Ljava/util/function/BiConsumer;)Lorg/fxmisc/wellbehaved/event/template/InputMapTemplate; 2 <appendix> member <vmtarget> ; # org/fxmisc/wellbehaved/event/template/InputMapTemplate$$Lambda+0x0000023d273ee838
instanceKlass org/fxmisc/wellbehaved/event/InputMap
instanceKlass  @bci org/fxmisc/richtext/GenericStyledAreaBehavior <clinit> ()V 214 <appendix> argL0 ; # org/fxmisc/richtext/GenericStyledAreaBehavior$$Lambda+0x0000023d273ed750
instanceKlass org/fxmisc/wellbehaved/event/EventPattern$2
instanceKlass  @bci org/fxmisc/wellbehaved/event/EventPattern keyPressed (Ljavafx/scene/input/KeyCombination;)Lorg/fxmisc/wellbehaved/event/EventPattern; 9 <appendix> member <vmtarget> ; # org/fxmisc/wellbehaved/event/EventPattern$$Lambda+0x0000023d273ed2a8
instanceKlass org/fxmisc/wellbehaved/event/EventPattern$4
instanceKlass org/fxmisc/wellbehaved/event/EventPattern
instanceKlass org/fxmisc/wellbehaved/event/template/InputMapTemplate
instanceKlass org/fxmisc/richtext/GenericStyledAreaBehavior
instanceKlass  @bci org/fxmisc/richtext/GenericStyledArea <init> (Ljava/lang/Object;Ljava/util/function/BiConsumer;Ljava/lang/Object;Lorg/fxmisc/richtext/model/EditableStyledDocument;Lorg/fxmisc/richtext/model/TextOps;ZLjava/util/function/Function;)V 804 <appendix> member <vmtarget> ; # org/fxmisc/richtext/GenericStyledArea$$Lambda+0x0000023d273ec000
instanceKlass  @bci org/fxmisc/richtext/GenericStyledArea <init> (Ljava/lang/Object;Ljava/util/function/BiConsumer;Ljava/lang/Object;Lorg/fxmisc/richtext/model/EditableStyledDocument;Lorg/fxmisc/richtext/model/TextOps;ZLjava/util/function/Function;)V 793 <appendix> member <vmtarget> ; # org/fxmisc/richtext/GenericStyledArea$$Lambda+0x0000023d273e7bf8
instanceKlass org/reactfx/BiSuspendable
instanceKlass  @bci org/fxmisc/richtext/GenericStyledArea <init> (Ljava/lang/Object;Ljava/util/function/BiConsumer;Ljava/lang/Object;Lorg/fxmisc/richtext/model/EditableStyledDocument;Lorg/fxmisc/richtext/model/TextOps;ZLjava/util/function/Function;)V 724 <appendix> argL0 ; # org/fxmisc/richtext/GenericStyledArea$$Lambda+0x0000023d273e7778
instanceKlass  @bci org/fxmisc/richtext/ParagraphBox layoutChildren ()V 154 <adapter> ; # java/lang/invoke/LambdaForm$MH+0x0000023d273e8400
# instanceKlass java/lang/invoke/LambdaForm$DMH+0x0000023d273e8000
instanceKlass  @bci org/fxmisc/richtext/ParagraphBox layoutChildren ()V 154 <appendix> form vmentry <vmtarget> ; # java/lang/invoke/LambdaForm$DMH+0x0000023d273dcc00
instanceKlass  @bci org/fxmisc/richtext/ParagraphBox layoutChildren ()V 154 <appendix> member <vmtarget> ; # org/fxmisc/richtext/ParagraphBox$$Lambda+0x0000023d273e7548
instanceKlass  @cpi org/fxmisc/richtext/ParagraphBox 462 form vmentry <vmtarget> ; # java/lang/invoke/LambdaForm$DMH+0x0000023d273dc800
instanceKlass  @bci org/fxmisc/richtext/ParagraphBox layoutChildren ()V 139 <appendix> argL0 ; # org/fxmisc/richtext/ParagraphBox$$Lambda+0x0000023d273e7308
instanceKlass  @bci org/reactfx/util/SparseList getPresentItemsRange ()Ljavafx/scene/control/IndexRange; 63 <appendix> member <vmtarget> ; # org/reactfx/util/SparseList$$Lambda+0x0000023d273e70e0
instanceKlass  @bci org/reactfx/util/SparseList getPresentItemsRange ()Ljavafx/scene/control/IndexRange; 50 <appendix> argL0 ; # org/reactfx/util/SparseList$$Lambda+0x0000023d273e6ed0
instanceKlass  @bci org/reactfx/util/SparseList getPresentItemsRange ()Ljavafx/scene/control/IndexRange; 31 <appendix> member <vmtarget> ; # org/reactfx/util/SparseList$$Lambda+0x0000023d273e6ca8
instanceKlass  @bci org/reactfx/util/SparseList getPresentItemsRange ()Ljavafx/scene/control/IndexRange; 21 <appendix> argL0 ; # org/reactfx/util/SparseList$$Lambda+0x0000023d273e6a98
instanceKlass  @bci org/reactfx/util/SparseList get (I)Ljava/util/Optional; 10 <appendix> argL0 ; # org/reactfx/util/SparseList$$Lambda+0x0000023d273e6878
instanceKlass  @bci org/reactfx/util/SparseList get (I)Ljava/util/Optional; 4 <appendix> argL0 ; # org/reactfx/util/SparseList$$Lambda+0x0000023d273e6668
instanceKlass  @bci org/reactfx/util/FingerTree$NonEmptyFingerTree appendTree (Lorg/reactfx/util/FingerTree;)Lorg/reactfx/util/FingerTree$NonEmptyFingerTree; 19 <appendix> argL0 ; # org/reactfx/util/FingerTree$NonEmptyFingerTree$$Lambda+0x0000023d273e6438
instanceKlass  @bci org/reactfx/util/FingerTree$Leaf appendLte (Lorg/reactfx/util/FingerTree;)Lorg/reactfx/util/Either; 41 <appendix> member <vmtarget> ; # org/reactfx/util/FingerTree$Leaf$$Lambda+0x0000023d273e6200
instanceKlass  @bci org/reactfx/util/FingerTree$Leaf appendLte (Lorg/reactfx/util/FingerTree;)Lorg/reactfx/util/Either; 30 <appendix> member <vmtarget> ; # org/reactfx/util/FingerTree$Leaf$$Lambda+0x0000023d273e5fc8
instanceKlass org/reactfx/collection/ListModificationImpl
instanceKlass org/reactfx/util/Lists$1
instanceKlass  @bci org/reactfx/collection/QuasiListChange lambda$instantiate$1 (Lorg/reactfx/collection/QuasiListChange;Ljavafx/collections/ObservableList;)Ljava/util/List; 7 <appendix> member <vmtarget> ; # org/reactfx/collection/QuasiListChange$$Lambda+0x0000023d273e58c0
instanceKlass  @bci org/reactfx/collection/QuasiListChange instantiate (Lorg/reactfx/collection/QuasiListChange;Ljavafx/collections/ObservableList;)Lorg/reactfx/collection/ListChange; 2 <appendix> member <vmtarget> ; # org/reactfx/collection/QuasiListChange$$Lambda+0x0000023d273e5638
instanceKlass  @bci org/fxmisc/richtext/ParagraphBox getGraphicPrefWidth ()D 14 <appendix> argL0 ; # org/fxmisc/richtext/ParagraphBox$$Lambda+0x0000023d273e5408
instanceKlass  @bci org/reactfx/value/Val filter (Ljavafx/beans/value/ObservableValue;Ljava/util/function/Predicate;)Lorg/reactfx/value/Val; 2 <appendix> member <vmtarget> ; # org/reactfx/value/Val$$Lambda+0x0000023d273e51d0
instanceKlass  @bci org/fxmisc/richtext/ParagraphBox getGraphicPrefWidth ()D 4 <appendix> argL0 ; # org/fxmisc/richtext/ParagraphBox$$Lambda+0x0000023d273e4f90
instanceKlass  @bci org/reactfx/util/SparseList getOrThrow (I)Ljava/lang/Object; 10 <appendix> argL0 ; # org/reactfx/util/SparseList$$Lambda+0x0000023d273e4d70
instanceKlass  @bci org/reactfx/util/SparseList getOrThrow (I)Ljava/lang/Object; 4 <appendix> argL0 ; # org/reactfx/util/SparseList$$Lambda+0x0000023d273e4b60
instanceKlass org/reactfx/collection/MappedList$1$1
instanceKlass  @bci org/reactfx/collection/MappedList$1 getModifications ()Ljava/util/List; 16 <appendix> member <vmtarget> ; # org/reactfx/collection/MappedList$1$$Lambda+0x0000023d273e3a80
instanceKlass org/reactfx/collection/MappedList$1
instanceKlass org/fxmisc/richtext/ParagraphText$LineAttributesBase
instanceKlass com/sun/javafx/collections/ObservableMapWrapper$ObservableValues$1
instanceKlass  @bci org/fxmisc/richtext/ParagraphText updateAllSelectionShapes ()V 10 <appendix> member <vmtarget> ; # org/fxmisc/richtext/ParagraphText$$Lambda+0x0000023d273e2cf8
instanceKlass com/sun/javafx/collections/ObservableMapWrapper$ObservableValues
instanceKlass com/sun/javafx/collections/ObservableSetWrapper$1
instanceKlass  @bci org/fxmisc/richtext/ParagraphText updateAllCaretShapes ()V 5 <appendix> member <vmtarget> ; # org/fxmisc/richtext/ParagraphText$$Lambda+0x0000023d273e2510
instanceKlass javafx/scene/text/TextFlow$EmbeddedSpan
instanceKlass  @bci org/fxmisc/richtext/TextFlowLayout <init> (Ljavafx/scene/text/TextFlow;)V 40 <appendix> member <vmtarget> ; # org/fxmisc/richtext/TextFlowLayout$$Lambda+0x0000023d273e20b0
instanceKlass  @bci org/fxmisc/richtext/TextFlowLayout <init> (Ljavafx/scene/text/TextFlow;)V 25 <appendix> member <vmtarget> ; # org/fxmisc/richtext/TextFlowLayout$$Lambda+0x0000023d273e1e98
instanceKlass org/fxmisc/richtext/TextFlowSpan
instanceKlass org/fxmisc/richtext/TextFlowLayout
instanceKlass  @bci org/fxmisc/richtext/SelectionPath <init> (Lorg/reactfx/value/Val;)V 39 <appendix> member <vmtarget> ; # org/fxmisc/richtext/SelectionPath$$Lambda+0x0000023d273df2d0
instanceKlass  @bci org/fxmisc/richtext/SelectionPath <clinit> ()V 12 <appendix> argL0 ; # org/fxmisc/richtext/SelectionPath$$Lambda+0x0000023d273df0a0
instanceKlass  @bci org/fxmisc/richtext/GenericStyledArea lambda$createCell$66 (Lorg/fxmisc/richtext/ParagraphBox;Lorg/fxmisc/richtext/Selection;Lorg/reactfx/util/Tuple3;)V 73 <appendix> member <vmtarget> ; # org/fxmisc/richtext/GenericStyledArea$$Lambda+0x0000023d273dee88
instanceKlass com/sun/javafx/util/WeakReferenceQueue$1
instanceKlass javafx/scene/shape/LineTo$1
instanceKlass com/sun/javafx/scene/shape/LineToHelper$LineToAccessor
instanceKlass javafx/scene/shape/MoveTo$1
instanceKlass com/sun/javafx/scene/shape/PathElementHelper
instanceKlass javafx/scene/shape/PathElement$1
instanceKlass com/sun/javafx/scene/shape/MoveToHelper$MoveToAccessor
instanceKlass com/sun/javafx/scene/shape/PathElementHelper$PathElementAccessor
instanceKlass javafx/scene/text/Text$2
instanceKlass  @bci org/fxmisc/richtext/GenericStyledArea lambda$createCell$58 (Lorg/fxmisc/richtext/ParagraphBox;Lorg/reactfx/util/Tuple2;)V 2 <appendix> member <vmtarget> ; # org/fxmisc/richtext/GenericStyledArea$$Lambda+0x0000023d273d8868
instanceKlass  @bci org/reactfx/util/SparseList indexOfPresentItem (I)I 22 <appendix> member <vmtarget> ; # org/reactfx/util/SparseList$$Lambda+0x0000023d273d8640
instanceKlass  @cpi org/reactfx/util/SparseList 342 form vmentry <vmtarget> ; # java/lang/invoke/LambdaForm$DMH+0x0000023d273dc400
instanceKlass  @bci org/reactfx/util/SparseList indexOfPresentItem (I)I 12 <appendix> argL0 ; # org/reactfx/util/SparseList$$Lambda+0x0000023d273d8430
instanceKlass  @bci org/reactfx/util/SparseList getPresent (I)Ljava/lang/Object; 10 <appendix> argL0 ; # org/reactfx/util/SparseList$$Lambda+0x0000023d273d8210
instanceKlass  @cpi org/reactfx/util/SparseList 322 form vmentry <vmtarget> ; # java/lang/invoke/LambdaForm$DMH+0x0000023d273dc000
instanceKlass  @bci org/reactfx/util/SparseList getPresent (I)Ljava/lang/Object; 4 <appendix> argL0 ; # org/reactfx/util/SparseList$$Lambda+0x0000023d273d8000
instanceKlass  @bci org/reactfx/util/ListNotifications takeHead (Lorg/reactfx/collection/LiveList$Observer;Lorg/reactfx/collection/ListModificationSequence;)Ljava/lang/Runnable; 10 <appendix> member <vmtarget> ; # org/reactfx/util/ListNotifications$$Lambda+0x0000023d273d6c00
instanceKlass org/reactfx/util/ListHelper$MultiElemHelper$1
instanceKlass  @bci org/reactfx/collection/QuasiListModification asListChange ()Lorg/reactfx/collection/QuasiListChange; 1 <appendix> member <vmtarget> ; # org/reactfx/collection/QuasiListModification$$Lambda+0x0000023d273d7910
instanceKlass  @cpi org/reactfx/collection/QuasiListModification 111 form vmentry <vmtarget> ; # java/lang/invoke/LambdaForm$DMH+0x0000023d273d6800
instanceKlass org/reactfx/collection/ListModification
instanceKlass org/reactfx/collection/QuasiListModificationImpl
instanceKlass  @bci org/reactfx/util/SparseList getPresentCountBefore (I)I 19 <appendix> argL0 ; # org/reactfx/util/SparseList$$Lambda+0x0000023d273d7438
instanceKlass  @cpi org/reactfx/util/SparseList 332 form vmentry <vmtarget> ; # java/lang/invoke/LambdaForm$DMH+0x0000023d273d6400
instanceKlass  @bci org/reactfx/util/SparseList getPresentCountBefore (I)I 12 <appendix> argL0 ; # org/reactfx/util/SparseList$$Lambda+0x0000023d273d7228
instanceKlass  @bci org/reactfx/util/SparseList lambda$null$12 (Lorg/reactfx/util/FingerTree$NonEmptyFingerTree;ILjava/util/List;Lorg/reactfx/util/FingerTree;Lorg/reactfx/util/Tuple2;Lorg/reactfx/util/FingerTree;)Lorg/reactfx/util/FingerTree; 16 <appendix> member <vmtarget> ; # org/reactfx/util/SparseList$$Lambda+0x0000023d273d7000
instanceKlass  @bci org/reactfx/util/SparseList lambda$null$12 (Lorg/reactfx/util/FingerTree$NonEmptyFingerTree;ILjava/util/List;Lorg/reactfx/util/FingerTree;Lorg/reactfx/util/Tuple2;Lorg/reactfx/util/FingerTree;)Lorg/reactfx/util/FingerTree; 1 <appendix> argL0 ; # org/reactfx/util/SparseList$$Lambda+0x0000023d273d3c00
instanceKlass  @bci org/reactfx/util/SparseList lambda$spliceSegments$13 (IILjava/util/List;Lorg/reactfx/util/FingerTree$NonEmptyFingerTree;)Lorg/reactfx/util/FingerTree; 16 <appendix> member <vmtarget> ; # org/reactfx/util/SparseList$$Lambda+0x0000023d273d39d8
instanceKlass  @cpi org/reactfx/util/SparseList 440 form vmentry <vmtarget> ; # java/lang/invoke/LambdaForm$DMH+0x0000023d273d6000
instanceKlass  @bci org/reactfx/util/FingerTree$NonEmptyFingerTree split (Ljava/util/function/BiFunction;I)Lorg/reactfx/util/Tuple3; 73 <appendix> member <vmtarget> ; # org/reactfx/util/FingerTree$NonEmptyFingerTree$$Lambda+0x0000023d273d37b0
instanceKlass  @bci org/reactfx/util/FingerTree$NonEmptyFingerTree lambda$splitAt$1 (Lorg/reactfx/util/FingerTree;Lorg/reactfx/util/FingerTree;)Lorg/reactfx/util/Tuple3; 6 <appendix> member <vmtarget> ; # org/reactfx/util/FingerTree$NonEmptyFingerTree$$Lambda+0x0000023d273d3588
instanceKlass  @bci org/reactfx/util/FingerTree$NonEmptyFingerTree splitAt (I)Lorg/reactfx/util/Tuple3; 13 <appendix> argL0 ; # org/reactfx/util/FingerTree$NonEmptyFingerTree$$Lambda+0x0000023d273d3368
instanceKlass  @bci org/reactfx/util/FingerTree$Leaf locate0 (Ljava/util/function/BiFunction;I)Lorg/reactfx/util/BiIndex; 22 <appendix> argL0 ; # org/reactfx/util/FingerTree$Leaf$$Lambda+0x0000023d273d3138
instanceKlass  @bci org/reactfx/util/FingerTree$Leaf locate0 (Ljava/util/function/BiFunction;I)Lorg/reactfx/util/BiIndex; 17 <appendix> argL0 ; # org/reactfx/util/FingerTree$Leaf$$Lambda+0x0000023d273d2f08
instanceKlass  @bci org/reactfx/util/FingerTree$NonEmptyFingerTree split (Ljava/util/function/ToIntFunction;I)Lorg/reactfx/util/Tuple3; 11 <appendix> member <vmtarget> ; # org/reactfx/util/FingerTree$NonEmptyFingerTree$$Lambda+0x0000023d273d2ce0
instanceKlass  @bci org/reactfx/util/SparseList lambda$spliceSegments$13 (IILjava/util/List;Lorg/reactfx/util/FingerTree$NonEmptyFingerTree;)Lorg/reactfx/util/FingerTree; 2 <appendix> argL0 ; # org/reactfx/util/SparseList$$Lambda+0x0000023d273d2ad0
instanceKlass  @bci org/reactfx/util/SparseList spliceSegments (IILjava/util/List;)V 45 <adapter> ; # java/lang/invoke/LambdaForm$MH+0x0000023d273d5c00
# instanceKlass java/lang/invoke/LambdaForm$DMH+0x0000023d273d5800
instanceKlass  @bci org/reactfx/util/SparseList spliceSegments (IILjava/util/List;)V 45 <appendix> form vmentry <vmtarget> ; # java/lang/invoke/LambdaForm$DMH+0x0000023d273d5400
instanceKlass  @bci org/reactfx/util/SparseList spliceSegments (IILjava/util/List;)V 45 <appendix> member <vmtarget> ; # org/reactfx/util/SparseList$$Lambda+0x0000023d273d2898
instanceKlass  @cpi org/reactfx/util/SparseList 414 form vmentry <vmtarget> ; # java/lang/invoke/LambdaForm$DMH+0x0000023d273d5000
instanceKlass  @bci org/reactfx/util/SparseList spliceSegments (IILjava/util/List;)V 31 <appendix> member <vmtarget> ; # org/reactfx/util/SparseList$$Lambda+0x0000023d273d2660
instanceKlass org/reactfx/util/SparseList$PresentSegment
instanceKlass  @bci org/reactfx/util/SparseList set (ILjava/lang/Object;)V 16 <appendix> member <vmtarget> ; # org/reactfx/util/SparseList$$Lambda+0x0000023d273d21b8
instanceKlass  @cpi org/reactfx/util/SparseList 372 form vmentry <vmtarget> ; # java/lang/invoke/LambdaForm$DMH+0x0000023d273d4c00
instanceKlass  @bci jdk/internal/net/http/Http2Connection keyString (ZLjava/net/InetSocketAddress;Ljava/lang/String;I)Ljava/lang/String; 79 <adapter> ; # java/lang/invoke/LambdaForm$MH+0x0000023d273d4800
# instanceKlass java/lang/invoke/LambdaForm$DMH+0x0000023d273d4400
instanceKlass  @bci org/reactfx/util/SparseList set (ILjava/lang/Object;)V 16 <appendix> form vmentry <vmtarget> ; # java/lang/invoke/LambdaForm$DMH+0x0000023d273d4000
instanceKlass  @bci org/reactfx/util/FingerTree get (Ljava/util/function/ToIntFunction;I)Lorg/reactfx/util/Tuple2; 12 <appendix> member <vmtarget> ; # org/reactfx/util/FingerTree$$Lambda+0x0000023d273d1f80
instanceKlass  @bci org/reactfx/util/FingerTree get (Ljava/util/function/ToIntFunction;I)Lorg/reactfx/util/Tuple2; 4 <appendix> argL0 ; # org/reactfx/util/FingerTree$$Lambda+0x0000023d273d1d50
instanceKlass  @bci org/reactfx/util/SparseList set (ILjava/lang/Object;)V 4 <appendix> argL0 ; # org/reactfx/util/SparseList$$Lambda+0x0000023d273d1b40
instanceKlass  @bci org/fxmisc/flowless/CellListManager cellForItem (Ljava/lang/Object;)Lorg/fxmisc/flowless/Cell; 87 <appendix> member <vmtarget> ; # org/fxmisc/flowless/CellListManager$$Lambda+0x0000023d273d1928
instanceKlass org/reactfx/LimitedInvocationSubscriber
instanceKlass  @bci org/fxmisc/flowless/CellListManager cellForItem (Ljava/lang/Object;)Lorg/fxmisc/flowless/Cell; 24 <appendix> member <vmtarget> ; # org/fxmisc/flowless/CellListManager$$Lambda+0x0000023d273d14c8
instanceKlass  @bci org/fxmisc/richtext/GenericStyledArea lambda$new$13 (Ljava/util/function/BiConsumer;Ljava/util/function/Function;Ljavafx/collections/ObservableSet;Lorg/fxmisc/richtext/model/Paragraph;)Lorg/fxmisc/flowless/Cell; 45 <appendix> member <vmtarget> ; # org/fxmisc/richtext/GenericStyledArea$$Lambda+0x0000023d273c8d10
instanceKlass org/fxmisc/flowless/CellWrapper
instanceKlass  @bci org/fxmisc/richtext/GenericStyledArea lambda$new$13 (Ljava/util/function/BiConsumer;Ljava/util/function/Function;Ljavafx/collections/ObservableSet;Lorg/fxmisc/richtext/model/Paragraph;)Lorg/fxmisc/flowless/Cell; 32 <appendix> member <vmtarget> ; # org/fxmisc/richtext/GenericStyledArea$$Lambda+0x0000023d273c8800
instanceKlass org/fxmisc/richtext/GenericStyledArea$3
instanceKlass org/reactfx/MultiSubscription
instanceKlass  @bci org/reactfx/EventStreams$27 observeInputs ()Lorg/reactfx/Subscription; 68 <appendix> member <vmtarget> ; # org/reactfx/EventStreams$27$$Lambda+0x0000023d273c98b0
instanceKlass  @bci org/reactfx/EventStreams$27 observeInputs ()Lorg/reactfx/Subscription; 50 <appendix> member <vmtarget> ; # org/reactfx/EventStreams$27$$Lambda+0x0000023d273cbc38
instanceKlass  @bci org/reactfx/EventStreams$27 observeInputs ()Lorg/reactfx/Subscription; 32 <appendix> member <vmtarget> ; # org/reactfx/EventStreams$27$$Lambda+0x0000023d273cba10
instanceKlass  @bci org/fxmisc/richtext/GenericStyledArea lambda$createCell$67 (Lorg/fxmisc/richtext/ParagraphBox;Lorg/fxmisc/richtext/Selection;)Lorg/reactfx/Subscription; 53 <appendix> member <vmtarget> ; # org/fxmisc/richtext/GenericStyledArea$$Lambda+0x0000023d273cb7e8
instanceKlass  @bci org/fxmisc/richtext/GenericStyledArea lambda$createCell$67 (Lorg/fxmisc/richtext/ParagraphBox;Lorg/fxmisc/richtext/Selection;)Lorg/reactfx/Subscription; 30 <appendix> argL0 ; # org/fxmisc/richtext/GenericStyledArea$$Lambda+0x0000023d273cb5a8
instanceKlass  @bci org/fxmisc/richtext/GenericStyledArea createCell (Lorg/fxmisc/richtext/model/Paragraph;Ljava/util/function/BiConsumer;Ljava/util/function/Function;)Lorg/fxmisc/flowless/Cell; 200 <appendix> member <vmtarget> ; # org/fxmisc/richtext/GenericStyledArea$$Lambda+0x0000023d273cb370
instanceKlass  @bci org/fxmisc/richtext/GenericStyledArea createCell (Lorg/fxmisc/richtext/model/Paragraph;Ljava/util/function/BiConsumer;Ljava/util/function/Function;)Lorg/fxmisc/flowless/Cell; 185 <appendix> member <vmtarget> ; # org/fxmisc/richtext/GenericStyledArea$$Lambda+0x0000023d273cb148
instanceKlass  @bci org/fxmisc/richtext/GenericStyledArea createCell (Lorg/fxmisc/richtext/model/Paragraph;Ljava/util/function/BiConsumer;Ljava/util/function/Function;)Lorg/fxmisc/flowless/Cell; 173 <appendix> argL0 ; # org/fxmisc/richtext/GenericStyledArea$$Lambda+0x0000023d273caf18
instanceKlass  @bci org/fxmisc/richtext/util/SubscribeableContentsObsSet addSubscriber (Ljava/util/function/Function;)Lorg/reactfx/Subscription; 48 <appendix> member <vmtarget> ; # org/fxmisc/richtext/util/SubscribeableContentsObsSet$$Lambda+0x0000023d273cacf0
instanceKlass  @bci org/reactfx/EventStreams$4 observeInputs ()Lorg/reactfx/Subscription; 22 <appendix> member <vmtarget> ; # org/reactfx/EventStreams$4$$Lambda+0x0000023d273caac8
instanceKlass  @bci org/reactfx/EventStreams$4 observeInputs ()Lorg/reactfx/Subscription; 1 <appendix> member <vmtarget> ; # org/reactfx/EventStreams$4$$Lambda+0x0000023d273ca8b0
instanceKlass  @bci org/fxmisc/richtext/GenericStyledArea lambda$createCell$61 (Lorg/fxmisc/richtext/ParagraphBox;Lorg/fxmisc/richtext/CaretNode;)Lorg/reactfx/Subscription; 35 <appendix> member <vmtarget> ; # org/fxmisc/richtext/GenericStyledArea$$Lambda+0x0000023d273cfd20
instanceKlass  @bci org/fxmisc/richtext/GenericStyledArea lambda$createCell$61 (Lorg/fxmisc/richtext/ParagraphBox;Lorg/fxmisc/richtext/CaretNode;)Lorg/reactfx/Subscription; 17 <appendix> argL0 ; # org/fxmisc/richtext/GenericStyledArea$$Lambda+0x0000023d273cfae0
instanceKlass  @bci org/fxmisc/richtext/util/SubscribeableContentsObsSet addSubscriber (Ljava/util/function/Function;)Lorg/reactfx/Subscription; 36 <appendix> member <vmtarget> ; # org/fxmisc/richtext/util/SubscribeableContentsObsSet$$Lambda+0x0000023d273cf8b8
instanceKlass  @bci org/fxmisc/richtext/GenericStyledArea createCell (Lorg/fxmisc/richtext/model/Paragraph;Ljava/util/function/BiConsumer;Ljava/util/function/Function;)Lorg/fxmisc/flowless/Cell; 138 <appendix> member <vmtarget> ; # org/fxmisc/richtext/GenericStyledArea$$Lambda+0x0000023d273cf680
instanceKlass  @bci org/fxmisc/richtext/GenericStyledArea createCell (Lorg/fxmisc/richtext/model/Paragraph;Ljava/util/function/BiConsumer;Ljava/util/function/Function;)Lorg/fxmisc/flowless/Cell; 124 <appendix> member <vmtarget> ; # org/fxmisc/richtext/GenericStyledArea$$Lambda+0x0000023d273cf458
instanceKlass  @bci org/fxmisc/richtext/GenericStyledArea createCell (Lorg/fxmisc/richtext/model/Paragraph;Ljava/util/function/BiConsumer;Ljava/util/function/Function;)Lorg/fxmisc/flowless/Cell; 91 <appendix> member <vmtarget> ; # org/fxmisc/richtext/GenericStyledArea$$Lambda+0x0000023d273cf230
instanceKlass  @bci org/fxmisc/richtext/GenericStyledArea createCell (Lorg/fxmisc/richtext/model/Paragraph;Ljava/util/function/BiConsumer;Ljava/util/function/Function;)Lorg/fxmisc/flowless/Cell; 75 <appendix> argL0 ; # org/fxmisc/richtext/GenericStyledArea$$Lambda+0x0000023d273ceff0
instanceKlass  @bci org/reactfx/util/AbstractReducingStreamNotifications head (Ljava/util/function/Consumer;Ljava/lang/Object;)Ljava/lang/Runnable; 2 <appendix> member <vmtarget> ; # org/reactfx/util/AbstractReducingStreamNotifications$$Lambda+0x0000023d273cd6f8
instanceKlass  @bci org/fxmisc/richtext/ParagraphBox <init> (Lorg/fxmisc/richtext/model/Paragraph;Ljava/util/function/BiConsumer;Ljava/util/function/Function;)V 174 <appendix> member <vmtarget> ; # org/fxmisc/richtext/ParagraphBox$$Lambda+0x0000023d273cd4e0
instanceKlass  @bci org/fxmisc/richtext/ParagraphBox <init> (Lorg/fxmisc/richtext/model/Paragraph;Ljava/util/function/BiConsumer;Ljava/util/function/Function;)V 159 <appendix> member <vmtarget> ; # org/fxmisc/richtext/ParagraphBox$$Lambda+0x0000023d273cd2c8
instanceKlass  @bci org/fxmisc/richtext/ParagraphBox <init> (Lorg/fxmisc/richtext/model/Paragraph;Ljava/util/function/BiConsumer;Ljava/util/function/Function;)V 143 <appendix> argL0 ; # org/fxmisc/richtext/ParagraphBox$$Lambda+0x0000023d273cd0a8
instanceKlass  @bci org/fxmisc/richtext/ParagraphText <init> (Lorg/fxmisc/richtext/model/Paragraph;Ljava/util/function/Function;)V 340 <appendix> member <vmtarget> ; # org/fxmisc/richtext/ParagraphText$$Lambda+0x0000023d273cc878
instanceKlass  @bci org/fxmisc/richtext/ParagraphText <init> (Lorg/fxmisc/richtext/model/Paragraph;Ljava/util/function/Function;)V 317 <appendix> member <vmtarget> ; # org/fxmisc/richtext/ParagraphText$$Lambda+0x0000023d273cc650
instanceKlass  @bci org/fxmisc/richtext/ParagraphText <init> (Lorg/fxmisc/richtext/model/Paragraph;Ljava/util/function/Function;)V 294 <appendix> member <vmtarget> ; # org/fxmisc/richtext/ParagraphText$$Lambda+0x0000023d273cc428
instanceKlass org/fxmisc/richtext/ParagraphText$CustomCssShapeHelper
instanceKlass  @bci org/fxmisc/richtext/ParagraphText <init> (Lorg/fxmisc/richtext/model/Paragraph;Ljava/util/function/Function;)V 279 <appendix> member <vmtarget> ; # org/fxmisc/richtext/ParagraphText$$Lambda+0x0000023d273cc000
instanceKlass  @bci org/fxmisc/richtext/ParagraphText <init> (Lorg/fxmisc/richtext/model/Paragraph;Ljava/util/function/Function;)V 266 <appendix> member <vmtarget> ; # org/fxmisc/richtext/ParagraphText$$Lambda+0x0000023d273c0c50
instanceKlass  @bci org/fxmisc/richtext/ParagraphText <init> (Lorg/fxmisc/richtext/model/Paragraph;Ljava/util/function/Function;)V 256 <appendix> member <vmtarget> ; # org/fxmisc/richtext/ParagraphText$$Lambda+0x0000023d273c0a28
instanceKlass  @bci java/util/function/Consumer andThen (Ljava/util/function/Consumer;)Ljava/util/function/Consumer; 7 <appendix> member <vmtarget> ; # java/util/function/Consumer$$Lambda+0x0000023d27320500
instanceKlass  @cpi java/util/function/Consumer 43 form vmentry <vmtarget> ; # java/lang/invoke/LambdaForm$DMH+0x0000023d273c8000
instanceKlass  @bci org/fxmisc/richtext/ParagraphText <init> (Lorg/fxmisc/richtext/model/Paragraph;Ljava/util/function/Function;)V 243 <appendix> member <vmtarget> ; # org/fxmisc/richtext/ParagraphText$$Lambda+0x0000023d273c0800
instanceKlass  @bci org/fxmisc/richtext/ParagraphText <init> (Lorg/fxmisc/richtext/model/Paragraph;Ljava/util/function/Function;)V 233 <appendix> member <vmtarget> ; # org/fxmisc/richtext/ParagraphText$$Lambda+0x0000023d273c1cf8
instanceKlass  @bci org/fxmisc/richtext/ParagraphText <init> (Lorg/fxmisc/richtext/model/Paragraph;Ljava/util/function/Function;)V 225 <appendix> member <vmtarget> ; # org/fxmisc/richtext/ParagraphText$$Lambda+0x0000023d273c1ae0
instanceKlass  @bci org/fxmisc/richtext/ParagraphText <init> (Lorg/fxmisc/richtext/model/Paragraph;Ljava/util/function/Function;)V 216 <appendix> member <vmtarget> ; # org/fxmisc/richtext/ParagraphText$$Lambda+0x0000023d273c18c8
instanceKlass  @bci org/fxmisc/richtext/ParagraphText <init> (Lorg/fxmisc/richtext/model/Paragraph;Ljava/util/function/Function;)V 207 <appendix> member <vmtarget> ; # org/fxmisc/richtext/ParagraphText$$Lambda+0x0000023d273c16b0
instanceKlass  @bci org/fxmisc/richtext/ParagraphText <init> (Lorg/fxmisc/richtext/model/Paragraph;Ljava/util/function/Function;)V 198 <appendix> member <vmtarget> ; # org/fxmisc/richtext/ParagraphText$$Lambda+0x0000023d273c1460
instanceKlass java/util/function/UnaryOperator
instanceKlass  @bci org/fxmisc/richtext/TextExt$StyleableProperties <clinit> ()V 276 <appendix> argL0 ; # org/fxmisc/richtext/TextExt$StyleableProperties$$Lambda+0x0000023d273c1230
instanceKlass  @bci org/fxmisc/richtext/TextExt$StyleableProperties <clinit> ()V 251 <appendix> argL0 ; # org/fxmisc/richtext/TextExt$StyleableProperties$$Lambda+0x0000023d273c1000
instanceKlass  @bci org/fxmisc/richtext/TextExt$StyleableProperties <clinit> ()V 227 <appendix> argL0 ; # org/fxmisc/richtext/TextExt$StyleableProperties$$Lambda+0x0000023d273c3c18
instanceKlass  @bci org/fxmisc/richtext/TextExt$StyleableProperties <clinit> ()V 203 <appendix> argL0 ; # org/fxmisc/richtext/TextExt$StyleableProperties$$Lambda+0x0000023d273c39e8
instanceKlass  @bci org/fxmisc/richtext/TextExt$StyleableProperties <clinit> ()V 179 <appendix> argL0 ; # org/fxmisc/richtext/TextExt$StyleableProperties$$Lambda+0x0000023d273c37b8
instanceKlass  @bci org/fxmisc/richtext/TextExt$StyleableProperties <clinit> ()V 155 <appendix> argL0 ; # org/fxmisc/richtext/TextExt$StyleableProperties$$Lambda+0x0000023d273c3588
instanceKlass  @bci org/fxmisc/richtext/TextExt$StyleableProperties <clinit> ()V 131 <appendix> argL0 ; # org/fxmisc/richtext/TextExt$StyleableProperties$$Lambda+0x0000023d273c3358
instanceKlass  @bci org/fxmisc/richtext/TextExt$StyleableProperties <clinit> ()V 108 <appendix> argL0 ; # org/fxmisc/richtext/TextExt$StyleableProperties$$Lambda+0x0000023d273c3128
instanceKlass  @bci org/fxmisc/richtext/TextExt$StyleableProperties <clinit> ()V 84 <appendix> argL0 ; # org/fxmisc/richtext/TextExt$StyleableProperties$$Lambda+0x0000023d273c2ef8
instanceKlass  @bci org/fxmisc/richtext/TextExt$StyleableProperties <clinit> ()V 59 <appendix> argL0 ; # org/fxmisc/richtext/TextExt$StyleableProperties$$Lambda+0x0000023d273c2cc8
instanceKlass  @bci org/fxmisc/richtext/TextExt$StyleableProperties <clinit> ()V 35 <appendix> argL0 ; # org/fxmisc/richtext/TextExt$StyleableProperties$$Lambda+0x0000023d273c2a98
instanceKlass  @bci org/fxmisc/richtext/TextExt$StyleableProperties <clinit> ()V 12 <appendix> argL0 ; # org/fxmisc/richtext/TextExt$StyleableProperties$$Lambda+0x0000023d273c2868
instanceKlass org/fxmisc/richtext/TextExt$StyleableProperties
instanceKlass  @bci org/fxmisc/richtext/ParagraphText <init> (Lorg/fxmisc/richtext/model/Paragraph;Ljava/util/function/Function;)V 185 <appendix> member <vmtarget> ; # org/fxmisc/richtext/ParagraphText$$Lambda+0x0000023d273c2448
instanceKlass  @bci org/fxmisc/richtext/ParagraphText <init> (Lorg/fxmisc/richtext/model/Paragraph;Ljava/util/function/Function;)V 148 <appendix> member <vmtarget> ; # org/fxmisc/richtext/ParagraphText$$Lambda+0x0000023d273c2000
instanceKlass  @bci org/fxmisc/richtext/ParagraphText <init> (Lorg/fxmisc/richtext/model/Paragraph;Ljava/util/function/Function;)V 134 <appendix> member <vmtarget> ; # org/fxmisc/richtext/ParagraphText$$Lambda+0x0000023d273c7da8
instanceKlass  @bci org/fxmisc/richtext/ParagraphText <init> (Lorg/fxmisc/richtext/model/Paragraph;Ljava/util/function/Function;)V 112 <appendix> member <vmtarget> ; # org/fxmisc/richtext/ParagraphText$$Lambda+0x0000023d273c7b90
instanceKlass  @bci org/fxmisc/richtext/ParagraphText <init> (Lorg/fxmisc/richtext/model/Paragraph;Ljava/util/function/Function;)V 98 <appendix> member <vmtarget> ; # org/fxmisc/richtext/ParagraphText$$Lambda+0x0000023d273c7978
instanceKlass  @bci org/fxmisc/richtext/ParagraphText <init> (Lorg/fxmisc/richtext/model/Paragraph;Ljava/util/function/Function;)V 87 <appendix> argL0 ; # org/fxmisc/richtext/ParagraphText$$Lambda+0x0000023d273c7748
instanceKlass  @bci org/fxmisc/richtext/ParagraphText <init> (Lorg/fxmisc/richtext/model/Paragraph;Ljava/util/function/Function;)V 74 <appendix> argL0 ; # org/fxmisc/richtext/ParagraphText$$Lambda+0x0000023d273c7518
instanceKlass  @cpi org/fxmisc/richtext/ParagraphText 503 form vmentry <vmtarget> ; # java/lang/invoke/LambdaForm$DMH+0x0000023d273c0400
instanceKlass  @bci javafx/scene/text/TextFlow <init> ()V 9 <appendix> member <vmtarget> ; # javafx/scene/text/TextFlow$$Lambda+0x0000023d273c7300
instanceKlass  @bci org/fxmisc/richtext/ParagraphBox <init> (Lorg/fxmisc/richtext/model/Paragraph;Ljava/util/function/BiConsumer;Ljava/util/function/Function;)V 45 <appendix> member <vmtarget> ; # org/fxmisc/richtext/ParagraphBox$$Lambda+0x0000023d273c4448
instanceKlass  @bci org/reactfx/util/FingerTree get (Ljava/util/function/ToIntFunction;ILjava/util/function/BiFunction;)Ljava/lang/Object; 8 <appendix> member <vmtarget> ; # org/reactfx/util/FingerTree$$Lambda+0x0000023d273c4220
instanceKlass  @bci org/reactfx/util/SparseList isPresent (I)Z 10 <appendix> argL0 ; # org/reactfx/util/SparseList$$Lambda+0x0000023d273c4000
instanceKlass  @cpi org/reactfx/util/SparseList 316 form vmentry <vmtarget> ; # java/lang/invoke/LambdaForm$DMH+0x0000023d273c0000
instanceKlass  @bci org/reactfx/util/SparseList isPresent (I)Z 4 <appendix> argL0 ; # org/reactfx/util/SparseList$$Lambda+0x0000023d273bc400
instanceKlass  @bci org/fxmisc/richtext/util/SubscribeableContentsObsSet fireElementAdded (Ljava/lang/Object;)V 16 <appendix> member <vmtarget> ; # org/fxmisc/richtext/util/SubscribeableContentsObsSet$$Lambda+0x0000023d273bcc50
instanceKlass  @bci org/fxmisc/richtext/util/SubscribeableContentsObsSet invalidateSet ()V 5 <appendix> member <vmtarget> ; # org/fxmisc/richtext/util/SubscribeableContentsObsSet$$Lambda+0x0000023d273bca28
instanceKlass  @bci org/fxmisc/richtext/util/SubscribeableContentsObsSet add (Ljava/lang/Object;)Z 57 <appendix> member <vmtarget> ; # org/fxmisc/richtext/util/SubscribeableContentsObsSet$$Lambda+0x0000023d273bc800
instanceKlass  @bci org/fxmisc/richtext/util/SubscribeableContentsObsSet add (Ljava/lang/Object;)Z 41 <appendix> member <vmtarget> ; # org/fxmisc/richtext/util/SubscribeableContentsObsSet$$Lambda+0x0000023d273bdd18
instanceKlass java/util/LinkedList$LLSpliterator
instanceKlass  @bci org/reactfx/value/Val$1 observeInputs ()Lorg/reactfx/Subscription; 5 <appendix> member <vmtarget> ; # org/reactfx/value/Val$1$$Lambda+0x0000023d273bdaf0
instanceKlass  @bci org/fxmisc/richtext/GenericStyledArea <init> (Ljava/lang/Object;Ljava/util/function/BiConsumer;Ljava/lang/Object;Lorg/fxmisc/richtext/model/EditableStyledDocument;Lorg/fxmisc/richtext/model/TextOps;ZLjava/util/function/Function;)V 672 <appendix> member <vmtarget> ; # org/fxmisc/richtext/GenericStyledArea$$Lambda+0x0000023d273bd8d8
instanceKlass  @bci org/fxmisc/richtext/CaretSelectionBindImpl <init> (Ljava/util/function/Function;Ljava/util/function/Function;)V 199 <appendix> argL0 ; # org/fxmisc/richtext/CaretSelectionBindImpl$$Lambda+0x0000023d273bd6a8
instanceKlass  @bci org/fxmisc/richtext/CaretSelectionBindImpl <init> (Ljava/util/function/Function;Ljava/util/function/Function;)V 183 <appendix> argL0 ; # org/fxmisc/richtext/CaretSelectionBindImpl$$Lambda+0x0000023d273bd478
instanceKlass  @bci org/fxmisc/richtext/CaretSelectionBindImpl <init> (Ljava/util/function/Function;Ljava/util/function/Function;)V 167 <appendix> argL0 ; # org/fxmisc/richtext/CaretSelectionBindImpl$$Lambda+0x0000023d273bd248
instanceKlass org/reactfx/util/Tuple3
instanceKlass  @bci org/fxmisc/richtext/CaretSelectionBindImpl <init> (Ljava/util/function/Function;Ljava/util/function/Function;)V 152 <appendix> member <vmtarget> ; # org/fxmisc/richtext/CaretSelectionBindImpl$$Lambda+0x0000023d273bfbf0
instanceKlass  @bci org/fxmisc/richtext/SelectionImpl <init> (Ljava/lang/String;Lorg/fxmisc/richtext/GenericStyledArea;Ljavafx/scene/control/IndexRange;Lorg/reactfx/SuspendableNo;Ljava/util/function/Consumer;)V 420 <appendix> member <vmtarget> ; # org/fxmisc/richtext/SelectionImpl$$Lambda+0x0000023d273bf9c8
instanceKlass  @bci org/fxmisc/richtext/SelectionImpl <init> (Ljava/lang/String;Lorg/fxmisc/richtext/GenericStyledArea;Ljavafx/scene/control/IndexRange;Lorg/reactfx/SuspendableNo;Ljava/util/function/Consumer;)V 377 <appendix> member <vmtarget> ; # org/fxmisc/richtext/SelectionImpl$$Lambda+0x0000023d273bf7b0
instanceKlass  @bci org/fxmisc/richtext/SelectionImpl <init> (Ljava/lang/String;Lorg/fxmisc/richtext/GenericStyledArea;Ljavafx/scene/control/IndexRange;Lorg/reactfx/SuspendableNo;Ljava/util/function/Consumer;)V 332 <appendix> argL0 ; # org/fxmisc/richtext/SelectionImpl$$Lambda+0x0000023d273bf590
instanceKlass  @bci org/fxmisc/richtext/SelectionImpl <init> (Ljava/lang/String;Lorg/fxmisc/richtext/GenericStyledArea;Ljavafx/scene/control/IndexRange;Lorg/reactfx/SuspendableNo;Ljava/util/function/Consumer;)V 310 <appendix> argL0 ; # org/fxmisc/richtext/SelectionImpl$$Lambda+0x0000023d273bf360
instanceKlass  @bci org/fxmisc/richtext/SelectionImpl <init> (Ljava/lang/String;Lorg/fxmisc/richtext/GenericStyledArea;Ljavafx/scene/control/IndexRange;Lorg/reactfx/SuspendableNo;Ljava/util/function/Consumer;)V 292 <appendix> argL0 ; # org/fxmisc/richtext/SelectionImpl$$Lambda+0x0000023d273bf130
instanceKlass  @bci org/fxmisc/richtext/SelectionImpl <init> (Ljava/lang/String;Lorg/fxmisc/richtext/GenericStyledArea;Ljavafx/scene/control/IndexRange;Lorg/reactfx/SuspendableNo;Ljava/util/function/Consumer;)V 269 <appendix> argL0 ; # org/fxmisc/richtext/SelectionImpl$$Lambda+0x0000023d273bef00
instanceKlass  @bci org/fxmisc/richtext/SelectionImpl <init> (Ljava/lang/String;Lorg/fxmisc/richtext/GenericStyledArea;Ljavafx/scene/control/IndexRange;Lorg/reactfx/SuspendableNo;Ljava/util/function/Consumer;)V 251 <appendix> argL0 ; # org/fxmisc/richtext/SelectionImpl$$Lambda+0x0000023d273becd0
instanceKlass  @bci org/fxmisc/richtext/SelectionImpl <init> (Ljava/lang/String;Lorg/fxmisc/richtext/GenericStyledArea;Ljavafx/scene/control/IndexRange;Lorg/reactfx/SuspendableNo;Ljava/util/function/Consumer;)V 233 <appendix> argL0 ; # org/fxmisc/richtext/SelectionImpl$$Lambda+0x0000023d273beaa0
instanceKlass  @bci org/fxmisc/richtext/SelectionImpl <init> (Ljava/lang/String;Lorg/fxmisc/richtext/GenericStyledArea;Ljavafx/scene/control/IndexRange;Lorg/reactfx/SuspendableNo;Ljava/util/function/Consumer;)V 210 <appendix> argL0 ; # org/fxmisc/richtext/SelectionImpl$$Lambda+0x0000023d273be870
instanceKlass  @bci org/fxmisc/richtext/SelectionImpl <init> (Ljava/lang/String;Lorg/fxmisc/richtext/GenericStyledArea;Ljavafx/scene/control/IndexRange;Lorg/reactfx/SuspendableNo;Ljava/util/function/Consumer;)V 195 <appendix> member <vmtarget> ; # org/fxmisc/richtext/SelectionImpl$$Lambda+0x0000023d273be658
instanceKlass  @bci org/fxmisc/richtext/SelectionImpl <init> (Ljava/lang/String;Lorg/fxmisc/richtext/GenericStyledArea;Ljavafx/scene/control/IndexRange;Lorg/reactfx/SuspendableNo;Ljava/util/function/Consumer;)V 176 <appendix> member <vmtarget> ; # org/fxmisc/richtext/SelectionImpl$$Lambda+0x0000023d273be420
instanceKlass  @bci org/fxmisc/richtext/model/ReadOnlyStyledDocument$Pos offsetBy (ILorg/fxmisc/richtext/model/TwoDimensional$Bias;)Lorg/fxmisc/richtext/model/TwoDimensional$Position; 22 <appendix> member <vmtarget> ; # org/fxmisc/richtext/model/ReadOnlyStyledDocument$Pos$$Lambda+0x0000023d273be1f8
instanceKlass org/reactfx/util/BiIndex
instanceKlass  @bci org/reactfx/util/FingerTree measure (Ljava/util/function/ToIntFunction;)I 10 <appendix> member <vmtarget> ; # org/reactfx/util/FingerTree$$Lambda+0x0000023d273bbdb8
instanceKlass  @bci org/fxmisc/richtext/model/ReadOnlyStyledDocument$Pos offsetBy (ILorg/fxmisc/richtext/model/TwoDimensional$Bias;)Lorg/fxmisc/richtext/model/TwoDimensional$Position; 7 <appendix> argL0 ; # org/fxmisc/richtext/model/ReadOnlyStyledDocument$Pos$$Lambda+0x0000023d273bbba8
instanceKlass org/fxmisc/richtext/model/ReadOnlyStyledDocument$Pos
instanceKlass  @bci org/fxmisc/richtext/SelectionImpl <init> (Ljava/lang/String;Lorg/fxmisc/richtext/GenericStyledArea;Ljavafx/scene/control/IndexRange;Lorg/reactfx/SuspendableNo;Ljava/util/function/Consumer;)V 134 <appendix> argL0 ; # org/fxmisc/richtext/SelectionImpl$$Lambda+0x0000023d273bb2d8
instanceKlass  @bci org/fxmisc/richtext/SelectionImpl <init> (Ljava/lang/String;Lorg/fxmisc/richtext/GenericStyledArea;Ljavafx/scene/control/IndexRange;Lorg/reactfx/SuspendableNo;Ljava/util/function/Consumer;)V 92 <appendix> member <vmtarget> ; # org/fxmisc/richtext/SelectionImpl$$Lambda+0x0000023d273bb0c0
instanceKlass  @bci org/fxmisc/richtext/SelectionImpl <init> (Ljava/lang/String;Lorg/fxmisc/richtext/GenericStyledArea;Ljavafx/scene/control/IndexRange;Lorg/reactfx/SuspendableNo;Ljava/util/function/Consumer;)V 72 <appendix> argL0 ; # org/fxmisc/richtext/SelectionImpl$$Lambda+0x0000023d273bae90
instanceKlass  @bci org/fxmisc/richtext/SelectionImpl <init> (Ljava/lang/String;Lorg/fxmisc/richtext/GenericStyledArea;Ljavafx/scene/control/IndexRange;Lorg/reactfx/SuspendableNo;Ljava/util/function/Consumer;)V 16 <appendix> argL0 ; # org/fxmisc/richtext/SelectionImpl$$Lambda+0x0000023d273bac70
instanceKlass  @bci org/fxmisc/richtext/SelectionImpl <init> (Ljava/lang/String;Lorg/fxmisc/richtext/GenericStyledArea;Ljavafx/scene/control/IndexRange;Lorg/reactfx/SuspendableNo;)V 6 <appendix> argL0 ; # org/fxmisc/richtext/SelectionImpl$$Lambda+0x0000023d273baa50
instanceKlass org/fxmisc/richtext/SelectionImpl
instanceKlass  @bci org/fxmisc/richtext/CaretNode <init> (Ljava/lang/String;Lorg/fxmisc/richtext/GenericStyledArea;Lorg/reactfx/SuspendableNo;I)V 341 <appendix> member <vmtarget> ; # org/fxmisc/richtext/CaretNode$$Lambda+0x0000023d273b9db0
instanceKlass  @bci org/fxmisc/richtext/CaretNode <init> (Ljava/lang/String;Lorg/fxmisc/richtext/GenericStyledArea;Lorg/reactfx/SuspendableNo;I)V 315 <appendix> member <vmtarget> ; # org/fxmisc/richtext/CaretNode$$Lambda+0x0000023d273b9b98
instanceKlass  @bci org/reactfx/EventStreams$26 observeInputs ()Lorg/reactfx/Subscription; 43 <appendix> member <vmtarget> ; # org/reactfx/EventStreams$26$$Lambda+0x0000023d273b9970
instanceKlass  @bci org/reactfx/FlatMapStream observeInputs ()Lorg/reactfx/Subscription; 18 <appendix> member <vmtarget> ; # org/reactfx/FlatMapStream$$Lambda+0x0000023d273b9748
instanceKlass  @bci org/reactfx/util/NonAccumulativeStreamNotifications head (Ljava/util/function/Consumer;Ljava/lang/Object;)Ljava/lang/Runnable; 2 <appendix> member <vmtarget> ; # org/reactfx/util/NonAccumulativeStreamNotifications$$Lambda+0x0000023d273b9530
instanceKlass  @bci org/reactfx/util/NotificationAccumulatorBase takeOne ()Ljava/lang/Runnable; 90 <appendix> member <vmtarget> ; # org/reactfx/util/NotificationAccumulatorBase$$Lambda+0x0000023d273b9308
instanceKlass  @bci org/reactfx/util/NotificationAccumulatorBase takeOne ()Ljava/lang/Runnable; 16 <appendix> member <vmtarget> ; # org/reactfx/util/NotificationAccumulatorBase$$Lambda+0x0000023d273b90e0
instanceKlass  @cpi org/reactfx/util/NotificationAccumulatorBase 89 form vmentry <vmtarget> ; # java/lang/invoke/LambdaForm$DMH+0x0000023d273bc000
instanceKlass org/reactfx/util/NotificationAccumulatorBase$1
instanceKlass org/reactfx/util/Tuples
instanceKlass org/reactfx/util/IteratorBasedAccuMap
instanceKlass org/reactfx/util/ListHelper$SingleElemHelper$1
instanceKlass  @bci org/reactfx/FlatMapStream lambda$observeInputs$0 (Ljava/lang/Object;)V 24 <appendix> member <vmtarget> ; # org/reactfx/FlatMapStream$$Lambda+0x0000023d273b81f8
instanceKlass org/fxmisc/richtext/CaretNode$1
instanceKlass  @bci org/reactfx/value/SimpleVar connect ()Lorg/reactfx/Subscription; 21 <appendix> member <vmtarget> ; # org/reactfx/value/SimpleVar$$Lambda+0x0000023d273b7d20
instanceKlass  @bci org/reactfx/EventStreams$26 observeInputs ()Lorg/reactfx/Subscription; 25 <appendix> member <vmtarget> ; # org/reactfx/EventStreams$26$$Lambda+0x0000023d273b7af8
instanceKlass  @bci org/reactfx/FlatMapStream observeInputs ()Lorg/reactfx/Subscription; 5 <appendix> member <vmtarget> ; # org/reactfx/FlatMapStream$$Lambda+0x0000023d273b78d0
instanceKlass  @bci org/reactfx/EventStream feedTo (Ljavafx/beans/value/WritableValue;)Lorg/reactfx/Subscription; 7 <appendix> member <vmtarget> ; # org/reactfx/EventStream$$Lambda+0x0000023d273b76a8
instanceKlass  @bci org/fxmisc/richtext/CaretNode <init> (Ljava/lang/String;Lorg/fxmisc/richtext/GenericStyledArea;Lorg/reactfx/SuspendableNo;I)V 290 <appendix> member <vmtarget> ; # org/fxmisc/richtext/CaretNode$$Lambda+0x0000023d273b7470
instanceKlass org/reactfx/EventStreams$Pocket
instanceKlass  @bci org/fxmisc/richtext/CaretNode <init> (Ljava/lang/String;Lorg/fxmisc/richtext/GenericStyledArea;Lorg/reactfx/SuspendableNo;I)V 269 <appendix> argL0 ; # org/fxmisc/richtext/CaretNode$$Lambda+0x0000023d273b6758
instanceKlass  @bci org/fxmisc/richtext/CaretNode <init> (Ljava/lang/String;Lorg/fxmisc/richtext/GenericStyledArea;Lorg/reactfx/SuspendableNo;I)V 219 <appendix> member <vmtarget> ; # org/fxmisc/richtext/CaretNode$$Lambda+0x0000023d273b5c70
instanceKlass  @bci org/reactfx/MappedStream observeInputs ()Lorg/reactfx/Subscription; 5 <appendix> member <vmtarget> ; # org/reactfx/MappedStream$$Lambda+0x0000023d273b5a48
instanceKlass  @bci org/reactfx/FilterStream observeInputs ()Lorg/reactfx/Subscription; 5 <appendix> member <vmtarget> ; # org/reactfx/FilterStream$$Lambda+0x0000023d273b5820
instanceKlass  @bci org/fxmisc/richtext/CaretNode <init> (Ljava/lang/String;Lorg/fxmisc/richtext/GenericStyledArea;Lorg/reactfx/SuspendableNo;I)V 201 <appendix> member <vmtarget> ; # org/fxmisc/richtext/CaretNode$$Lambda+0x0000023d273b55f8
instanceKlass  @bci org/fxmisc/richtext/model/EditableStyledDocument multiPlainChanges ()Lorg/reactfx/EventStream; 16 <appendix> argL0 ; # org/fxmisc/richtext/model/EditableStyledDocument$$Lambda+0x0000023d273b4b08
instanceKlass  @bci org/fxmisc/richtext/model/EditableStyledDocument multiPlainChanges ()Lorg/reactfx/EventStream; 6 <appendix> argL0 ; # org/fxmisc/richtext/model/EditableStyledDocument$$Lambda+0x0000023d273b4028
instanceKlass  @bci org/fxmisc/richtext/CaretNode <init> (Ljava/lang/String;Lorg/fxmisc/richtext/GenericStyledArea;Lorg/reactfx/SuspendableNo;I)V 177 <appendix> argL0 ; # org/fxmisc/richtext/CaretNode$$Lambda+0x0000023d273b3df8
instanceKlass  @bci org/fxmisc/richtext/CaretNode <init> (Ljava/lang/String;Lorg/fxmisc/richtext/GenericStyledArea;Lorg/reactfx/SuspendableNo;I)V 156 <appendix> argL0 ; # org/fxmisc/richtext/CaretNode$$Lambda+0x0000023d273b3bc8
instanceKlass  @bci org/fxmisc/richtext/CaretNode <init> (Ljava/lang/String;Lorg/fxmisc/richtext/GenericStyledArea;Lorg/reactfx/SuspendableNo;I)V 125 <appendix> member <vmtarget> ; # org/fxmisc/richtext/CaretNode$$Lambda+0x0000023d273b39b0
instanceKlass  @bci org/fxmisc/richtext/CaretNode <init> (Ljava/lang/String;Lorg/fxmisc/richtext/GenericStyledArea;Lorg/reactfx/SuspendableNo;I)V 53 <appendix> argL0 ; # org/fxmisc/richtext/CaretNode$$Lambda+0x0000023d273b3790
instanceKlass  @bci org/fxmisc/richtext/CaretNode <clinit> ()V 54 <appendix> argL0 ; # org/fxmisc/richtext/CaretNode$$Lambda+0x0000023d273b2850
instanceKlass javafx/css/converter/DurationConverter$Holder
instanceKlass javafx/scene/shape/Path$1
instanceKlass com/sun/javafx/scene/shape/PathHelper$PathAccessor
instanceKlass  @bci org/fxmisc/richtext/CaretSelectionBindImpl <init> (Ljava/util/function/Function;Ljava/util/function/Function;)V 45 <appendix> argL0 ; # org/fxmisc/richtext/CaretSelectionBindImpl$$Lambda+0x0000023d273b0cd8
instanceKlass org/fxmisc/richtext/CaretSelectionBindImpl$BooleanEvent
instanceKlass  @bci org/fxmisc/richtext/CaretSelectionBindImpl <init> (Ljava/lang/String;Ljava/lang/String;Lorg/fxmisc/richtext/GenericStyledArea;Ljavafx/scene/control/IndexRange;)V 14 <appendix> member <vmtarget> ; # org/fxmisc/richtext/CaretSelectionBindImpl$$Lambda+0x0000023d273b0000
instanceKlass  @bci org/fxmisc/richtext/CaretSelectionBindImpl <init> (Ljava/lang/String;Ljava/lang/String;Lorg/fxmisc/richtext/GenericStyledArea;Ljavafx/scene/control/IndexRange;)V 5 <appendix> member <vmtarget> ; # org/fxmisc/richtext/CaretSelectionBindImpl$$Lambda+0x0000023d273a1400
instanceKlass org/fxmisc/richtext/CaretSelectionBindImpl
instanceKlass javafx/beans/binding/Bindings$ShortCircuitAndInvalidator
instanceKlass  @bci org/fxmisc/richtext/GenericStyledArea <init> (Ljava/lang/Object;Ljava/util/function/BiConsumer;Ljava/lang/Object;Lorg/fxmisc/richtext/model/EditableStyledDocument;Lorg/fxmisc/richtext/model/TextOps;ZLjava/util/function/Function;)V 540 <appendix> member <vmtarget> ; # org/fxmisc/richtext/GenericStyledArea$$Lambda+0x0000023d273ad388
instanceKlass  @bci org/fxmisc/richtext/GenericStyledArea <init> (Ljava/lang/Object;Ljava/util/function/BiConsumer;Ljava/lang/Object;Lorg/fxmisc/richtext/model/EditableStyledDocument;Lorg/fxmisc/richtext/model/TextOps;ZLjava/util/function/Function;)V 532 <appendix> member <vmtarget> ; # org/fxmisc/richtext/GenericStyledArea$$Lambda+0x0000023d273ad170
instanceKlass  @bci org/fxmisc/flowless/VirtualFlow <init> (Ljavafx/collections/ObservableList;Ljava/util/function/Function;Lorg/fxmisc/flowless/OrientationHelper;Lorg/fxmisc/flowless/VirtualFlow$Gravity;)V 226 <appendix> member <vmtarget> ; # org/fxmisc/flowless/VirtualFlow$$Lambda+0x0000023d273acf58
instanceKlass  @bci org/fxmisc/flowless/VirtualFlow <init> (Ljavafx/collections/ObservableList;Ljava/util/function/Function;Lorg/fxmisc/flowless/OrientationHelper;Lorg/fxmisc/flowless/VirtualFlow$Gravity;)V 208 <appendix> member <vmtarget> ; # org/fxmisc/flowless/VirtualFlow$$Lambda+0x0000023d273acd30
instanceKlass  @bci org/fxmisc/flowless/VirtualFlow <init> (Ljavafx/collections/ObservableList;Ljava/util/function/Function;Lorg/fxmisc/flowless/OrientationHelper;Lorg/fxmisc/flowless/VirtualFlow$Gravity;)V 188 <appendix> argL0 ; # org/fxmisc/flowless/VirtualFlow$$Lambda+0x0000023d273acb00
instanceKlass  @bci org/fxmisc/flowless/Navigator <init> (Lorg/fxmisc/flowless/CellListManager;Lorg/fxmisc/flowless/CellPositioner;Lorg/fxmisc/flowless/OrientationHelper;Ljavafx/beans/property/ObjectProperty;Lorg/fxmisc/flowless/SizeTracker;)V 94 <appendix> member <vmtarget> ; # org/fxmisc/flowless/Navigator$$Lambda+0x0000023d273ac8e8
instanceKlass org/reactfx/collection/ListIteratorImpl
instanceKlass com/sun/javafx/binding/ContentBinding$ListContentBinding
instanceKlass com/sun/javafx/binding/ContentBinding
instanceKlass  @bci org/fxmisc/flowless/Navigator <init> (Lorg/fxmisc/flowless/CellListManager;Lorg/fxmisc/flowless/CellPositioner;Lorg/fxmisc/flowless/OrientationHelper;Ljavafx/beans/property/ObjectProperty;Lorg/fxmisc/flowless/SizeTracker;)V 69 <appendix> member <vmtarget> ; # org/fxmisc/flowless/Navigator$$Lambda+0x0000023d273aba30
instanceKlass org/fxmisc/flowless/StartOffStart
instanceKlass org/fxmisc/flowless/CellPositioner
instanceKlass  @bci org/reactfx/value/FlatMapped computeValue ()Ljava/lang/Object; 20 <appendix> argL0 ; # org/reactfx/value/FlatMapped$$Lambda+0x0000023d273ab3d8
instanceKlass  @bci org/reactfx/value/FlatMapped startObservingSelected ()V 33 <appendix> member <vmtarget> ; # org/reactfx/value/FlatMapped$$Lambda+0x0000023d273ab1b0
instanceKlass  @bci org/reactfx/value/FlatMapped connect ()Lorg/reactfx/Subscription; 14 <appendix> member <vmtarget> ; # org/reactfx/value/FlatMapped$$Lambda+0x0000023d273aaf88
instanceKlass  @bci org/reactfx/value/FlatMapped connect ()Lorg/reactfx/Subscription; 5 <appendix> member <vmtarget> ; # org/reactfx/value/FlatMapped$$Lambda+0x0000023d273aad70
instanceKlass  @bci org/fxmisc/flowless/SizeTracker lambda$new$8 (Lorg/reactfx/value/Val;)Ljava/lang/Integer; 7 <appendix> member <vmtarget> ; # org/fxmisc/flowless/SizeTracker$$Lambda+0x0000023d273aab38
instanceKlass  @bci org/reactfx/collection/ListRangeReduction connect ()Lorg/reactfx/Subscription; 9 <appendix> member <vmtarget> ; # org/reactfx/collection/ListRangeReduction$$Lambda+0x0000023d273aa920
instanceKlass  @bci org/fxmisc/flowless/SizeTracker lambda$new$2 (Lorg/fxmisc/flowless/OrientationHelper;Ljava/lang/Double;)Ljava/util/function/Function; 2 <appendix> member <vmtarget> ; # org/fxmisc/flowless/SizeTracker$$Lambda+0x0000023d273aa450
instanceKlass  @bci org/reactfx/value/Val$2 connect ()Lorg/reactfx/Subscription; 49 <appendix> member <vmtarget> ; # org/reactfx/value/Val$2$$Lambda+0x0000023d273aa228
instanceKlass  @bci org/reactfx/value/Val observeInvalidations (Ljavafx/beans/value/ObservableValue;Ljavafx/beans/InvalidationListener;)Lorg/reactfx/Subscription; 9 <appendix> member <vmtarget> ; # org/reactfx/value/Val$$Lambda+0x0000023d273aa000
instanceKlass org/reactfx/util/Lists
instanceKlass  @bci org/reactfx/collection/ListReduction connect ()Lorg/reactfx/Subscription; 50 <appendix> member <vmtarget> ; # org/reactfx/collection/ListReduction$$Lambda+0x0000023d273a9be0
instanceKlass  @bci org/fxmisc/flowless/SizeTracker$1 connect ()Lorg/reactfx/Subscription; 5 <appendix> member <vmtarget> ; # org/fxmisc/flowless/SizeTracker$1$$Lambda+0x0000023d273a99c8
instanceKlass  @bci org/reactfx/value/MappedVal connect ()Lorg/reactfx/Subscription; 5 <appendix> member <vmtarget> ; # org/reactfx/value/MappedVal$$Lambda+0x0000023d273a97b0
instanceKlass  @bci org/reactfx/collection/DynamicallyMappedList observeInputs ()Lorg/reactfx/Subscription; 27 <appendix> member <vmtarget> ; # org/reactfx/collection/DynamicallyMappedList$$Lambda+0x0000023d273a9588
instanceKlass  @bci org/reactfx/collection/DynamicallyMappedList observeInputs ()Lorg/reactfx/Subscription; 11 <appendix> member <vmtarget> ; # org/reactfx/collection/DynamicallyMappedList$$Lambda+0x0000023d273a9300
instanceKlass  @bci org/reactfx/collection/LiveList observeChanges (Ljavafx/collections/ObservableList;Ljava/util/function/Consumer;)Lorg/reactfx/Subscription; 3 <appendix> member <vmtarget> ; # org/reactfx/collection/LiveList$$Lambda+0x0000023d273a9078
instanceKlass  @bci org/reactfx/collection/ListReduction connect ()Lorg/reactfx/Subscription; 41 <appendix> member <vmtarget> ; # org/reactfx/collection/ListReduction$$Lambda+0x0000023d273a8e50
instanceKlass org/reactfx/collection/ListChange
instanceKlass  @bci org/reactfx/value/OrElseConst connect ()Lorg/reactfx/Subscription; 5 <appendix> member <vmtarget> ; # org/reactfx/value/OrElseConst$$Lambda+0x0000023d273a8a48
instanceKlass  @bci org/reactfx/value/Val$2 connect ()Lorg/reactfx/Subscription; 1 <appendix> member <vmtarget> ; # org/reactfx/value/Val$2$$Lambda+0x0000023d273a8600
instanceKlass  @bci org/reactfx/value/Val pin ()Lorg/reactfx/Subscription; 1 <appendix> argL0 ; # org/reactfx/value/Val$$Lambda+0x0000023d273a3d70
instanceKlass  @bci org/fxmisc/flowless/SizeTracker <init> (Lorg/fxmisc/flowless/OrientationHelper;Ljavafx/beans/value/ObservableObjectValue;Lorg/reactfx/collection/MemoizationList;)V 417 <appendix> argL0 ; # org/fxmisc/flowless/SizeTracker$$Lambda+0x0000023d273a3b50
instanceKlass  @bci org/fxmisc/flowless/SizeTracker <init> (Lorg/fxmisc/flowless/OrientationHelper;Ljavafx/beans/value/ObservableObjectValue;Lorg/reactfx/collection/MemoizationList;)V 398 <appendix> member <vmtarget> ; # org/fxmisc/flowless/SizeTracker$$Lambda+0x0000023d273a3918
instanceKlass  @bci org/reactfx/collection/LiveList collapse (Ljavafx/collections/ObservableList;Ljava/util/function/Function;)Lorg/reactfx/value/Val; 2 <appendix> member <vmtarget> ; # org/reactfx/collection/LiveList$$Lambda+0x0000023d273a3700
instanceKlass  @bci org/fxmisc/flowless/SizeTracker <init> (Lorg/fxmisc/flowless/OrientationHelper;Ljavafx/beans/value/ObservableObjectValue;Lorg/reactfx/collection/MemoizationList;)V 382 <appendix> argL0 ; # org/fxmisc/flowless/SizeTracker$$Lambda+0x0000023d273a34d0
instanceKlass  @bci org/reactfx/value/Val combine (Ljavafx/beans/value/ObservableValue;Ljavafx/beans/value/ObservableValue;Ljavafx/beans/value/ObservableValue;Lorg/reactfx/util/TriFunction;)Lorg/reactfx/value/Val; 4 <appendix> member <vmtarget> ; # org/reactfx/value/Val$$Lambda+0x0000023d273a32b8
instanceKlass  @bci org/fxmisc/flowless/SizeTracker <init> (Lorg/fxmisc/flowless/OrientationHelper;Ljavafx/beans/value/ObservableObjectValue;Lorg/reactfx/collection/MemoizationList;)V 363 <appendix> argL0 ; # org/fxmisc/flowless/SizeTracker$$Lambda+0x0000023d273a3098
instanceKlass org/reactfx/util/TriFunction
instanceKlass  @bci org/fxmisc/flowless/SizeTracker <init> (Lorg/fxmisc/flowless/OrientationHelper;Ljavafx/beans/value/ObservableObjectValue;Lorg/reactfx/collection/MemoizationList;)V 325 <appendix> argL0 ; # org/fxmisc/flowless/SizeTracker$$Lambda+0x0000023d273a2660
instanceKlass  @bci org/fxmisc/flowless/SizeTracker <init> (Lorg/fxmisc/flowless/OrientationHelper;Ljavafx/beans/value/ObservableObjectValue;Lorg/reactfx/collection/MemoizationList;)V 315 <appendix> argL0 ; # org/fxmisc/flowless/SizeTracker$$Lambda+0x0000023d273a2430
instanceKlass  @bci org/fxmisc/flowless/SizeTracker <init> (Lorg/fxmisc/flowless/OrientationHelper;Ljavafx/beans/value/ObservableObjectValue;Lorg/reactfx/collection/MemoizationList;)V 285 <appendix> member <vmtarget> ; # org/fxmisc/flowless/SizeTracker$$Lambda+0x0000023d273a2218
instanceKlass  @bci org/fxmisc/flowless/SizeTracker <init> (Lorg/fxmisc/flowless/OrientationHelper;Ljavafx/beans/value/ObservableObjectValue;Lorg/reactfx/collection/MemoizationList;)V 249 <appendix> member <vmtarget> ; # org/fxmisc/flowless/SizeTracker$$Lambda+0x0000023d273a2000
instanceKlass  @bci org/fxmisc/flowless/SizeTracker <init> (Lorg/fxmisc/flowless/OrientationHelper;Ljavafx/beans/value/ObservableObjectValue;Lorg/reactfx/collection/MemoizationList;)V 237 <appendix> argL0 ; # org/fxmisc/flowless/SizeTracker$$Lambda+0x0000023d273a7d88
instanceKlass  @bci org/fxmisc/flowless/SizeTracker <init> (Lorg/fxmisc/flowless/OrientationHelper;Ljavafx/beans/value/ObservableObjectValue;Lorg/reactfx/collection/MemoizationList;)V 198 <appendix> member <vmtarget> ; # org/fxmisc/flowless/SizeTracker$$Lambda+0x0000023d273a7b70
instanceKlass  @bci org/reactfx/collection/LiveList sizeOf (Ljavafx/collections/ObservableList;)Lorg/reactfx/value/Val; 1 <appendix> member <vmtarget> ; # org/reactfx/collection/LiveList$$Lambda+0x0000023d273a7958
instanceKlass  @bci org/fxmisc/flowless/SizeTracker <init> (Lorg/fxmisc/flowless/OrientationHelper;Ljavafx/beans/value/ObservableObjectValue;Lorg/reactfx/collection/MemoizationList;)V 162 <appendix> argL0 ; # org/fxmisc/flowless/SizeTracker$$Lambda+0x0000023d273a7720
instanceKlass  @bci org/fxmisc/flowless/SizeTracker <init> (Lorg/fxmisc/flowless/OrientationHelper;Ljavafx/beans/value/ObservableObjectValue;Lorg/reactfx/collection/MemoizationList;)V 117 <appendix> member <vmtarget> ; # org/fxmisc/flowless/SizeTracker$$Lambda+0x0000023d273a6070
instanceKlass org/fxmisc/flowless/HorizontalHelper
instanceKlass  @bci org/reactfx/value/Val combine (Ljavafx/beans/value/ObservableValue;Ljavafx/beans/value/ObservableValue;Ljava/util/function/BiFunction;)Lorg/reactfx/value/Val; 3 <appendix> member <vmtarget> ; # org/reactfx/value/Val$$Lambda+0x0000023d273a4e38
instanceKlass  @bci org/fxmisc/flowless/SizeTracker <init> (Lorg/fxmisc/flowless/OrientationHelper;Ljavafx/beans/value/ObservableObjectValue;Lorg/reactfx/collection/MemoizationList;)V 84 <appendix> member <vmtarget> ; # org/fxmisc/flowless/SizeTracker$$Lambda+0x0000023d273a4c10
instanceKlass org/reactfx/collection/ListReduction$1
instanceKlass  @bci org/fxmisc/flowless/SizeTracker <init> (Lorg/fxmisc/flowless/OrientationHelper;Ljavafx/beans/value/ObservableObjectValue;Lorg/reactfx/collection/MemoizationList;)V 55 <appendix> argL0 ; # org/fxmisc/flowless/SizeTracker$$Lambda+0x0000023d2739fa98
instanceKlass  @cpi org/fxmisc/flowless/SizeTracker 240 form vmentry <vmtarget> ; # java/lang/invoke/LambdaForm$DMH+0x0000023d273a1000
instanceKlass  @bci org/fxmisc/flowless/SizeTracker <init> (Lorg/fxmisc/flowless/OrientationHelper;Ljavafx/beans/value/ObservableObjectValue;Lorg/reactfx/collection/MemoizationList;)V 27 <appendix> member <vmtarget> ; # org/fxmisc/flowless/SizeTracker$$Lambda+0x0000023d2739f860
instanceKlass  @cpi org/fxmisc/flowless/SizeTracker 231 form vmentry <vmtarget> ; # java/lang/invoke/LambdaForm$DMH+0x0000023d273a0c00
instanceKlass org/fxmisc/flowless/SizeTracker
instanceKlass  @bci org/reactfx/collection/LiveList observeQuasiModifications (Lorg/reactfx/collection/LiveList$QuasiModificationObserver;)Lorg/reactfx/Subscription; 9 <appendix> member <vmtarget> ; # org/reactfx/collection/LiveList$$Lambda+0x0000023d2739f438
instanceKlass  @bci org/reactfx/collection/MemoizationListImpl observeInputs ()Lorg/reactfx/Subscription; 39 <appendix> member <vmtarget> ; # org/reactfx/collection/MemoizationListImpl$$Lambda+0x0000023d2739f210
instanceKlass  @bci org/reactfx/collection/LiveList observeQuasiChanges (Lorg/reactfx/collection/LiveList$QuasiChangeObserver;)Lorg/reactfx/Subscription; 9 <appendix> member <vmtarget> ; # org/reactfx/collection/LiveList$$Lambda+0x0000023d2739efe8
instanceKlass  @cpi org/reactfx/collection/LiveList 289 form vmentry <vmtarget> ; # java/lang/invoke/LambdaForm$DMH+0x0000023d273a0800
instanceKlass  @bci org/fxmisc/richtext/model/GenericEditableStyledDocumentBase$ParagraphList observeInputs ()Lorg/reactfx/Subscription; 8 <appendix> member <vmtarget> ; # org/fxmisc/richtext/model/GenericEditableStyledDocumentBase$ParagraphList$$Lambda+0x0000023d2739edc0
instanceKlass  @bci org/reactfx/collection/LiveList$1 observeInputs ()Lorg/reactfx/Subscription; 5 <appendix> member <vmtarget> ; # org/reactfx/collection/LiveList$1$$Lambda+0x0000023d2739eb38
instanceKlass  @cpi org/reactfx/FlatMapStream 67 form vmentry <vmtarget> ; # java/lang/invoke/LambdaForm$DMH+0x0000023d273a0400
instanceKlass  @bci org/reactfx/collection/MappedList observeInputs ()Lorg/reactfx/Subscription; 5 <appendix> member <vmtarget> ; # org/reactfx/collection/MappedList$$Lambda+0x0000023d2739e8b0
instanceKlass  @bci org/reactfx/collection/MemoizationListImpl observeInputs ()Lorg/reactfx/Subscription; 22 <appendix> member <vmtarget> ; # org/reactfx/collection/MemoizationListImpl$$Lambda+0x0000023d2739e628
instanceKlass  @bci org/reactfx/util/FingerTree$NonEmptyFingerTree prependTree (Lorg/reactfx/util/FingerTree;)Lorg/reactfx/util/FingerTree$NonEmptyFingerTree; 19 <appendix> argL0 ; # org/reactfx/util/FingerTree$NonEmptyFingerTree$$Lambda+0x0000023d2739e3f8
instanceKlass  @bci org/reactfx/util/FingerTree$Leaf prependLte (Lorg/reactfx/util/FingerTree;)Lorg/reactfx/util/Either; 41 <appendix> member <vmtarget> ; # org/reactfx/util/FingerTree$Leaf$$Lambda+0x0000023d2739e1c0
instanceKlass org/reactfx/util/Tuple2
instanceKlass  @bci org/reactfx/util/FingerTree$Leaf prependLte (Lorg/reactfx/util/FingerTree;)Lorg/reactfx/util/Either; 30 <appendix> member <vmtarget> ; # org/reactfx/util/FingerTree$Leaf$$Lambda+0x0000023d2739dd50
instanceKlass org/reactfx/util/SparseList$Stats
instanceKlass  @bci org/reactfx/util/SparseList insertVoid (II)V 62 <appendix> member <vmtarget> ; # org/reactfx/util/SparseList$$Lambda+0x0000023d2739d920
instanceKlass  @bci org/reactfx/util/SparseList insertVoid (II)V 54 <appendix> member <vmtarget> ; # org/reactfx/util/SparseList$$Lambda+0x0000023d2739d6e8
instanceKlass org/reactfx/util/Left
instanceKlass org/reactfx/util/SparseList$AbsentSegment
instanceKlass  @bci org/reactfx/collection/LiveList pin ()Lorg/reactfx/Subscription; 1 <appendix> argL0 ; # org/reactfx/collection/LiveList$$Lambda+0x0000023d2739cec0
instanceKlass  @bci org/fxmisc/flowless/CellListManager <init> (Ljavafx/scene/Node;Ljavafx/collections/ObservableList;Ljava/util/function/Function;)V 77 <appendix> member <vmtarget> ; # org/fxmisc/flowless/CellListManager$$Lambda+0x0000023d2739cc38
instanceKlass  @bci org/fxmisc/flowless/CellListManager <init> (Ljavafx/scene/Node;Ljavafx/collections/ObservableList;Ljava/util/function/Function;)V 58 <appendix> argL0 ; # org/fxmisc/flowless/CellListManager$$Lambda+0x0000023d2739ca08
instanceKlass  @cpi org/fxmisc/richtext/SelectionImpl 490 form vmentry <vmtarget> ; # java/lang/invoke/LambdaForm$DMH+0x0000023d273a0000
instanceKlass org/reactfx/util/SparseList$1
instanceKlass org/reactfx/util/SparseList$Segment
instanceKlass org/reactfx/util/SparseList
instanceKlass org/reactfx/collection/QuasiListChange
instanceKlass  @bci org/fxmisc/flowless/CellListManager <init> (Ljavafx/scene/Node;Ljavafx/collections/ObservableList;Ljava/util/function/Function;)V 24 <appendix> member <vmtarget> ; # org/fxmisc/flowless/CellListManager$$Lambda+0x0000023d27399278
instanceKlass org/fxmisc/flowless/CellPool
instanceKlass org/fxmisc/flowless/CellListManager
instanceKlass org/reactfx/ProxyObservable
instanceKlass  @bci org/fxmisc/flowless/VirtualFlow <init> (Ljavafx/collections/ObservableList;Ljava/util/function/Function;Lorg/fxmisc/flowless/OrientationHelper;Lorg/fxmisc/flowless/VirtualFlow$Gravity;)V 33 <appendix> member <vmtarget> ; # org/fxmisc/flowless/VirtualFlow$$Lambda+0x0000023d27391c48
instanceKlass  @cpi org/fxmisc/flowless/VirtualFlow 392 form vmentry <vmtarget> ; # java/lang/invoke/LambdaForm$DMH+0x0000023d27390400
instanceKlass  @bci org/reactfx/value/SimpleVar <init> (Ljava/lang/Object;)V 6 <appendix> member <vmtarget> ; # org/reactfx/value/SimpleVar$$Lambda+0x0000023d27391a30
instanceKlass org/reactfx/value/SuspendableVar
instanceKlass org/fxmisc/flowless/VerticalHelper
instanceKlass org/fxmisc/flowless/OrientationHelper
instanceKlass org/fxmisc/flowless/TargetPositionVisitor
instanceKlass org/fxmisc/flowless/TargetPosition
instanceKlass  @bci org/fxmisc/richtext/GenericStyledArea <init> (Ljava/lang/Object;Ljava/util/function/BiConsumer;Ljava/lang/Object;Lorg/fxmisc/richtext/model/EditableStyledDocument;Lorg/fxmisc/richtext/model/TextOps;ZLjava/util/function/Function;)V 506 <appendix> member <vmtarget> ; # org/fxmisc/richtext/GenericStyledArea$$Lambda+0x0000023d27397b88
instanceKlass  @bci org/fxmisc/richtext/GenericStyledArea <init> (Ljava/lang/Object;Ljava/util/function/BiConsumer;Ljava/lang/Object;Lorg/fxmisc/richtext/model/EditableStyledDocument;Lorg/fxmisc/richtext/model/TextOps;ZLjava/util/function/Function;)V 487 <appendix> member <vmtarget> ; # org/fxmisc/richtext/GenericStyledArea$$Lambda+0x0000023d27397960
instanceKlass  @bci org/fxmisc/richtext/GenericStyledArea <init> (Ljava/lang/Object;Ljava/util/function/BiConsumer;Ljava/lang/Object;Lorg/fxmisc/richtext/model/EditableStyledDocument;Lorg/fxmisc/richtext/model/TextOps;ZLjava/util/function/Function;)V 466 <appendix> member <vmtarget> ; # org/fxmisc/richtext/GenericStyledArea$$Lambda+0x0000023d27397738
instanceKlass com/sun/javafx/collections/ObservableSetWrapper
instanceKlass  @bci org/reactfx/SuccessionReducingStream observeInputs ()Lorg/reactfx/Subscription; 5 <appendix> member <vmtarget> ; # org/reactfx/SuccessionReducingStream$$Lambda+0x0000023d27395360
instanceKlass  @bci org/fxmisc/undo/impl/UndoManagerImpl <init> (Lorg/fxmisc/undo/impl/ChangeQueue;Ljava/util/function/Function;Ljava/util/function/Consumer;Ljava/util/function/BiFunction;Ljava/util/function/Predicate;Lorg/reactfx/EventStream;Ljava/time/Duration;)V 154 <appendix> member <vmtarget> ; # org/fxmisc/undo/impl/UndoManagerImpl$$Lambda+0x0000023d27395138
instanceKlass org/reactfx/util/FxTimer
instanceKlass  @bci org/reactfx/SuccessionReducingStream <init> (Lorg/reactfx/EventStream;Ljava/util/function/Function;Ljava/util/function/BiFunction;Ljava/util/function/Function;)V 38 <appendix> member <vmtarget> ; # org/reactfx/SuccessionReducingStream$$Lambda+0x0000023d27394ce8
instanceKlass  @bci org/reactfx/EventStream reduceSuccessions (Ljava/util/function/Function;Ljava/util/function/BiFunction;Ljava/time/Duration;)Lorg/reactfx/AwaitingEventStream; 1 <appendix> member <vmtarget> ; # org/reactfx/EventStream$$Lambda+0x0000023d2738fc90
instanceKlass org/reactfx/util/Timer
instanceKlass  @bci java/util/function/Function identity ()Ljava/util/function/Function; 0 <appendix> argL0 ; # java/util/function/Function$$Lambda+0x0000023d2731fe78
instanceKlass  @bci org/reactfx/EventStream successionEnds (Ljava/time/Duration;)Lorg/reactfx/AwaitingEventStream; 1 <appendix> argL0 ; # org/reactfx/EventStream$$Lambda+0x0000023d2738f868
instanceKlass  @bci org/reactfx/SuspendableBase observeInputs ()Lorg/reactfx/Subscription; 18 <appendix> member <vmtarget> ; # org/reactfx/SuspendableBase$$Lambda+0x0000023d2738f640
instanceKlass  @bci org/reactfx/SuspendableBase observeInputs ()Lorg/reactfx/Subscription; 5 <appendix> member <vmtarget> ; # org/reactfx/SuspendableBase$$Lambda+0x0000023d2738f418
instanceKlass  @bci org/fxmisc/undo/impl/UndoManagerImpl <init> (Lorg/fxmisc/undo/impl/ChangeQueue;Ljava/util/function/Function;Ljava/util/function/Consumer;Ljava/util/function/BiFunction;Ljava/util/function/Predicate;Lorg/reactfx/EventStream;Ljava/time/Duration;)V 107 <appendix> member <vmtarget> ; # org/fxmisc/undo/impl/UndoManagerImpl$$Lambda+0x0000023d2738f1f0
instanceKlass org/fxmisc/undo/impl/UnlimitedChangeQueue$QueuePositionImpl
instanceKlass  @bci org/fxmisc/undo/impl/UndoManagerImpl$3 <init> (Lorg/fxmisc/undo/impl/UndoManagerImpl;)V 17 <appendix> member <vmtarget> ; # org/fxmisc/undo/impl/UndoManagerImpl$3$$Lambda+0x0000023d2738eda8
instanceKlass  @bci org/fxmisc/undo/impl/MultiChangeUndoManagerImpl <init> (Lorg/fxmisc/undo/impl/ChangeQueue;Ljava/util/function/Function;Ljava/util/function/Consumer;Ljava/util/function/BiFunction;Ljava/util/function/Predicate;Lorg/reactfx/EventStream;Ljava/time/Duration;)V 18 <appendix> member <vmtarget> ; # org/fxmisc/undo/impl/MultiChangeUndoManagerImpl$$Lambda+0x0000023d2738df60
instanceKlass  @bci org/fxmisc/undo/impl/MultiChangeUndoManagerImpl <init> (Lorg/fxmisc/undo/impl/ChangeQueue;Ljava/util/function/Function;Ljava/util/function/Consumer;Ljava/util/function/BiFunction;Ljava/util/function/Predicate;Lorg/reactfx/EventStream;Ljava/time/Duration;)V 11 <appendix> member <vmtarget> ; # org/fxmisc/undo/impl/MultiChangeUndoManagerImpl$$Lambda+0x0000023d2738dd38
instanceKlass  @bci org/fxmisc/undo/impl/MultiChangeUndoManagerImpl <init> (Lorg/fxmisc/undo/impl/ChangeQueue;Ljava/util/function/Function;Ljava/util/function/Consumer;Ljava/util/function/BiFunction;Ljava/util/function/Predicate;Lorg/reactfx/EventStream;Ljava/time/Duration;)V 3 <appendix> member <vmtarget> ; # org/fxmisc/undo/impl/MultiChangeUndoManagerImpl$$Lambda+0x0000023d2738db00
instanceKlass org/fxmisc/undo/UndoManager$UndoPosition
instanceKlass org/fxmisc/undo/impl/UndoManagerImpl
instanceKlass org/fxmisc/undo/impl/ChangeQueue$QueuePosition
instanceKlass org/fxmisc/undo/impl/UnlimitedChangeQueue
instanceKlass  @bci org/fxmisc/richtext/util/UndoUtils richTextUndoManager (Lorg/fxmisc/richtext/GenericStyledArea;Lorg/fxmisc/undo/UndoManagerFactory;Ljava/time/Duration;)Lorg/fxmisc/undo/UndoManager; 19 <appendix> argL0 ; # org/fxmisc/richtext/util/UndoUtils$$Lambda+0x0000023d2738c808
instanceKlass  @bci org/fxmisc/richtext/util/UndoUtils richTextUndoManager (Lorg/fxmisc/richtext/GenericStyledArea;Lorg/fxmisc/undo/UndoManagerFactory;Ljava/time/Duration;)Lorg/fxmisc/undo/UndoManager; 14 <appendix> argL0 ; # org/fxmisc/richtext/util/UndoUtils$$Lambda+0x0000023d2738c5e8
instanceKlass  @cpi org/fxmisc/richtext/GenericStyledAreaBehavior 562 form vmentry <vmtarget> ; # java/lang/invoke/LambdaForm$DMH+0x0000023d27390000
instanceKlass  @bci org/fxmisc/richtext/util/UndoUtils applyMultiRichTextChange (Lorg/fxmisc/richtext/GenericStyledArea;)Ljava/util/function/Consumer; 1 <appendix> member <vmtarget> ; # org/fxmisc/richtext/util/UndoUtils$$Lambda+0x0000023d2738c3c0
instanceKlass  @bci org/fxmisc/richtext/util/UndoUtils richTextUndoManager (Lorg/fxmisc/richtext/GenericStyledArea;Lorg/fxmisc/undo/UndoManagerFactory;Ljava/time/Duration;)Lorg/fxmisc/undo/UndoManager; 5 <appendix> argL0 ; # org/fxmisc/richtext/util/UndoUtils$$Lambda+0x0000023d2738c190
instanceKlass org/fxmisc/undo/UndoManagerFactory$1
instanceKlass org/fxmisc/undo/UndoManagerFactory
instanceKlass org/fxmisc/richtext/model/TextChange
instanceKlass org/fxmisc/undo/impl/ChangeQueue
instanceKlass org/fxmisc/undo/UndoManager
instanceKlass org/fxmisc/richtext/util/UndoUtils
instanceKlass  @bci org/fxmisc/richtext/GenericStyledArea <init> (Ljava/lang/Object;Ljava/util/function/BiConsumer;Ljava/lang/Object;Lorg/fxmisc/richtext/model/EditableStyledDocument;Lorg/fxmisc/richtext/model/TextOps;ZLjava/util/function/Function;)V 291 <appendix> argL0 ; # org/fxmisc/richtext/GenericStyledArea$$Lambda+0x0000023d2738ade8
instanceKlass  @bci org/fxmisc/richtext/GenericStyledArea <init> (Ljava/lang/Object;Ljava/util/function/BiConsumer;Ljava/lang/Object;Lorg/fxmisc/richtext/model/EditableStyledDocument;Lorg/fxmisc/richtext/model/TextOps;ZLjava/util/function/Function;)V 256 <appendix> member <vmtarget> ; # org/fxmisc/richtext/GenericStyledArea$$Lambda+0x0000023d2738abd0
instanceKlass  @bci org/fxmisc/richtext/GenericStyledArea <init> (Ljava/lang/Object;Ljava/util/function/BiConsumer;Ljava/lang/Object;Lorg/fxmisc/richtext/model/EditableStyledDocument;Lorg/fxmisc/richtext/model/TextOps;ZLjava/util/function/Function;)V 239 <appendix> member <vmtarget> ; # org/fxmisc/richtext/GenericStyledArea$$Lambda+0x0000023d2738a9a8
instanceKlass  @bci org/fxmisc/richtext/GenericStyledArea <init> (Ljava/lang/Object;Ljava/util/function/BiConsumer;Ljava/lang/Object;Lorg/fxmisc/richtext/model/EditableStyledDocument;Lorg/fxmisc/richtext/model/TextOps;ZLjava/util/function/Function;)V 222 <appendix> member <vmtarget> ; # org/fxmisc/richtext/GenericStyledArea$$Lambda+0x0000023d2738a790
instanceKlass  @bci org/fxmisc/richtext/GenericStyledArea <init> (Ljava/lang/Object;Ljava/util/function/BiConsumer;Ljava/lang/Object;Lorg/fxmisc/richtext/model/EditableStyledDocument;Lorg/fxmisc/richtext/model/TextOps;ZLjava/util/function/Function;)V 205 <appendix> member <vmtarget> ; # org/fxmisc/richtext/GenericStyledArea$$Lambda+0x0000023d2738a568
instanceKlass  @bci org/fxmisc/richtext/GenericStyledArea <init> (Ljava/lang/Object;Ljava/util/function/BiConsumer;Ljava/lang/Object;Lorg/fxmisc/richtext/model/EditableStyledDocument;Lorg/fxmisc/richtext/model/TextOps;ZLjava/util/function/Function;)V 188 <appendix> member <vmtarget> ; # org/fxmisc/richtext/GenericStyledArea$$Lambda+0x0000023d2738a350
instanceKlass  @bci org/fxmisc/richtext/GenericStyledArea <init> (Ljava/lang/Object;Ljava/util/function/BiConsumer;Ljava/lang/Object;Lorg/fxmisc/richtext/model/EditableStyledDocument;Lorg/fxmisc/richtext/model/TextOps;ZLjava/util/function/Function;)V 171 <appendix> member <vmtarget> ; # org/fxmisc/richtext/GenericStyledArea$$Lambda+0x0000023d2738a138
instanceKlass  @bci org/fxmisc/richtext/StyledTextArea <init> (Ljava/lang/Object;Ljava/util/function/BiConsumer;Ljava/lang/Object;Ljava/util/function/BiConsumer;Lorg/fxmisc/richtext/model/EditableStyledDocument;Lorg/fxmisc/richtext/model/TextOps;Z)V 12 <appendix> member <vmtarget> ; # org/fxmisc/richtext/StyledTextArea$$Lambda+0x0000023d27389f00
instanceKlass org/fxmisc/richtext/model/StyledSegment
instanceKlass  @bci org/fxmisc/richtext/model/SegmentOps styledTextOps ()Lorg/fxmisc/richtext/model/TextOps; 0 <appendix> argL0 ; # org/fxmisc/richtext/model/SegmentOps$$Lambda+0x0000023d27389ae0
instanceKlass  @bci org/fxmisc/richtext/InlineCssTextArea <init> (Lorg/fxmisc/richtext/model/EditableStyledDocument;)V 10 <appendix> argL0 ; # org/fxmisc/richtext/InlineCssTextArea$$Lambda+0x0000023d273898c0
instanceKlass  @bci org/fxmisc/richtext/InlineCssTextArea <init> (Lorg/fxmisc/richtext/model/EditableStyledDocument;)V 3 <appendix> argL0 ; # org/fxmisc/richtext/InlineCssTextArea$$Lambda+0x0000023d273896a0
instanceKlass org/reactfx/BiSubscription
instanceKlass  @bci org/reactfx/Suspendable$1 <init> (Lorg/reactfx/Suspendable;Ljavafx/beans/value/ObservableValue;)V 39 <appendix> member <vmtarget> ; # org/reactfx/Suspendable$1$$Lambda+0x0000023d27389248
instanceKlass  @bci org/reactfx/ObservableBase observe (Ljava/lang/Object;)Lorg/reactfx/Subscription; 7 <appendix> member <vmtarget> ; # org/reactfx/ObservableBase$$Lambda+0x0000023d27389020
instanceKlass  @bci org/reactfx/EventStreams$3 observeInputs ()Lorg/reactfx/Subscription; 22 <appendix> member <vmtarget> ; # org/reactfx/EventStreams$3$$Lambda+0x0000023d27388df8
instanceKlass org/reactfx/util/WrapperBase
instanceKlass  @bci org/reactfx/EventStreams$3 observeInputs ()Lorg/reactfx/Subscription; 1 <appendix> member <vmtarget> ; # org/reactfx/EventStreams$3$$Lambda+0x0000023d273887b0
instanceKlass org/reactfx/util/ListHelper
instanceKlass  @bci org/reactfx/Suspendable$1 <init> (Lorg/reactfx/Suspendable;Ljavafx/beans/value/ObservableValue;)V 28 <appendix> member <vmtarget> ; # org/reactfx/Suspendable$1$$Lambda+0x0000023d27378400
instanceKlass org/reactfx/RigidObservable
instanceKlass org/reactfx/EventStreams
instanceKlass  @bci org/reactfx/Subscription <clinit> ()V 6 <appendix> argL0 ; # org/reactfx/Subscription$$Lambda+0x0000023d27386840
instanceKlass org/reactfx/Subscription$1
instanceKlass org/reactfx/Suspendable$1
instanceKlass org/reactfx/MultiSuspendable
instanceKlass org/reactfx/Toggle
instanceKlass  @bci org/reactfx/Guardian <clinit> ()V 0 <appendix> argL0 ; # org/reactfx/Guardian$$Lambda+0x0000023d27384570
instanceKlass org/reactfx/Guard
instanceKlass org/reactfx/collection/ListModificationSequence
instanceKlass org/reactfx/collection/AbstractListModificationSequence
instanceKlass org/reactfx/util/AccumulationFacility$ListChangeAccumulation
instanceKlass org/reactfx/collection/QuasiListModification
instanceKlass org/reactfx/collection/ListModificationLike
instanceKlass org/reactfx/collection/MemoizationList
instanceKlass org/reactfx/collection/SuspendableList
instanceKlass org/reactfx/inhibeans/collection/ObservableList
instanceKlass org/reactfx/inhibeans/Observable
instanceKlass org/reactfx/Guardian
instanceKlass org/reactfx/collection/LiveList$QuasiModificationObserver
instanceKlass org/reactfx/collection/LiveList$QuasiChangeObserver
instanceKlass org/reactfx/collection/LiveList$Observer
instanceKlass org/reactfx/collection/ProperLiveList
instanceKlass org/reactfx/collection/UnmodifiableByDefaultLiveList
instanceKlass org/reactfx/collection/UnmodifiableByDefaultList
instanceKlass org/reactfx/collection/AccessorListMethods
instanceKlass  @bci org/fxmisc/richtext/model/GenericEditableStyledDocumentBase <init> (Lorg/fxmisc/richtext/model/ReadOnlyStyledDocument;)V 58 <appendix> member <vmtarget> ; # org/fxmisc/richtext/model/GenericEditableStyledDocumentBase$$Lambda+0x0000023d273798b0
instanceKlass org/reactfx/util/AccumulationFacility$RetainOldest
instanceKlass org/reactfx/value/ProperVal
instanceKlass org/reactfx/value/Var
instanceKlass org/reactfx/value/SuspendableVal
instanceKlass  @bci org/fxmisc/richtext/model/GenericEditableStyledDocumentBase <init> (Lorg/fxmisc/richtext/model/ReadOnlyStyledDocument;)V 28 <appendix> member <vmtarget> ; # org/fxmisc/richtext/model/GenericEditableStyledDocumentBase$$Lambda+0x0000023d2737fdc8
instanceKlass org/reactfx/util/AccumulationFacility$Queuing
instanceKlass org/reactfx/Subscription
instanceKlass org/reactfx/util/EmptyAccuMap
instanceKlass org/reactfx/util/AccuMap
instanceKlass org/reactfx/util/NotificationAccumulatorBase
instanceKlass org/reactfx/util/AccumulationFacility$NoAccumulation
instanceKlass org/reactfx/util/AccumulationFacility$HomotypicAccumulation
instanceKlass org/reactfx/util/AccumulationFacility$IllegalAccumulation
instanceKlass org/reactfx/util/AccumulationFacility
instanceKlass org/reactfx/util/NotificationAccumulator
instanceKlass org/reactfx/TaskStream
instanceKlass org/reactfx/SuspenderStream
instanceKlass org/reactfx/Suspender
instanceKlass org/reactfx/AwaitingEventStream
instanceKlass org/reactfx/CompletionStageStream
instanceKlass org/reactfx/SuspendableEventStream
instanceKlass org/reactfx/Suspendable
instanceKlass org/reactfx/ObservableBase
instanceKlass org/reactfx/ProperEventStream
instanceKlass org/reactfx/ProperObservable
instanceKlass org/reactfx/EventSink
instanceKlass  @bci org/fxmisc/richtext/model/ReadOnlyStyledDocument <init> (Ljava/util/List;)V 30 <appendix> argL0 ; # org/fxmisc/richtext/model/ReadOnlyStyledDocument$$Lambda+0x0000023d27376360
instanceKlass  @bci org/fxmisc/richtext/model/ReadOnlyStyledDocument <init> (Ljava/util/List;)V 25 <appendix> argL0 ; # org/fxmisc/richtext/model/ReadOnlyStyledDocument$$Lambda+0x0000023d27376130
instanceKlass org/reactfx/util/Right
instanceKlass java/util/stream/ReduceOps$5ReducingSink
instanceKlass  @bci java/util/stream/IntPipeline sum ()I 2 <appendix> argL0 ; # java/util/stream/IntPipeline$$Lambda+0x0000023d2731f3d8
instanceKlass java/util/function/IntBinaryOperator
instanceKlass  @bci org/fxmisc/richtext/model/Paragraph length ()I 27 <appendix> member <vmtarget> ; # org/fxmisc/richtext/model/Paragraph$$Lambda+0x0000023d27375be8
instanceKlass java/util/function/ToIntFunction
instanceKlass java/util/Collections$2
instanceKlass org/reactfx/util/FingerTree
instanceKlass org/fxmisc/richtext/model/ReadOnlyStyledDocument$1
instanceKlass  @bci org/fxmisc/richtext/model/ReadOnlyStyledDocument <clinit> ()V 8 <appendix> argL0 ; # org/fxmisc/richtext/model/ReadOnlyStyledDocument$$Lambda+0x0000023d27374690
instanceKlass  @cpi org/fxmisc/wellbehaved/event/template/PatternActionTemplate 124 form vmentry <vmtarget> ; # java/lang/invoke/LambdaForm$DMH+0x0000023d27378000
instanceKlass org/reactfx/util/Either
instanceKlass org/fxmisc/richtext/model/ReadOnlyStyledDocument$Summary
instanceKlass org/reactfx/util/ToSemigroup
instanceKlass org/reactfx/util/Semigroup
instanceKlass org/fxmisc/richtext/model/Codec
instanceKlass org/fxmisc/richtext/model/ReadOnlyStyledDocument
instanceKlass  @bci org/fxmisc/richtext/model/Paragraph <init> (Ljava/lang/Object;Lorg/fxmisc/richtext/model/SegmentOps;Ljava/util/List;Lorg/fxmisc/richtext/model/StyleSpans;)V 97 <appendix> member <vmtarget> ; # org/fxmisc/richtext/model/Paragraph$$Lambda+0x0000023d273736f8
instanceKlass  @bci org/fxmisc/richtext/model/Paragraph <init> (Ljava/lang/Object;Lorg/fxmisc/richtext/model/SegmentOps;Ljava/util/List;Lorg/fxmisc/richtext/model/StyleSpans;)V 90 <appendix> member <vmtarget> ; # org/fxmisc/richtext/model/Paragraph$$Lambda+0x0000023d273734e0
instanceKlass  @bci org/fxmisc/richtext/model/StyleSpansBase <init> ()V 16 <appendix> member <vmtarget> ; # org/fxmisc/richtext/model/StyleSpansBase$$Lambda+0x0000023d273732a8
instanceKlass java/util/function/IntUnaryOperator
instanceKlass  @bci org/fxmisc/richtext/model/StyleSpansBase <init> ()V 10 <appendix> member <vmtarget> ; # org/fxmisc/richtext/model/StyleSpansBase$$Lambda+0x0000023d27373090
instanceKlass  @cpi org/fxmisc/richtext/SelectionImpl 506 form vmentry <vmtarget> ; # java/lang/invoke/LambdaForm$DMH+0x0000023d27358c00
instanceKlass java/util/function/IntSupplier
instanceKlass org/fxmisc/richtext/model/TwoDimensional$Position
instanceKlass org/fxmisc/richtext/model/TwoLevelNavigator
instanceKlass org/fxmisc/richtext/model/StyleSpansBase
instanceKlass org/fxmisc/richtext/model/StyleSpan
instanceKlass org/fxmisc/richtext/model/StyleSpans
instanceKlass org/fxmisc/richtext/model/Paragraph
instanceKlass org/fxmisc/richtext/model/SegmentOpsBase
instanceKlass org/fxmisc/richtext/model/TextOps
instanceKlass  @bci org/fxmisc/richtext/model/SimpleEditableStyledDocument <init> (Ljava/lang/Object;Ljava/lang/Object;)V 3 <appendix> argL0 ; # org/fxmisc/richtext/model/SimpleEditableStyledDocument$$Lambda+0x0000023d27371238
instanceKlass org/reactfx/value/Val
instanceKlass org/fxmisc/richtext/model/GenericEditableStyledDocumentBase
instanceKlass  @bci org/fxmisc/richtext/GenericStyledArea <clinit> ()V 61 <appendix> argL0 ; # org/fxmisc/richtext/GenericStyledArea$$Lambda+0x0000023d2736fa68
instanceKlass org/fxmisc/flowless/Cell
instanceKlass org/reactfx/collection/LiveList
instanceKlass org/reactfx/EventStream
instanceKlass org/reactfx/Observable
instanceKlass org/fxmisc/richtext/model/EditableStyledDocument
instanceKlass org/fxmisc/richtext/model/StyledDocument
instanceKlass org/fxmisc/richtext/model/SegmentOps
instanceKlass org/fxmisc/richtext/CaretSelectionBind
instanceKlass org/fxmisc/richtext/Caret
instanceKlass org/fxmisc/richtext/Selection
instanceKlass  @bci controller/ScanFromController/scanFormController addGlowHover (Ljavafx/scene/Node;Ljava/lang/String;DZ)V 135 <appendix> member <vmtarget> ; # controller/ScanFromController/scanFormController$$Lambda+0x0000023d2736ce00
instanceKlass  @bci controller/ScanFromController/scanFormController addGlowHover (Ljavafx/scene/Node;Ljava/lang/String;DZ)V 119 <appendix> member <vmtarget> ; # controller/ScanFromController/scanFormController$$Lambda+0x0000023d2736cbe8
instanceKlass  @bci controller/ScanFromController/scanFormController setupButtonHandlers ()V 372 <appendix> member <vmtarget> ; # controller/ScanFromController/scanFormController$$Lambda+0x0000023d2736c9d0
instanceKlass  @bci controller/ScanFromController/scanFormController setupButtonHandlers ()V 352 <appendix> member <vmtarget> ; # controller/ScanFromController/scanFormController$$Lambda+0x0000023d2736c7b8
instanceKlass  @bci controller/ScanFromController/scanFormController setupButtonHandlers ()V 332 <appendix> member <vmtarget> ; # controller/ScanFromController/scanFormController$$Lambda+0x0000023d2736c5a0
instanceKlass  @bci controller/ScanFromController/scanFormController setupButtonHandlers ()V 312 <appendix> member <vmtarget> ; # controller/ScanFromController/scanFormController$$Lambda+0x0000023d2736c388
instanceKlass  @bci controller/ScanFromController/scanFormController setupButtonHandlers ()V 292 <appendix> member <vmtarget> ; # controller/ScanFromController/scanFormController$$Lambda+0x0000023d2736c170
instanceKlass  @bci controller/ScanFromController/scanFormController setupButtonHandlers ()V 272 <appendix> member <vmtarget> ; # controller/ScanFromController/scanFormController$$Lambda+0x0000023d2736bf58
instanceKlass  @bci controller/ScanFromController/scanFormController setupButtonHandlers ()V 252 <appendix> member <vmtarget> ; # controller/ScanFromController/scanFormController$$Lambda+0x0000023d2736bd40
instanceKlass  @bci controller/ScanFromController/scanFormController setupButtonHandlers ()V 232 <appendix> member <vmtarget> ; # controller/ScanFromController/scanFormController$$Lambda+0x0000023d2736bb28
instanceKlass  @bci controller/ScanFromController/scanFormController setupButtonHandlers ()V 212 <appendix> member <vmtarget> ; # controller/ScanFromController/scanFormController$$Lambda+0x0000023d2736b910
instanceKlass  @bci controller/ScanFromController/scanFormController setupButtonHandlers ()V 192 <appendix> member <vmtarget> ; # controller/ScanFromController/scanFormController$$Lambda+0x0000023d2736b6f8
instanceKlass  @bci controller/ScanFromController/scanFormController setupButtonHandlers ()V 172 <appendix> member <vmtarget> ; # controller/ScanFromController/scanFormController$$Lambda+0x0000023d2736b4e0
instanceKlass  @bci controller/ScanFromController/scanFormController setupButtonHandlers ()V 152 <appendix> member <vmtarget> ; # controller/ScanFromController/scanFormController$$Lambda+0x0000023d2736b2c8
instanceKlass  @bci controller/ScanFromController/scanFormController setupButtonHandlers ()V 132 <appendix> member <vmtarget> ; # controller/ScanFromController/scanFormController$$Lambda+0x0000023d2736b0b0
instanceKlass  @bci controller/ScanFromController/scanFormController setupButtonHandlers ()V 112 <appendix> member <vmtarget> ; # controller/ScanFromController/scanFormController$$Lambda+0x0000023d2736ae98
instanceKlass  @bci controller/ScanFromController/scanFormController setupButtonHandlers ()V 92 <appendix> member <vmtarget> ; # controller/ScanFromController/scanFormController$$Lambda+0x0000023d2736ac80
instanceKlass  @bci controller/ScanFromController/scanFormController setupButtonHandlers ()V 72 <appendix> member <vmtarget> ; # controller/ScanFromController/scanFormController$$Lambda+0x0000023d2736aa68
instanceKlass  @bci controller/ScanFromController/scanFormController setupButtonHandlers ()V 52 <appendix> member <vmtarget> ; # controller/ScanFromController/scanFormController$$Lambda+0x0000023d2736a850
instanceKlass  @bci controller/ScanFromController/scanFormController setupButtonHandlers ()V 32 <appendix> member <vmtarget> ; # controller/ScanFromController/scanFormController$$Lambda+0x0000023d2736a638
instanceKlass  @bci controller/ScanFromController/scanFormController setupButtonHandlers ()V 12 <appendix> member <vmtarget> ; # controller/ScanFromController/scanFormController$$Lambda+0x0000023d2736a420
instanceKlass com/jfoenix/validation/base/ValidatorBase
instanceKlass  @bci com/jfoenix/controls/JFXComboBox$2 <init> (Lcom/jfoenix/controls/JFXComboBox;)V 17 <appendix> member <vmtarget> ; # com/jfoenix/controls/JFXComboBox$2$$Lambda+0x0000023d27369d90
instanceKlass javafx/scene/control/ListCell$3
instanceKlass  @bci javafx/scene/control/ListCell <init> ()V 65 <appendix> member <vmtarget> ; # javafx/scene/control/ListCell$$Lambda+0x0000023d27369950
instanceKlass javafx/scene/control/ListCell$2
instanceKlass  @bci javafx/scene/control/ListCell <init> ()V 43 <appendix> member <vmtarget> ; # javafx/scene/control/ListCell$$Lambda+0x0000023d27369518
instanceKlass javafx/scene/control/ListCell$1
instanceKlass  @bci javafx/scene/control/ListCell <init> ()V 21 <appendix> member <vmtarget> ; # javafx/scene/control/ListCell$$Lambda+0x0000023d273690d8
instanceKlass  @bci javafx/scene/control/ListCell <init> ()V 6 <appendix> member <vmtarget> ; # javafx/scene/control/ListCell$$Lambda+0x0000023d27368ec0
instanceKlass javafx/scene/control/Cell$1
instanceKlass  @bci com/jfoenix/controls/JFXComboBox initialize ()V 14 <appendix> member <vmtarget> ; # com/jfoenix/controls/JFXComboBox$$Lambda+0x0000023d27366b70
instanceKlass com/jfoenix/controls/JFXComboBox$StyleableProperties
instanceKlass com/jfoenix/controls/ValidationControl
instanceKlass  @bci javafx/scene/control/ComboBox <init> (Ljavafx/collections/ObservableList;)V 183 <appendix> member <vmtarget> ; # javafx/scene/control/ComboBox$$Lambda+0x0000023d27365308
instanceKlass  @bci javafx/scene/control/ComboBox <init> (Ljavafx/collections/ObservableList;)V 170 <appendix> member <vmtarget> ; # javafx/scene/control/ComboBox$$Lambda+0x0000023d273650f0
instanceKlass  @bci javafx/scene/control/ComboBox <init> (Ljavafx/collections/ObservableList;)V 157 <appendix> member <vmtarget> ; # javafx/scene/control/ComboBox$$Lambda+0x0000023d27364ed8
instanceKlass javafx/scene/control/ComboBox$ComboBoxSelectionModel$1
instanceKlass  @bci javafx/scene/control/ComboBox$ComboBoxSelectionModel <init> (Ljavafx/scene/control/ComboBox;)V 71 <appendix> member <vmtarget> ; # javafx/scene/control/ComboBox$ComboBoxSelectionModel$$Lambda+0x0000023d27364aa0
instanceKlass javafx/scene/control/ComboBox$ComboBoxSelectionModel$2
instanceKlass javafx/scene/control/ComboBox$3
instanceKlass  @bci javafx/scene/control/ComboBoxBase <init> ()V 143 <appendix> member <vmtarget> ; # javafx/scene/control/ComboBoxBase$$Lambda+0x0000023d27364218
instanceKlass com/jfoenix/converters/base/NodeConverter
instanceKlass javafx/util/StringConverter
instanceKlass javafx/scene/control/SelectionModel
instanceKlass javafx/scene/shape/Shape$StrokeAttributes
instanceKlass javafx/scene/shape/SVGPath$1
instanceKlass com/sun/javafx/scene/shape/SVGPathHelper$SVGPathAccessor
instanceKlass java/net/http/HttpResponse
instanceKlass java/net/http/HttpRequest$BodyPublisher
instanceKlass javafx/scene/layout/FlowPane$Run
instanceKlass  @bci javafx/scene/layout/FlowPane <clinit> ()V 0 <appendix> argL0 ; # javafx/scene/layout/FlowPane$$Lambda+0x0000023d27357b90
# instanceKlass java/lang/invoke/LambdaForm$MH+0x0000023d27358800
# instanceKlass java/lang/invoke/LambdaForm$MH+0x0000023d27358400
# instanceKlass java/lang/invoke/LambdaForm$MH+0x0000023d27358000
instanceKlass javafx/scene/control/TextFormatter$Change
instanceKlass javafx/scene/control/TextFormatter
instanceKlass  @bci javafx/scene/control/TextInputControl <init> (Ljavafx/scene/control/TextInputControl$Content;)V 260 <appendix> member <vmtarget> ; # javafx/scene/control/TextInputControl$$Lambda+0x0000023d27355630
instanceKlass  @bci javafx/scene/control/TextInputControl <init> (Ljavafx/scene/control/TextInputControl$Content;)V 247 <appendix> member <vmtarget> ; # javafx/scene/control/TextInputControl$$Lambda+0x0000023d27355418
instanceKlass  @bci javafx/scene/control/TextInputControl <init> (Ljavafx/scene/control/TextInputControl$Content;)V 234 <appendix> member <vmtarget> ; # javafx/scene/control/TextInputControl$$Lambda+0x0000023d27355200
instanceKlass javafx/beans/property/IntegerPropertyBase$Listener
instanceKlass  @bci javafx/scene/control/TextInputControl <init> (Ljavafx/scene/control/TextInputControl$Content;)V 204 <appendix> member <vmtarget> ; # javafx/scene/control/TextInputControl$$Lambda+0x0000023d27354258
instanceKlass javafx/scene/control/TextInputControl$UndoRedoChange
instanceKlass javafx/scene/control/IndexRange
instanceKlass javafx/scene/control/TextInputControl$ContentBase
instanceKlass javafx/scene/control/TextInputControl$Content
instanceKlass com/sun/javafx/scene/control/FormatterAccessor
instanceKlass  @bci javafx/scene/layout/VBox <clinit> ()V 0 <appendix> argL0 ; # javafx/scene/layout/VBox$$Lambda+0x0000023d2734df60
instanceKlass  @bci javafx/scene/layout/HBox <clinit> ()V 0 <appendix> argL0 ; # javafx/scene/layout/HBox$$Lambda+0x0000023d27293950
instanceKlass java/nio/channels/spi/AbstractSelector$1
instanceKlass jdk/internal/net/http/common/Log
instanceKlass jdk/internal/net/http/RedirectFilter
instanceKlass jdk/internal/net/http/AuthenticationFilter
instanceKlass jdk/internal/net/http/HeaderFilter
instanceKlass jdk/internal/net/http/FilterFactory
instanceKlass java/nio/BufferMismatch
instanceKlass java/nio/channels/spi/AbstractInterruptibleChannel$1
instanceKlass sun/nio/ch/Interruptible
instanceKlass jdk/net/ExtendedSocketOptions$2
instanceKlass jdk/net/ExtendedSocketOptions$PlatformSocketOptions
instanceKlass jdk/net/ExtendedSocketOptions$ExtSocketOption
instanceKlass java/net/SocketOption
instanceKlass jdk/net/ExtendedSocketOptions
instanceKlass sun/net/ext/ExtendedSocketOptions
instanceKlass sun/nio/ch/Net$1
instanceKlass sun/nio/ch/Net
instanceKlass java/net/SocketAddress
instanceKlass java/net/ProtocolFamily
instanceKlass  @bci sun/nio/ch/UnixDomainSocketsUtil getTempDir ()Ljava/lang/String; 0 <appendix> argL0 ; # sun/nio/ch/UnixDomainSocketsUtil$$Lambda+0x0000023d27319d90
instanceKlass sun/nio/ch/UnixDomainSocketsUtil
instanceKlass sun/nio/ch/UnixDomainSockets
instanceKlass sun/nio/ch/PipeImpl$Initializer$LoopbackConnector
instanceKlass sun/nio/ch/PipeImpl$Initializer
instanceKlass java/nio/channels/Pipe
instanceKlass sun/nio/ch/WEPoll
instanceKlass sun/nio/ch/Util$2
instanceKlass  @bci sun/nio/ch/DefaultSelectorProvider <clinit> ()V 0 <appendix> argL0 ; # sun/nio/ch/DefaultSelectorProvider$$Lambda+0x0000023d273180c8
instanceKlass sun/nio/ch/DefaultSelectorProvider
instanceKlass  @bci java/nio/channels/spi/SelectorProvider$Holder provider ()Ljava/nio/channels/spi/SelectorProvider; 0 <appendix> argL0 ; # java/nio/channels/spi/SelectorProvider$Holder$$Lambda+0x0000023d27317830
instanceKlass java/nio/channels/spi/SelectorProvider$Holder
instanceKlass java/nio/channels/spi/SelectorProvider
instanceKlass java/nio/channels/Selector
instanceKlass  @bci jdk/internal/net/http/common/Utils getIntegerProperty (Ljava/lang/String;I)I 2 <appendix> member <vmtarget> ; # jdk/internal/net/http/common/Utils$$Lambda+0x0000023d27347808
instanceKlass jdk/internal/net/http/ConnectionPool$ExpiryList
instanceKlass  @bci jdk/internal/net/http/ConnectionPool <init> (Ljava/lang/String;)V 6 <appendix> member <vmtarget> ; # jdk/internal/net/http/ConnectionPool$$Lambda+0x0000023d273470e0
instanceKlass jdk/internal/net/http/common/FlowTube$TubePublisher
instanceKlass java/util/concurrent/Flow$Publisher
instanceKlass jdk/internal/net/http/common/FlowTube$TubeSubscriber
instanceKlass jdk/internal/net/http/ConnectionPool
instanceKlass sun/security/ssl/SSLConfiguration$1
instanceKlass javax/net/ssl/SSLParameters
instanceKlass sun/security/ssl/DTLSRecord
instanceKlass sun/security/ssl/SessionId
instanceKlass java/security/spec/MGF1ParameterSpec
instanceKlass sun/security/ec/ParametersMap$1
instanceKlass  @bci sun/security/ec/ed/EdDSAParameters <clinit> ()V 268 <appendix> argL0 ; # sun/security/ec/ed/EdDSAParameters$$Lambda+0x0000023d27346198
instanceKlass sun/security/ec/ed/EdDSAParameters$SHAKE256DigesterFactory
instanceKlass sun/security/ec/point/ProjectivePoint
instanceKlass  @bci sun/security/ec/ed/EdDSAParameters <clinit> ()V 117 <appendix> argL0 ; # sun/security/ec/ed/EdDSAParameters$$Lambda+0x0000023d27345810
instanceKlass sun/security/ec/ed/EdDSAParameters$Digester
instanceKlass sun/security/ec/ed/EdDSAParameters$SHA512DigesterFactory
instanceKlass sun/security/ec/point/ExtendedHomogeneousPoint
instanceKlass sun/security/ec/point/AffinePoint
instanceKlass sun/security/util/math/intpoly/IntegerPolynomial$Limb
instanceKlass sun/security/util/math/SmallValue
instanceKlass sun/security/ec/point/MutablePoint
instanceKlass sun/security/ec/point/ImmutablePoint
instanceKlass sun/security/ec/point/Point
instanceKlass sun/security/util/math/intpoly/IntegerPolynomial$Element
instanceKlass sun/security/util/math/ImmutableIntegerModuloP
instanceKlass sun/security/util/math/IntegerModuloP
instanceKlass sun/security/util/math/intpoly/IntegerPolynomial
instanceKlass sun/security/ec/ParametersMap
instanceKlass sun/security/ec/ed/EdECOperations
instanceKlass sun/security/ec/ed/EdDSAParameters$DigesterFactory
instanceKlass sun/security/util/math/IntegerFieldModuloP
instanceKlass sun/security/ec/ed/EdDSAParameters
instanceKlass  @bci sun/security/ec/ed/EdDSASignature <init> (Ljava/security/spec/NamedParameterSpec;)V 27 <appendix> argL0 ; # sun/security/ec/ed/EdDSASignature$$Lambda+0x0000023d27343710
instanceKlass java/security/spec/EdDSAParameterSpec
instanceKlass sun/security/ec/ed/EdDSASignature$MessageAccumulator
instanceKlass javax/net/ssl/ExtendedSSLSession
instanceKlass javax/crypto/spec/DHParameterSpec
instanceKlass sun/security/ssl/PredefinedDHParameterSpecs$1
instanceKlass sun/security/ssl/PredefinedDHParameterSpecs
instanceKlass com/sun/security/sasl/Provider$1
instanceKlass  @bci sun/security/provider/certpath/ldap/JdkLDAP <init> ()V 15 <appendix> member <vmtarget> ; # sun/security/provider/certpath/ldap/JdkLDAP$$Lambda+0x0000023d2730f5a0
instanceKlass  @bci sun/security/pkcs11/SunPKCS11 register (Lsun/security/pkcs11/SunPKCS11$Descriptor;)V 27 <appendix> argL0 ; # sun/security/pkcs11/SunPKCS11$$Lambda+0x0000023d27342628
instanceKlass sun/security/pkcs11/SunPKCS11$Descriptor
instanceKlass javax/security/auth/callback/CallbackHandler
instanceKlass javax/security/auth/Subject
instanceKlass sun/security/mscapi/SunMSCAPI$2
instanceKlass sun/security/mscapi/SunMSCAPI$1
instanceKlass sun/security/smartcardio/SunPCSC$1
instanceKlass  @bci sun/security/jgss/SunProvider <init> ()V 15 <appendix> member <vmtarget> ; # sun/security/jgss/SunProvider$$Lambda+0x0000023d273404b0
instanceKlass sun/security/ssl/NamedGroup$SupportedGroups
instanceKlass sun/security/ssl/SSLConfiguration$CustomizedClientSignatureSchemes
instanceKlass javax/crypto/KeyGeneratorSpi
instanceKlass javax/crypto/KeyGenerator
instanceKlass sun/security/ssl/SSLConfiguration
instanceKlass sun/security/ssl/SSLCipher$SSLWriteCipher
instanceKlass sun/security/ssl/KeyUpdate$KeyUpdateProducer
instanceKlass sun/security/ssl/KeyUpdate$KeyUpdateConsumer
instanceKlass sun/security/ssl/KeyUpdate$KeyUpdateKickstartProducer
instanceKlass sun/security/ssl/KeyUpdate
instanceKlass sun/security/ssl/CertificateStatus$CertificateStatusAbsence
instanceKlass sun/security/ssl/HandshakeAbsence
instanceKlass sun/security/ssl/CertificateStatus$CertificateStatusProducer
instanceKlass sun/security/ssl/CertificateStatus$CertificateStatusConsumer
instanceKlass sun/security/ssl/CertificateStatus
instanceKlass sun/security/ssl/Finished$T13FinishedProducer
instanceKlass sun/security/ssl/Finished$T13FinishedConsumer
instanceKlass sun/security/ssl/Finished$T12FinishedProducer
instanceKlass sun/security/ssl/Finished$T12FinishedConsumer
instanceKlass sun/security/ssl/Finished
instanceKlass sun/security/ssl/ClientKeyExchange$ClientKeyExchangeProducer
instanceKlass sun/security/ssl/ClientKeyExchange$ClientKeyExchangeConsumer
instanceKlass sun/security/ssl/ClientKeyExchange
instanceKlass sun/security/ssl/CertificateVerify$T13CertificateVerifyProducer
instanceKlass sun/security/ssl/CertificateVerify$T13CertificateVerifyConsumer
instanceKlass sun/security/ssl/CertificateVerify$T12CertificateVerifyProducer
instanceKlass sun/security/ssl/CertificateVerify$T12CertificateVerifyConsumer
instanceKlass sun/security/ssl/CertificateVerify$T10CertificateVerifyProducer
instanceKlass sun/security/ssl/CertificateVerify$T10CertificateVerifyConsumer
instanceKlass sun/security/ssl/CertificateVerify$S30CertificateVerifyProducer
instanceKlass sun/security/ssl/CertificateVerify$S30CertificateVerifyConsumer
instanceKlass sun/security/ssl/CertificateVerify
instanceKlass sun/security/ssl/ServerHelloDone$ServerHelloDoneProducer
instanceKlass sun/security/ssl/ServerHelloDone$ServerHelloDoneConsumer
instanceKlass sun/security/ssl/ServerHelloDone
instanceKlass sun/security/ssl/CertificateRequest$T13CertificateRequestProducer
instanceKlass sun/security/ssl/CertificateRequest$T13CertificateRequestConsumer
instanceKlass sun/security/ssl/CertificateRequest$T12CertificateRequestProducer
instanceKlass sun/security/ssl/CertificateRequest$T12CertificateRequestConsumer
instanceKlass sun/security/ssl/CertificateRequest$T10CertificateRequestProducer
instanceKlass sun/security/ssl/CertificateRequest$T10CertificateRequestConsumer
instanceKlass sun/security/ssl/CertificateRequest
instanceKlass sun/security/ssl/ServerKeyExchange$ServerKeyExchangeProducer
instanceKlass sun/security/ssl/ServerKeyExchange$ServerKeyExchangeConsumer
instanceKlass sun/security/ssl/ServerKeyExchange
instanceKlass sun/security/ssl/CertificateMessage$T13CertificateProducer
instanceKlass sun/security/ssl/CertificateMessage$T13CertificateConsumer
instanceKlass sun/security/ssl/CertificateMessage$T12CertificateProducer
instanceKlass sun/security/ssl/CertificateMessage$T12CertificateConsumer
instanceKlass sun/security/ssl/CertificateMessage
instanceKlass sun/security/ssl/EncryptedExtensions$EncryptedExtensionsConsumer
instanceKlass sun/security/ssl/EncryptedExtensions$EncryptedExtensionsProducer
instanceKlass sun/security/ssl/EncryptedExtensions
instanceKlass sun/security/ssl/NewSessionTicket$T12NewSessionTicketProducer
instanceKlass sun/security/ssl/NewSessionTicket$T13NewSessionTicketProducer
instanceKlass sun/security/ssl/NewSessionTicket$T12NewSessionTicketConsumer
instanceKlass sun/security/ssl/NewSessionTicket$T13NewSessionTicketConsumer
instanceKlass sun/security/ssl/NewSessionTicket
instanceKlass sun/security/ssl/HelloVerifyRequest$HelloVerifyRequestProducer
instanceKlass sun/security/ssl/HelloVerifyRequest$HelloVerifyRequestConsumer
instanceKlass sun/security/ssl/HelloVerifyRequest
instanceKlass sun/security/ssl/ServerHello$T13HelloRetryRequestConsumer
instanceKlass sun/security/ssl/ServerHello$T13ServerHelloConsumer
instanceKlass sun/security/ssl/ServerHello$T12ServerHelloConsumer
instanceKlass sun/security/ssl/ServerHello$T13HelloRetryRequestReproducer
instanceKlass sun/security/ssl/ServerHello$T13HelloRetryRequestProducer
instanceKlass sun/security/ssl/ServerHello$T13ServerHelloProducer
instanceKlass sun/security/ssl/ServerHello$T12ServerHelloProducer
instanceKlass sun/security/ssl/ServerHello$ServerHelloConsumer
instanceKlass sun/security/ssl/ServerHello
instanceKlass sun/security/ssl/ClientHello$D13ClientHelloConsumer
instanceKlass sun/security/ssl/ClientHello$D12ClientHelloConsumer
instanceKlass sun/security/ssl/ClientHello$T13ClientHelloConsumer
instanceKlass sun/security/ssl/ClientHello$T12ClientHelloConsumer
instanceKlass sun/security/ssl/HandshakeConsumer
instanceKlass sun/security/ssl/ClientHello$ClientHelloProducer
instanceKlass sun/security/ssl/ClientHello$ClientHelloConsumer
instanceKlass sun/security/ssl/ClientHello$ClientHelloKickstartProducer
instanceKlass sun/security/ssl/ClientHello
instanceKlass sun/security/ssl/HelloRequest$HelloRequestProducer
instanceKlass sun/security/ssl/HelloRequest$HelloRequestConsumer
instanceKlass sun/security/ssl/HelloRequest$HelloRequestKickstartProducer
instanceKlass sun/security/ssl/SSLProducer
instanceKlass sun/security/ssl/HelloRequest
instanceKlass sun/security/ssl/HandshakeProducer
instanceKlass sun/security/ssl/SSLConsumer
instanceKlass sun/security/ssl/Authenticator$MacImpl
instanceKlass sun/security/ssl/Authenticator$MAC
instanceKlass sun/security/ssl/Authenticator
instanceKlass sun/security/ssl/SSLCipher$SSLReadCipher
instanceKlass sun/security/ssl/InputRecord
instanceKlass sun/security/ssl/SSLRecord
instanceKlass sun/security/ssl/Record
instanceKlass sun/security/ssl/TransportContext
instanceKlass sun/security/ssl/ConnectionContext
instanceKlass sun/security/ssl/HandshakeHash$CacheOnlyHash
instanceKlass sun/security/ssl/HandshakeHash$TranscriptHash
instanceKlass sun/security/ssl/HandshakeHash
instanceKlass java/net/SocksConsts
instanceKlass sun/net/PlatformSocketImpl
instanceKlass java/net/SocketImpl
instanceKlass java/net/SocketOptions
instanceKlass java/net/Socket
instanceKlass sun/security/ssl/SSLTransport
instanceKlass javax/net/SocketFactory
instanceKlass  @bci jdk/internal/net/http/HttpClientImpl getDefaultProxySelector ()Ljava/net/ProxySelector; 0 <appendix> argL0 ; # jdk/internal/net/http/HttpClientImpl$$Lambda+0x0000023d272ab728
instanceKlass  @bci jdk/internal/net/http/HttpClientImpl <init> (Ljdk/internal/net/http/HttpClientBuilderImpl;Ljdk/internal/net/http/HttpClientImpl$SingleFacadeFactory;)V 475 <appendix> argL0 ; # jdk/internal/net/http/HttpClientImpl$$Lambda+0x0000023d272afd48
instanceKlass  @bci jdk/internal/net/http/Http2ClientImpl <clinit> ()V 3 <appendix> member <vmtarget> ; # jdk/internal/net/http/Http2ClientImpl$$Lambda+0x0000023d272af8f8
instanceKlass jdk/internal/net/http/Http2ClientImpl
instanceKlass  @bci jdk/internal/net/http/HttpClientFacade <init> (Ljdk/internal/net/http/HttpClientImpl;)V 19 <appendix> member <vmtarget> ; # jdk/internal/net/http/HttpClientFacade$$Lambda+0x0000023d272af490
instanceKlass  @bci jdk/internal/net/http/HttpClientImpl <init> (Ljdk/internal/net/http/HttpClientBuilderImpl;Ljdk/internal/net/http/HttpClientImpl$SingleFacadeFactory;)V 371 <appendix> member <vmtarget> ; # jdk/internal/net/http/HttpClientImpl$$Lambda+0x0000023d272af268
instanceKlass  @bci jdk/internal/net/http/HttpClientImpl <init> (Ljdk/internal/net/http/HttpClientBuilderImpl;Ljdk/internal/net/http/HttpClientImpl$SingleFacadeFactory;)V 363 <appendix> member <vmtarget> ; # jdk/internal/net/http/HttpClientImpl$$Lambda+0x0000023d272af050
instanceKlass java/util/function/BooleanSupplier
instanceKlass jdk/internal/net/http/HttpClientImpl$DelegatingExecutor
instanceKlass jdk/internal/net/http/HttpClientImpl$DefaultThreadFactory
instanceKlass sun/security/provider/AbstractDrbg$NonceProvider
instanceKlass  @bci sun/security/provider/AbstractDrbg$SeederHolder <clinit> ()V 42 <appendix> member <vmtarget> ; # sun/security/provider/AbstractDrbg$SeederHolder$$Lambda+0x0000023d272bbfd0
instanceKlass  @cpi sun/security/provider/AbstractDrbg$SeederHolder 91 form vmentry <vmtarget> ; # java/lang/invoke/LambdaForm$DMH+0x0000023d272aa400
# instanceKlass java/lang/invoke/LambdaForm$DMH+0x0000023d272aa000
instanceKlass java/nio/file/Files$AcceptAllFilter
instanceKlass java/net/NetworkInterface$1
instanceKlass java/net/DefaultInterface
instanceKlass java/net/Inet6Address$Inet6AddressHolder
instanceKlass java/net/InetAddress$PlatformResolver
instanceKlass java/net/spi/InetAddressResolver
instanceKlass java/net/spi/InetAddressResolver$LookupPolicy
instanceKlass java/net/Inet4AddressImpl
instanceKlass java/net/Inet6AddressImpl
instanceKlass java/net/InetAddressImpl
instanceKlass java/net/InetAddress$InetAddressHolder
instanceKlass java/net/InetAddress$1
instanceKlass jdk/internal/access/JavaNetInetAddressAccess
instanceKlass java/net/InetAddress
instanceKlass java/net/InterfaceAddress
instanceKlass java/net/NetworkInterface
instanceKlass sun/security/provider/ByteArrayAccess$BE
instanceKlass sun/security/provider/SeedGenerator$1
instanceKlass sun/security/provider/SeedGenerator
instanceKlass sun/security/provider/AbstractDrbg$SeederHolder
instanceKlass java/security/DrbgParameters$NextBytes
instanceKlass  @bci sun/security/provider/AbstractDrbg <clinit> ()V 12 <appendix> argL0 ; # sun/security/provider/AbstractDrbg$$Lambda+0x0000023d272ba788
instanceKlass  @cpi sun/security/provider/AbstractDrbg 383 form vmentry <vmtarget> ; # java/lang/invoke/LambdaForm$DMH+0x0000023d272a9c00
# instanceKlass java/lang/invoke/LambdaForm$DMH+0x0000023d272a9800
instanceKlass sun/security/provider/EntropySource
instanceKlass sun/security/provider/AbstractDrbg
instanceKlass java/security/DrbgParameters$Instantiation
instanceKlass java/security/DrbgParameters
instanceKlass sun/security/provider/MoreDrbgParameters
instanceKlass  @bci sun/security/provider/DRBG <init> (Ljava/security/SecureRandomParameters;)V 26 <appendix> argL0 ; # sun/security/provider/DRBG$$Lambda+0x0000023d272b92c8
instanceKlass java/security/SecureRandomSpi
instanceKlass java/security/SecureRandomParameters
instanceKlass  @bci sun/security/ssl/SSLContextImpl engineInit ([Ljavax/net/ssl/KeyManager;[Ljavax/net/ssl/TrustManager;Ljava/security/SecureRandom;)V 57 <appendix> argL0 ; # sun/security/ssl/SSLContextImpl$$Lambda+0x0000023d272b8a70
instanceKlass javax/net/ssl/X509ExtendedKeyManager
instanceKlass javax/net/ssl/X509KeyManager
instanceKlass javax/net/ssl/KeyManager
instanceKlass javax/net/ssl/KeyManagerFactorySpi
instanceKlass  @bci javax/net/ssl/KeyManagerFactory getDefaultAlgorithm ()Ljava/lang/String; 0 <appendix> argL0 ; # javax/net/ssl/KeyManagerFactory$$Lambda+0x0000023d272b7320
instanceKlass javax/net/ssl/KeyManagerFactory
instanceKlass sun/security/ssl/SSLContextImpl$DefaultManagersHolder$1
instanceKlass javax/net/ssl/X509ExtendedTrustManager
instanceKlass javax/net/ssl/X509TrustManager
instanceKlass javax/net/ssl/TrustManager
instanceKlass sun/security/validator/TrustStoreUtil
instanceKlass sun/security/x509/AccessDescription
instanceKlass sun/security/x509/RFC822Name
instanceKlass sun/security/x509/NetscapeCertTypeExtension$MapEntry
instanceKlass sun/security/x509/DNSName
instanceKlass sun/security/x509/URIName
instanceKlass sun/security/x509/DistributionPoint
instanceKlass java/security/cert/PolicyQualifierInfo
instanceKlass sun/security/x509/CertificatePolicyId
instanceKlass sun/security/x509/PolicyInformation
instanceKlass java/security/interfaces/ECPublicKey
instanceKlass sun/security/x509/GeneralName
instanceKlass sun/security/pkcs12/PKCS12KeyStore$Entry
instanceKlass jdk/internal/event/EventHelper$ThreadTrackHolder
instanceKlass java/util/jar/JarFile$ThreadTrackHolder
instanceKlass jdk/internal/event/EventHelper
instanceKlass sun/security/jca/JCAUtil
instanceKlass sun/security/util/MemoryCache$CacheEntry
instanceKlass sun/security/x509/GeneralNames
instanceKlass sun/security/x509/KeyIdentifier
instanceKlass sun/security/x509/OIDMap$OIDInfo
instanceKlass sun/security/x509/PKIXExtensions
instanceKlass sun/security/x509/OIDMap
instanceKlass sun/security/x509/Extension
instanceKlass java/security/cert/Extension
instanceKlass sun/security/x509/CertificateExtensions
instanceKlass sun/security/rsa/RSAUtil
instanceKlass java/security/interfaces/RSAPublicKey
instanceKlass java/security/interfaces/RSAKey
instanceKlass java/security/spec/PSSParameterSpec
instanceKlass java/security/spec/RSAPrivateKeySpec
instanceKlass java/security/spec/RSAPublicKeySpec
instanceKlass  @bci java/security/spec/EncodedKeySpec <clinit> ()V 0 <appendix> argL0 ; # java/security/spec/EncodedKeySpec$$Lambda+0x0000023d272fd468
instanceKlass  @cpi java/security/spec/EncodedKeySpec 79 form vmentry <vmtarget> ; # java/lang/invoke/LambdaForm$DMH+0x0000023d272a9400
instanceKlass jdk/internal/access/JavaSecuritySpecAccess
instanceKlass java/security/spec/EncodedKeySpec
instanceKlass java/security/spec/KeySpec
instanceKlass sun/security/util/BitArray
instanceKlass sun/security/x509/X509Key
instanceKlass sun/security/x509/CertificateX509Key
instanceKlass sun/util/calendar/CalendarUtils
instanceKlass sun/util/calendar/CalendarDate
instanceKlass sun/util/calendar/CalendarSystem$GregorianHolder
instanceKlass sun/util/calendar/CalendarSystem
instanceKlass sun/security/x509/CertificateValidity
instanceKlass sun/security/x509/AVA
instanceKlass sun/security/x509/RDN
instanceKlass javax/security/auth/x500/X500Principal
instanceKlass  @bci sun/security/x509/X500Name <clinit> ()V 153 <appendix> argL0 ; # sun/security/x509/X500Name$$Lambda+0x0000023d272fb450
instanceKlass sun/security/x509/X500Name
instanceKlass sun/security/x509/GeneralNameInterface
instanceKlass sun/security/x509/CertificateAlgorithmId
instanceKlass sun/security/x509/SerialNumber
instanceKlass sun/security/x509/CertificateSerialNumber
instanceKlass sun/security/x509/CertificateVersion
instanceKlass sun/security/x509/X509CertInfo
instanceKlass sun/security/x509/AlgorithmId
instanceKlass java/security/cert/X509Extension
instanceKlass sun/security/util/Cache$EqualByteArray
instanceKlass java/security/cert/CertificateFactorySpi
instanceKlass java/security/cert/CertificateFactory
instanceKlass sun/security/pkcs/ContentInfo
instanceKlass sun/security/util/IOUtils
instanceKlass sun/security/util/DerInputStream
instanceKlass sun/security/util/DerValue
instanceKlass sun/security/action/OpenFileInputStreamAction
instanceKlass  @bci sun/security/util/KeyStoreDelegator <init> (Ljava/lang/String;Ljava/lang/Class;Ljava/lang/String;Ljava/lang/Class;)V 4 <appendix> argL0 ; # sun/security/util/KeyStoreDelegator$$Lambda+0x0000023d272f7b60
instanceKlass java/security/KeyStoreSpi
instanceKlass  @bci java/security/KeyStore getDefaultType ()Ljava/lang/String; 0 <appendix> argL0 ; # java/security/KeyStore$$Lambda+0x0000023d272f68c8
instanceKlass java/security/KeyStore
instanceKlass sun/security/ssl/TrustStoreManager$TrustStoreDescriptor$1
instanceKlass sun/security/util/FilePaths
instanceKlass sun/security/ssl/TrustStoreManager$TrustStoreDescriptor
instanceKlass sun/security/ssl/TrustStoreManager$TrustAnchorManager
instanceKlass sun/security/ssl/TrustStoreManager
instanceKlass javax/net/ssl/TrustManagerFactorySpi
instanceKlass  @bci javax/net/ssl/TrustManagerFactory getDefaultAlgorithm ()Ljava/lang/String; 0 <appendix> argL0 ; # javax/net/ssl/TrustManagerFactory$$Lambda+0x0000023d272f5440
instanceKlass javax/net/ssl/TrustManagerFactory
instanceKlass sun/security/ssl/SSLContextImpl$DefaultManagersHolder
instanceKlass sun/security/util/Cache
instanceKlass sun/security/ssl/SSLSessionContextImpl
instanceKlass javax/net/ssl/SSLSessionContext
instanceKlass sun/security/ssl/EphemeralKeyManager$EphemeralKeyPair
instanceKlass sun/security/ssl/EphemeralKeyManager
instanceKlass sun/security/ssl/SSLContextImpl$CustomizedSSLProtocols
instanceKlass java/security/spec/NamedParameterSpec
instanceKlass sun/security/util/ECKeySizeParameterSpec
instanceKlass java/security/AlgorithmParametersSpi
instanceKlass java/security/AlgorithmParameters
instanceKlass sun/security/util/ECUtil
instanceKlass java/security/KeyPairGeneratorSpi
instanceKlass java/security/PublicKey
instanceKlass java/security/PrivateKey
instanceKlass javax/security/auth/Destroyable
instanceKlass java/security/KeyFactorySpi
instanceKlass java/security/KeyFactory
instanceKlass javax/crypto/KeyAgreement
instanceKlass java/security/interfaces/ECKey
instanceKlass java/security/Key
instanceKlass java/security/Signature$1
instanceKlass jdk/internal/access/JavaSecuritySignatureAccess
instanceKlass java/security/SignatureSpi
instanceKlass sun/security/ssl/JsseJce$EcAvailability
instanceKlass sun/security/ssl/SSLAlgorithmDecomposer$1
instanceKlass sun/security/ssl/Utilities
instanceKlass sun/security/ssl/JsseJce
instanceKlass sun/security/ssl/NamedGroup$XDHScheme
instanceKlass sun/security/ssl/NamedGroup$FFDHEScheme
instanceKlass sun/security/ssl/NamedGroup$ECDHEScheme
instanceKlass sun/security/ssl/NamedGroup$NamedGroupScheme
instanceKlass sun/security/ssl/SSLCipher$1
instanceKlass sun/security/ssl/SSLCipher$T13CC20P1305WriteCipherGenerator
instanceKlass sun/security/ssl/SSLCipher$T12CC20P1305WriteCipherGenerator
instanceKlass sun/security/ssl/SSLCipher$T13CC20P1305ReadCipherGenerator
instanceKlass sun/security/ssl/SSLCipher$T12CC20P1305ReadCipherGenerator
instanceKlass sun/security/ssl/SSLCipher$T13GcmWriteCipherGenerator
instanceKlass sun/security/ssl/SSLCipher$T13GcmReadCipherGenerator
instanceKlass sun/security/ssl/SSLCipher$T12GcmWriteCipherGenerator
instanceKlass sun/security/ssl/SSLCipher$T12GcmReadCipherGenerator
instanceKlass com/sun/crypto/provider/AESConstants
instanceKlass java/util/Vector$1
instanceKlass  @bci javax/crypto/JceSecurityManager <clinit> ()V 67 <appendix> argL0 ; # javax/crypto/JceSecurityManager$$Lambda+0x0000023d272ea330
instanceKlass  @bci javax/crypto/JceSecurityManager <clinit> ()V 49 <appendix> argL0 ; # javax/crypto/JceSecurityManager$$Lambda+0x0000023d272ea120
instanceKlass javax/crypto/JceSecurityManager
instanceKlass sun/security/ssl/SSLCipher$T11BlockWriteCipherGenerator
instanceKlass sun/security/ssl/SSLCipher$T11BlockReadCipherGenerator
instanceKlass com/sun/crypto/provider/PKCS5Padding
instanceKlass com/sun/crypto/provider/Padding
instanceKlass com/sun/crypto/provider/FeedbackCipher
instanceKlass com/sun/crypto/provider/SymmetricCipher
instanceKlass com/sun/crypto/provider/DESConstants
instanceKlass com/sun/crypto/provider/CipherCore
instanceKlass sun/security/ssl/SSLCipher$T10BlockWriteCipherGenerator
instanceKlass sun/security/ssl/SSLCipher$T10BlockReadCipherGenerator
instanceKlass javax/crypto/CipherSpi
instanceKlass  @bci javax/crypto/ProviderVerifier isTrustedModule ()Z 61 <appendix> argL0 ; # javax/crypto/ProviderVerifier$$Lambda+0x0000023d272e7988
instanceKlass javax/crypto/ProviderVerifier$1
instanceKlass javax/crypto/ProviderVerifier
instanceKlass javax/crypto/JceSecurity$3
instanceKlass javax/crypto/JceSecurity$2
instanceKlass java/net/spi/URLStreamHandlerProvider
instanceKlass java/net/URL$1
instanceKlass java/net/URL$2
instanceKlass jdk/internal/misc/ThreadTracker
instanceKlass java/net/URL$ThreadTrackHolder
instanceKlass java/util/Vector$Itr
instanceKlass javax/crypto/CryptoPolicyParser$CryptoPermissionEntry
instanceKlass javax/crypto/CryptoPolicyParser$GrantEntry
instanceKlass sun/nio/ch/IOStatus
instanceKlass sun/nio/ch/Util$BufferCache
instanceKlass sun/nio/ch/Util
instanceKlass sun/nio/ch/NativeThread
instanceKlass java/io/StreamTokenizer
instanceKlass javax/crypto/CryptoPolicyParser
instanceKlass java/nio/channels/NetworkChannel
instanceKlass sun/nio/ch/SelChImpl
instanceKlass sun/nio/ch/Streams
instanceKlass java/nio/channels/Channels
instanceKlass sun/nio/ch/FileChannelImpl$Closer
instanceKlass sun/nio/ch/NativeThreadSet
instanceKlass sun/nio/ch/IOUtil
instanceKlass sun/nio/ch/NativeDispatcher
instanceKlass java/nio/channels/spi/AbstractInterruptibleChannel
instanceKlass java/nio/channels/InterruptibleChannel
instanceKlass java/nio/channels/ScatteringByteChannel
instanceKlass java/nio/channels/GatheringByteChannel
instanceKlass java/nio/channels/SeekableByteChannel
instanceKlass java/nio/channels/ByteChannel
instanceKlass java/nio/channels/WritableByteChannel
instanceKlass java/nio/channels/ReadableByteChannel
instanceKlass java/nio/channels/Channel
instanceKlass sun/nio/fs/WindowsSecurityDescriptor
instanceKlass java/nio/file/attribute/FileAttribute
instanceKlass sun/nio/fs/BasicFileAttributesHolder
instanceKlass sun/nio/fs/WindowsDirectoryStream$WindowsDirectoryIterator
instanceKlass java/nio/file/Files$1
instanceKlass java/nio/file/DirectoryStream$Filter
instanceKlass sun/nio/fs/WindowsFileSystem$2
instanceKlass java/nio/file/PathMatcher
instanceKlass sun/nio/fs/Globs
instanceKlass sun/nio/fs/WindowsDirectoryStream
instanceKlass java/nio/file/DirectoryStream
instanceKlass sun/nio/fs/WindowsChannelFactory$Flags
instanceKlass sun/nio/fs/WindowsChannelFactory$1
instanceKlass sun/nio/fs/WindowsChannelFactory
instanceKlass sun/nio/fs/WindowsFileSystemProvider$1
instanceKlass javax/crypto/JceSecurity$1
instanceKlass javax/crypto/JceSecurity
instanceKlass sun/security/jca/ProviderList$ServiceList$1
instanceKlass sun/security/jca/ServiceId
instanceKlass javax/crypto/Cipher$Transform
instanceKlass javax/crypto/Cipher
instanceKlass sun/security/ssl/SSLCipher$StreamWriteCipherGenerator
instanceKlass sun/security/ssl/SSLCipher$StreamReadCipherGenerator
instanceKlass sun/security/ssl/SSLCipher$NullWriteCipherGenerator
instanceKlass sun/security/ssl/SSLCipher$WriteCipherGenerator
instanceKlass sun/security/ssl/SSLCipher$NullReadCipherGenerator
instanceKlass sun/security/ssl/SSLCipher$ReadCipherGenerator
instanceKlass java/util/AbstractMap$SimpleImmutableEntry
instanceKlass sun/security/util/DisabledAlgorithmConstraints$Constraints$Holder
instanceKlass sun/security/util/DisabledAlgorithmConstraints$Constraint
instanceKlass sun/security/util/DisabledAlgorithmConstraints$Constraints
instanceKlass sun/security/util/AbstractAlgorithmConstraints$1
instanceKlass sun/security/util/AlgorithmDecomposer
instanceKlass sun/security/util/AbstractAlgorithmConstraints
instanceKlass sun/security/ssl/SSLAlgorithmConstraints
instanceKlass java/security/AlgorithmConstraints
instanceKlass sun/security/ssl/SSLLogger
instanceKlass  @bci sun/security/ssl/SunJSSE registerAlgorithms ()V 1 <appendix> member <vmtarget> ; # sun/security/ssl/SunJSSE$$Lambda+0x0000023d272d6408
instanceKlass java/security/spec/ECFieldF2m
instanceKlass sun/security/util/ObjectIdentifier
instanceKlass sun/security/util/ByteArrayTagOrder
instanceKlass sun/security/util/ByteArrayLexOrder
instanceKlass sun/security/util/DerEncoder
instanceKlass java/security/spec/ECParameterSpec
instanceKlass java/security/spec/AlgorithmParameterSpec
instanceKlass java/security/spec/ECPoint
instanceKlass java/security/spec/EllipticCurve
instanceKlass java/security/spec/ECFieldFp
instanceKlass java/security/spec/ECField
instanceKlass sun/security/util/CurveDB
instanceKlass sun/security/ec/SunEC$1
instanceKlass com/sun/security/sasl/gsskerb/JdkSASL$1
instanceKlass org/jcp/xml/dsig/internal/dom/XMLDSigRI$2
instanceKlass org/jcp/xml/dsig/internal/dom/XMLDSigRI$1
instanceKlass sun/security/jca/ProviderConfig$ProviderLoader
instanceKlass sun/security/jca/ProviderConfig$3
instanceKlass sun/security/rsa/SunRsaSignEntries
instanceKlass javax/net/ssl/SSLContextSpi
instanceKlass javax/net/ssl/SSLContext
instanceKlass  @bci jdk/internal/net/http/SocketTube$InternalReadPublisher$InternalReadSubscription request (J)V 82 <appendix> form vmentry <vmtarget> ; # java/lang/invoke/LambdaForm$MH+0x0000023d272a9000
instanceKlass  @bci jdk/internal/net/http/SocketTube$InternalReadPublisher$InternalReadSubscription request (J)V 82 <appendix> argL3 form vmentry <vmtarget> ; # java/lang/invoke/LambdaForm$MH+0x0000023d272a8c00
# instanceKlass java/lang/invoke/LambdaForm$MH+0x0000023d272a8800
# instanceKlass java/lang/invoke/LambdaForm$MH+0x0000023d272a8400
instanceKlass  @bci jdk/internal/net/http/SocketTube$InternalReadPublisher$InternalReadSubscription request (J)V 82 <appendix> argL1 form vmentry <vmtarget> ; # java/lang/invoke/LambdaForm$MH+0x0000023d272a8000
# instanceKlass java/lang/invoke/LambdaForm$MH+0x0000023d272a4c00
instanceKlass jdk/internal/net/http/common/HttpBodySubscriberWrapper$1
instanceKlass  @bci jdk/internal/net/http/common/HttpBodySubscriberWrapper <clinit> ()V 16 <appendix> argL0 ; # jdk/internal/net/http/common/HttpBodySubscriberWrapper$$Lambda+0x0000023d272a52d8
instanceKlass java/util/concurrent/Flow$Subscription
instanceKlass jdk/internal/net/http/common/HttpBodySubscriberWrapper
instanceKlass jdk/internal/net/http/ResponseSubscribers$TrustedSubscriber
instanceKlass java/net/http/HttpResponse$BodySubscriber
instanceKlass java/util/concurrent/Flow$Subscriber
instanceKlass java/util/concurrent/ConcurrentSkipListMap$Node
instanceKlass java/util/concurrent/ConcurrentSkipListMap$Index
instanceKlass java/util/concurrent/ConcurrentNavigableMap
instanceKlass  @bci jdk/internal/net/http/HttpConnection <clinit> ()V 41 <appendix> argL0 ; # jdk/internal/net/http/HttpConnection$$Lambda+0x0000023d272a79a0
instanceKlass  @bci java/util/Comparator comparing (Ljava/util/function/Function;)Ljava/util/Comparator; 6 <appendix> member <vmtarget> ; # java/util/Comparator$$Lambda+0x0000023d272d2180
instanceKlass  @cpi jdk/internal/net/http/Http1Request 489 form vmentry <vmtarget> ; # java/lang/invoke/LambdaForm$DMH+0x0000023d272a4800
instanceKlass  @bci jdk/internal/net/http/HttpConnection <clinit> ()V 30 <appendix> argL0 ; # jdk/internal/net/http/HttpConnection$$Lambda+0x0000023d272a7770
instanceKlass  @cpi jdk/internal/net/http/common/HttpBodySubscriberWrapper 227 form vmentry <vmtarget> ; # java/lang/invoke/LambdaForm$DMH+0x0000023d272a4400
instanceKlass  @bci jdk/internal/net/http/HttpConnection <clinit> ()V 16 <appendix> argL0 ; # jdk/internal/net/http/HttpConnection$$Lambda+0x0000023d272a7560
instanceKlass jdk/internal/net/http/HttpClientImpl$SSLDirectBufferSupplier
instanceKlass  @bci jdk/internal/net/http/HttpClientImpl <init> (Ljdk/internal/net/http/HttpClientBuilderImpl;Ljdk/internal/net/http/HttpClientImpl$SingleFacadeFactory;)V 38 <appendix> member <vmtarget> ; # jdk/internal/net/http/HttpClientImpl$$Lambda+0x0000023d272a6218
instanceKlass  @bci jdk/internal/net/http/HttpClientImpl <init> (Ljdk/internal/net/http/HttpClientBuilderImpl;Ljdk/internal/net/http/HttpClientImpl$SingleFacadeFactory;)V 22 <appendix> member <vmtarget> ; # jdk/internal/net/http/HttpClientImpl$$Lambda+0x0000023d272a6000
instanceKlass  @bci jdk/internal/net/http/common/DebugLogger <clinit> ()V 79 <appendix> member <vmtarget> ; # jdk/internal/net/http/common/DebugLogger$$Lambda+0x0000023d2729bd68
instanceKlass  @bci jdk/internal/net/http/common/DebugLogger <clinit> ()V 56 <appendix> member <vmtarget> ; # jdk/internal/net/http/common/DebugLogger$$Lambda+0x0000023d2729bb50
instanceKlass  @bci jdk/internal/net/http/common/DebugLogger$LoggerConfig equals (Ljava/lang/Object;)Z 2 <adapter> ; # java/lang/invoke/LambdaForm$MH+0x0000023d272a4000
# instanceKlass java/lang/invoke/LambdaForm$MH+0x0000023d272a3c00
instanceKlass  @bci jdk/internal/net/http/common/DebugLogger$LoggerConfig equals (Ljava/lang/Object;)Z 2 <appendix> form vmentry <vmtarget> ; # java/lang/invoke/LambdaForm$MH+0x0000023d272a3800
instanceKlass  @bci jdk/internal/net/http/common/DebugLogger$LoggerConfig equals (Ljava/lang/Object;)Z 2 <appendix> argL1 form vmentry <vmtarget> ; # java/lang/invoke/LambdaForm$MH+0x0000023d272a3400
instanceKlass  @bci jdk/internal/net/http/common/DebugLogger$LoggerConfig equals (Ljava/lang/Object;)Z 2 <appendix> form names 9 function resolvedHandle form vmentry <vmtarget> ; # java/lang/invoke/LambdaForm$MH+0x0000023d272a3000
instanceKlass  @cpi org/reactfx/util/SparseList 406 form vmentry <vmtarget> ; # java/lang/invoke/LambdaForm$DMH+0x0000023d272a2c00
# instanceKlass java/lang/invoke/LambdaForm$DMH+0x0000023d272a2800
instanceKlass java/lang/invoke/MethodHandleImpl$LoopClauses
instanceKlass java/lang/invoke/MethodHandleImpl$CasesHolder
# instanceKlass java/lang/invoke/LambdaForm$MH+0x0000023d272a2400
# instanceKlass java/lang/invoke/LambdaForm$MH+0x0000023d272a2000
# instanceKlass java/lang/invoke/LambdaForm$MH+0x0000023d272a1c00
instanceKlass  @bci jdk/internal/net/http/common/DebugLogger$LoggerConfig equals (Ljava/lang/Object;)Z 2 <appendix> form names 7 function resolvedHandle form vmentry <vmtarget> ; # java/lang/invoke/LambdaForm$DMH+0x0000023d272a1800
# instanceKlass java/lang/invoke/LambdaForm$MH+0x0000023d272a1400
# instanceKlass java/lang/invoke/LambdaForm$MH+0x0000023d272a1000
instanceKlass  @bci java/lang/runtime/ObjectMethods bootstrap (Ljava/lang/invoke/MethodHandles$Lookup;Ljava/lang/String;Ljava/lang/invoke/TypeDescriptor;Ljava/lang/Class;Ljava/lang/String;[Ljava/lang/invoke/MethodHandle;)Ljava/lang/Object; 37 <appendix> argL0 ; # java/lang/runtime/ObjectMethods$$Lambda+0x0000023d272d1bb8
instanceKlass java/lang/invoke/DirectMethodHandle$1
# instanceKlass java/lang/invoke/LambdaForm$DMH+0x0000023d272a0c00
# instanceKlass java/lang/invoke/LambdaForm$DMH+0x0000023d272a0800
# instanceKlass java/lang/invoke/LambdaForm$DMH+0x0000023d272a0400
# instanceKlass java/lang/invoke/LambdaForm$DMH+0x0000023d272a0000
# instanceKlass java/lang/invoke/LambdaForm$DMH+0x0000023d2729fc00
# instanceKlass java/lang/invoke/LambdaForm$DMH+0x0000023d2729f800
# instanceKlass java/lang/invoke/LambdaForm$DMH+0x0000023d2729f400
# instanceKlass java/lang/invoke/LambdaForm$DMH+0x0000023d2729f000
# instanceKlass java/lang/invoke/LambdaForm$DMH+0x0000023d2729ec00
# instanceKlass java/lang/invoke/LambdaForm$DMH+0x0000023d2729e800
# instanceKlass java/lang/invoke/LambdaForm$DMH+0x0000023d2729e400
instanceKlass  @cpi org/fxmisc/wellbehaved/event/EventPattern 193 form vmentry <vmtarget> ; # java/lang/invoke/LambdaForm$DMH+0x0000023d2729e000
instanceKlass java/lang/runtime/ObjectMethods$1
# instanceKlass java/lang/invoke/LambdaForm$MH+0x0000023d2729dc00
# instanceKlass java/lang/invoke/LambdaForm$MH+0x0000023d2729d800
# instanceKlass java/lang/invoke/LambdaForm$MH+0x0000023d2729d400
# instanceKlass java/lang/invoke/LambdaForm$MH+0x0000023d2729d000
# instanceKlass java/lang/invoke/LambdaForm$MH+0x0000023d2729cc00
# instanceKlass java/lang/invoke/LambdaForm$MH+0x0000023d2729c800
# instanceKlass java/lang/invoke/LambdaForm$MH+0x0000023d2729c400
instanceKlass  @cpi controller/ScanFromController/scanFormController 2267 form vmentry <vmtarget> ; # java/lang/invoke/LambdaForm$DMH+0x0000023d2729c000
instanceKlass  @cpi controller/ScanFromController/scanFormController 2282 form vmentry <vmtarget> ; # java/lang/invoke/LambdaForm$DMH+0x0000023d27299c00
instanceKlass java/lang/invoke/MethodHandleImpl$ArrayAccessor
# instanceKlass java/lang/invoke/LambdaForm$MH+0x0000023d27299800
# instanceKlass java/lang/invoke/LambdaForm$MH+0x0000023d27299400
instanceKlass java/lang/invoke/MethodHandleImpl$Makers$2
instanceKlass java/lang/invoke/MethodHandleImpl$Makers$1
instanceKlass java/lang/invoke/MethodHandleImpl$Makers
instanceKlass  @bci java/lang/invoke/BootstrapMethodInvoker invoke (Ljava/lang/Class;Ljava/lang/invoke/MethodHandle;Ljava/lang/String;Ljava/lang/Object;Ljava/lang/Object;Ljava/lang/Class;)Ljava/lang/Object; 894 <adapter> ; # java/lang/invoke/LambdaForm$MH+0x0000023d27299000
# instanceKlass java/lang/invoke/LambdaForm$DMH+0x0000023d27298c00
instanceKlass java/lang/runtime/ObjectMethods
instanceKlass  @bci jdk/internal/net/http/common/DebugLogger <clinit> ()V 33 <appendix> member <vmtarget> ; # jdk/internal/net/http/common/DebugLogger$$Lambda+0x0000023d2729b938
instanceKlass jdk/internal/net/http/common/DebugLogger
instanceKlass  @bci jdk/internal/net/http/HttpClientImpl <init> (Ljdk/internal/net/http/HttpClientBuilderImpl;Ljdk/internal/net/http/HttpClientImpl$SingleFacadeFactory;)V 6 <appendix> member <vmtarget> ; # jdk/internal/net/http/HttpClientImpl$$Lambda+0x0000023d2729b3f8
instanceKlass jdk/internal/net/http/HttpClientImpl$SingleFacadeFactory
instanceKlass java/util/concurrent/ForkJoinTask
instanceKlass java/util/concurrent/CompletableFuture$AsynchronousCompletionTask
instanceKlass java/util/concurrent/CompletableFuture$AltResult
instanceKlass java/util/concurrent/CompletableFuture
instanceKlass java/util/concurrent/CompletionStage
instanceKlass  @bci jdk/internal/net/http/common/Utils <clinit> ()V 331 <appendix> argL0 ; # jdk/internal/net/http/common/Utils$$Lambda+0x0000023d2729afb8
instanceKlass  @bci jdk/internal/net/http/common/Utils <clinit> ()V 323 <appendix> argL0 ; # jdk/internal/net/http/common/Utils$$Lambda+0x0000023d2729ad78
instanceKlass  @bci jdk/internal/net/http/common/Utils <clinit> ()V 315 <appendix> argL0 ; # jdk/internal/net/http/common/Utils$$Lambda+0x0000023d2729ab38
instanceKlass  @bci java/util/stream/Collectors toUnmodifiableSet ()Ljava/util/stream/Collector; 19 <appendix> argL0 ; # java/util/stream/Collectors$$Lambda+0x0000023d272cf6b8
instanceKlass  @bci java/util/stream/Collectors toUnmodifiableSet ()Ljava/util/stream/Collector; 14 <appendix> argL0 ; # java/util/stream/Collectors$$Lambda+0x0000023d272cf480
instanceKlass  @bci java/util/stream/Collectors toUnmodifiableSet ()Ljava/util/stream/Collector; 9 <appendix> argL0 ; # java/util/stream/Collectors$$Lambda+0x0000023d272cf260
instanceKlass  @bci java/util/stream/Collectors toUnmodifiableSet ()Ljava/util/stream/Collector; 4 <appendix> argL0 ; # java/util/stream/Collectors$$Lambda+0x0000023d272cf050
instanceKlass  @bci jdk/internal/net/http/common/Utils <clinit> ()V 291 <appendix> argL0 ; # jdk/internal/net/http/common/Utils$$Lambda+0x0000023d2729a8f8
instanceKlass  @bci jdk/internal/net/http/common/Utils <clinit> ()V 281 <appendix> argL0 ; # jdk/internal/net/http/common/Utils$$Lambda+0x0000023d2729a6c8
instanceKlass  @bci jdk/internal/net/http/common/Utils <clinit> ()V 187 <appendix> argL0 ; # jdk/internal/net/http/common/Utils$$Lambda+0x0000023d2729a488
instanceKlass  @bci java/util/function/Predicate negate ()Ljava/util/function/Predicate; 1 <appendix> member <vmtarget> ; # java/util/function/Predicate$$Lambda+0x0000023d272cee08
instanceKlass  @cpi java/util/function/Predicate 75 form vmentry <vmtarget> ; # java/lang/invoke/LambdaForm$DMH+0x0000023d27298800
instanceKlass  @bci jdk/internal/net/http/common/Utils <clinit> ()V 168 <appendix> argL0 ; # jdk/internal/net/http/common/Utils$$Lambda+0x0000023d2729a248
instanceKlass  @bci jdk/internal/net/http/common/Utils <clinit> ()V 160 <appendix> member <vmtarget> ; # jdk/internal/net/http/common/Utils$$Lambda+0x0000023d2729a000
instanceKlass  @bci jdk/internal/net/http/common/Utils <clinit> ()V 150 <appendix> argL0 ; # jdk/internal/net/http/common/Utils$$Lambda+0x0000023d27297bf8
instanceKlass  @bci jdk/internal/net/http/common/Utils <clinit> ()V 142 <appendix> argL0 ; # jdk/internal/net/http/common/Utils$$Lambda+0x0000023d272979b8
instanceKlass  @bci jdk/internal/net/http/common/Utils <clinit> ()V 134 <appendix> argL0 ; # jdk/internal/net/http/common/Utils$$Lambda+0x0000023d27297778
instanceKlass  @bci jdk/internal/net/http/common/Utils getNetProperty (Ljava/lang/String;)Ljava/lang/String; 1 <appendix> member <vmtarget> ; # jdk/internal/net/http/common/Utils$$Lambda+0x0000023d27297560
instanceKlass  @bci jdk/internal/net/http/common/Utils <clinit> ()V 120 <appendix> argL0 ; # jdk/internal/net/http/common/Utils$$Lambda+0x0000023d27297320
instanceKlass java/util/function/BiPredicate
instanceKlass  @bci jdk/internal/net/http/common/Utils getIntegerNetProperty (Ljava/lang/String;I)I 2 <appendix> member <vmtarget> ; # jdk/internal/net/http/common/Utils$$Lambda+0x0000023d27297108
instanceKlass  @cpi jdk/internal/net/http/common/Utils 1285 form vmentry <vmtarget> ; # java/lang/invoke/LambdaForm$DMH+0x0000023d27298400
instanceKlass  @cpi jdk/internal/net/http/common/Utils 1301 form vmentry <vmtarget> ; # java/lang/invoke/LambdaForm$DMH+0x0000023d27298000
instanceKlass  @bci jdk/internal/net/http/common/Utils getProperty (Ljava/lang/String;)Ljava/lang/String; 1 <appendix> member <vmtarget> ; # jdk/internal/net/http/common/Utils$$Lambda+0x0000023d27296ef0
instanceKlass  @bci jdk/internal/net/http/common/Utils getLoggerConfig (Ljava/lang/String;Ljdk/internal/net/http/common/DebugLogger$LoggerConfig;)Ljdk/internal/net/http/common/DebugLogger$LoggerConfig; 1 <appendix> member <vmtarget> ; # jdk/internal/net/http/common/Utils$$Lambda+0x0000023d27296cd8
instanceKlass javax/net/ssl/SSLSession
instanceKlass jdk/internal/net/http/common/Logger
instanceKlass jdk/internal/net/http/common/Utils
instanceKlass jdk/internal/net/http/common/BufferSupplier
instanceKlass jdk/internal/net/http/HttpConnection
instanceKlass jdk/internal/net/http/websocket/WebSocketRequest
instanceKlass java/net/http/HttpRequest
instanceKlass java/net/http/WebSocket$Builder
instanceKlass jdk/internal/net/http/common/OperationTrackers$Tracker
instanceKlass sun/net/NetProperties$1
instanceKlass sun/net/NetProperties
instanceKlass sun/net/spi/DefaultProxySelector$1
instanceKlass java/net/Proxy
instanceKlass java/net/ProxySelector
instanceKlass jdk/internal/net/http/common/OperationTrackers$Trackable
instanceKlass jdk/internal/net/http/HttpClientBuilderImpl
instanceKlass java/net/http/HttpClient$Builder
instanceKlass java/net/http/HttpClient
instanceKlass controller/HistoryController/HistoryService
instanceKlass org/apache/pdfbox/pdmodel/font/PDVectorFont
instanceKlass org/apache/pdfbox/pdmodel/font/PDFont
instanceKlass org/apache/pdfbox/pdmodel/font/PDFontLike
instanceKlass org/apache/pdfbox/pdmodel/common/COSObjectable
instanceKlass org/fxmisc/flowless/Virtualized
instanceKlass org/fxmisc/richtext/model/TwoDimensional
instanceKlass org/fxmisc/richtext/ViewActions
instanceKlass org/fxmisc/richtext/UndoActions
instanceKlass org/fxmisc/richtext/StyleActions
instanceKlass org/fxmisc/richtext/NavigationActions
instanceKlass org/fxmisc/richtext/ClipboardActions
instanceKlass org/fxmisc/richtext/EditActions
instanceKlass org/fxmisc/richtext/TextEditingArea
instanceKlass controller/ScanFromController/scanFormController
instanceKlass controller/ScanFromController/scanService
instanceKlass com/jfoenix/controls/base/IFXLabelFloatControl
instanceKlass com/jfoenix/controls/base/IFXStaticControl
instanceKlass com/jfoenix/controls/base/IFXValidatableControl
instanceKlass util/SharedContext
instanceKlass sun/java2d/loops/GraphicsPrimitive$GeneralBinaryOp
instanceKlass com/sun/imageio/plugins/png/PNGImageDataEnumeration
instanceKlass javax/imageio/IIOParam
instanceKlass javax/imageio/metadata/IIOMetadata
instanceKlass javax/imageio/ImageIO$ImageReaderIterator
instanceKlass com/sun/imageio/plugins/common/ReaderUtil
instanceKlass javax/imageio/spi/FilterIterator
instanceKlass javax/imageio/ImageIO$CanDecodeInputFilter
instanceKlass javax/imageio/spi/ServiceRegistry$Filter
instanceKlass com/sun/imageio/stream/CloseableDisposerRecord
instanceKlass javax/imageio/stream/ImageInputStreamImpl
instanceKlass javax/imageio/ImageIO$CacheInfo
instanceKlass javax/imageio/spi/PartialOrderIterator
instanceKlass javax/imageio/ImageTypeSpecifier
instanceKlass javax/imageio/ImageWriter
instanceKlass javax/imageio/ImageTranscoder
instanceKlass javax/imageio/metadata/IIOMetadataFormat
instanceKlass javax/imageio/ImageReader
instanceKlass javax/imageio/spi/IIORegistry$1
instanceKlass com/sun/imageio/plugins/jpeg/JPEG
instanceKlass javax/imageio/stream/ImageOutputStream
instanceKlass javax/imageio/spi/DigraphNode
instanceKlass javax/imageio/stream/ImageInputStream
instanceKlass javax/imageio/spi/SubRegistry
instanceKlass sun/awt/PostEventQueue
instanceKlass sun/awt/MostRecentKeyValue
instanceKlass java/awt/Queue
instanceKlass java/awt/EventQueue$3
instanceKlass java/awt/EventQueue$2
instanceKlass sun/awt/AWTAccessor$EventQueueAccessor
instanceKlass java/awt/EventQueue$1
instanceKlass java/awt/EventQueue
instanceKlass sun/awt/AppContext$1
instanceKlass sun/awt/AppContext$2
instanceKlass sun/awt/AppContext$3
instanceKlass javax/imageio/spi/IIOServiceProvider
instanceKlass javax/imageio/spi/RegisterableService
instanceKlass javax/imageio/spi/ServiceRegistry
instanceKlass javax/imageio/ImageIO
instanceKlass com/sun/glass/ui/CommonDialogs$FileChooserResult
instanceKlass com/sun/glass/ui/win/WinCommonDialogs
instanceKlass com/sun/glass/ui/CommonDialogs
instanceKlass com/sun/glass/ui/CommonDialogs$ExtensionFilter
instanceKlass javafx/stage/FileChooser$ExtensionFilter
instanceKlass javafx/stage/FileChooser
instanceKlass  @bci controller/DashboardController/dashboardFormController handleBrowse ()V 16 <appendix> member <vmtarget> ; # controller/DashboardController/dashboardFormController$$Lambda+0x0000023d27281fc0
instanceKlass  @bci com/sun/javafx/tk/quantum/WindowStage close ()V 5 <appendix> member <vmtarget> ; # com/sun/javafx/tk/quantum/WindowStage$$Lambda+0x0000023d27281da8
instanceKlass  @bci com/sun/javafx/tk/quantum/ViewScene dispose ()V 8 <appendix> member <vmtarget> ; # com/sun/javafx/tk/quantum/ViewScene$$Lambda+0x0000023d27281b90
instanceKlass  @bci com/sun/javafx/tk/quantum/WindowStage setScene (Lcom/sun/javafx/tk/TKScene;)V 64 <appendix> member <vmtarget> ; # com/sun/javafx/tk/quantum/WindowStage$$Lambda+0x0000023d27281978
instanceKlass java/util/IdentityHashMap$IdentityHashMapIterator
instanceKlass sun/awt/AppContext$6
instanceKlass jdk/internal/access/JavaAWTAccess
instanceKlass sun/awt/AppContext$GetAppContextLock
instanceKlass sun/awt/AppContext
instanceKlass  @bci com/sun/javafx/tk/quantum/SceneState uploadPixels (Lcom/sun/prism/PixelSource;)V 2 <appendix> member <vmtarget> ; # com/sun/javafx/tk/quantum/SceneState$$Lambda+0x0000023d27281760
instanceKlass com/sun/javafx/sg/prism/NGCanvas$RenderBuf
instanceKlass com/sun/javafx/FXPermissions
instanceKlass com/sun/glass/ui/Window$TrackingRectangle
instanceKlass com/sun/glass/ui/Window$UndecoratedMoveResizeHelper
instanceKlass com/sun/prism/impl/QueuedPixelSource
instanceKlass com/sun/prism/PixelSource
instanceKlass  @bci util/CaptureUtils lambda$takeScreenshot$6 (Ljava/awt/image/BufferedImage;Ljava/awt/Rectangle;Ljava/util/function/Consumer;)V 284 <appendix> member <vmtarget> ; # util/CaptureUtils$$Lambda+0x0000023d2725bdb8
instanceKlass  @bci util/CaptureUtils lambda$takeScreenshot$6 (Ljava/awt/image/BufferedImage;Ljava/awt/Rectangle;Ljava/util/function/Consumer;)V 272 <appendix> member <vmtarget> ; # util/CaptureUtils$$Lambda+0x0000023d2725bba0
instanceKlass  @cpi java/net/http/HttpHeaders 301 form vmentry <vmtarget> ; # java/lang/invoke/LambdaForm$DMH+0x0000023d27259400
instanceKlass  @bci util/CaptureUtils lambda$takeScreenshot$6 (Ljava/awt/image/BufferedImage;Ljava/awt/Rectangle;Ljava/util/function/Consumer;)V 254 <appendix> member <vmtarget> ; # util/CaptureUtils$$Lambda+0x0000023d2725b988
instanceKlass  @bci util/CaptureUtils lambda$takeScreenshot$6 (Ljava/awt/image/BufferedImage;Ljava/awt/Rectangle;Ljava/util/function/Consumer;)V 236 <appendix> member <vmtarget> ; # util/CaptureUtils$$Lambda+0x0000023d2725b770
instanceKlass com/sun/javafx/sg/prism/GrowableDataBuffer$WeakLink
instanceKlass com/sun/javafx/sg/prism/GrowableDataBuffer
instanceKlass javafx/scene/canvas/GraphicsContext$State
instanceKlass javafx/scene/canvas/GraphicsContext
instanceKlass javafx/scene/canvas/Canvas$1
instanceKlass com/sun/javafx/scene/canvas/CanvasHelper$CanvasAccessor
instanceKlass com/sun/javafx/image/impl/BaseIntToByteConverter
instanceKlass com/sun/javafx/image/impl/IntArgb$Accessor
instanceKlass com/sun/javafx/image/impl/IntArgb
instanceKlass com/sun/javafx/image/impl/IntArgbPre$Accessor
instanceKlass com/sun/javafx/image/IntPixelAccessor
instanceKlass com/sun/javafx/image/IntToBytePixelConverter
instanceKlass com/sun/javafx/image/IntPixelSetter
instanceKlass com/sun/javafx/image/IntPixelGetter
instanceKlass com/sun/javafx/image/impl/IntArgbPre
instanceKlass com/sun/javafx/image/PixelUtils$1
instanceKlass com/sun/javafx/image/PixelUtils
instanceKlass javafx/scene/image/WritableImage$2
instanceKlass com/sun/javafx/tk/quantum/QuantumToolkit$QuantumImage
instanceKlass javafx/scene/image/WritableImage$1
instanceKlass javafx/scene/image/PixelWriter
instanceKlass com/sun/javafx/tk/Toolkit$WritableImageAccessor
instanceKlass java/awt/image/MultiResolutionImage
instanceKlass sun/java2d/loops/GraphicsPrimitiveMgr$PrimitiveSpec
instanceKlass sun/java2d/loops/GraphicsPrimitiveMgr$2
instanceKlass sun/java2d/loops/GraphicsPrimitiveMgr$1
instanceKlass sun/java2d/loops/GeneralRenderer
instanceKlass sun/java2d/loops/CustomComponent
instanceKlass sun/awt/SunHints$Value
instanceKlass java/awt/RenderingHints$Key
instanceKlass sun/java2d/pipe/ValidatePipe
instanceKlass java/awt/BasicStroke
instanceKlass java/awt/Stroke
instanceKlass sun/java2d/loops/GraphicsPrimitiveMgr$GeneralPrimitives
instanceKlass sun/awt/SunHints
instanceKlass java/awt/geom/Path2D
instanceKlass java/awt/AlphaComposite
instanceKlass sun/java2d/loops/XORComposite
instanceKlass java/awt/Color
instanceKlass java/awt/Paint
instanceKlass java/awt/Graphics
instanceKlass sun/awt/ConstrainableGraphics
instanceKlass sun/java2d/loops/GraphicsPrimitiveMgr
instanceKlass sun/java2d/loops/GraphicsPrimitive
instanceKlass sun/java2d/loops/CompositeType
instanceKlass sun/java2d/DefaultDisposerRecord
instanceKlass sun/java2d/loops/RenderLoops
instanceKlass sun/awt/image/BufImgSurfaceData$ICMColorData
instanceKlass java/awt/Composite
instanceKlass javafx/embed/swing/SwingFXUtils
instanceKlass  @bci util/CaptureUtils lambda$takeScreenshot$7 (Ljava/util/function/Consumer;)V 37 <appendix> member <vmtarget> ; # util/CaptureUtils$$Lambda+0x0000023d27257780
instanceKlass java/awt/image/BufferedImage$1
instanceKlass java/awt/image/WritableRenderedImage
instanceKlass sun/awt/image/NativeLibLoader$1
instanceKlass sun/awt/image/NativeLibLoader
instanceKlass java/awt/image/SampleModel
instanceKlass java/awt/geom/Point2D
instanceKlass java/awt/image/Raster
instanceKlass java/awt/image/DataBuffer$1
instanceKlass sun/awt/image/SunWritableRaster$DataStealer
instanceKlass java/awt/image/DataBuffer
instanceKlass  @bci sun/java2d/d3d/D3DScreenUpdateManager lambda$new$1 ()Ljava/lang/Void; 1 <appendix> member <vmtarget> ; # sun/java2d/d3d/D3DScreenUpdateManager$$Lambda+0x0000023d272704b8
instanceKlass  @bci sun/java2d/d3d/D3DScreenUpdateManager <init> ()V 21 <appendix> member <vmtarget> ; # sun/java2d/d3d/D3DScreenUpdateManager$$Lambda+0x0000023d272702a0
instanceKlass sun/java2d/ScreenUpdateManager
instanceKlass java/awt/geom/Dimension2D
instanceKlass java/awt/GraphicsConfiguration
instanceKlass sun/awt/image/SurfaceManager$ProxiedGraphicsConfig
instanceKlass sun/java2d/pipe/hw/AccelGraphicsConfig
instanceKlass sun/java2d/pipe/hw/BufferedContextProvider
instanceKlass java/awt/geom/RectangularShape
instanceKlass java/awt/Shape
instanceKlass sun/awt/windows/WRobotPeer
instanceKlass java/awt/peer/RobotPeer
instanceKlass sun/java2d/pipe/BufferedContext
instanceKlass sun/java2d/pipe/hw/ContextCapabilities
instanceKlass sun/java2d/d3d/D3DGraphicsDevice$1
instanceKlass sun/java2d/d3d/D3DGraphicsDevice$1Result
instanceKlass sun/java2d/d3d/D3DRenderQueue$1
instanceKlass sun/java2d/pipe/RenderBuffer
instanceKlass sun/java2d/pipe/RenderQueue
instanceKlass  @bci sun/awt/windows/WToolkit <init> ()V 142 <appendix> argL0 ; # sun/awt/windows/WToolkit$$Lambda+0x0000023d2726bef0
instanceKlass  @bci sun/awt/windows/WToolkit lambda$registerShutdownHook$2 ()Ljava/lang/Void; 8 <appendix> member <vmtarget> ; # sun/awt/windows/WToolkit$$Lambda+0x0000023d2726bcd8
instanceKlass  @bci sun/awt/windows/WToolkit registerShutdownHook ()V 1 <appendix> member <vmtarget> ; # sun/awt/windows/WToolkit$$Lambda+0x0000023d2726bac0
instanceKlass  @bci sun/awt/windows/WToolkit run ()V 0 <appendix> argL0 ; # sun/awt/windows/WToolkit$$Lambda+0x0000023d2726b8b0
instanceKlass  @bci sun/awt/windows/WToolkit <init> ()V 93 <appendix> member <vmtarget> ; # sun/awt/windows/WToolkit$$Lambda+0x0000023d2726b698
instanceKlass  @bci sun/awt/windows/WToolkit <init> ()V 68 <appendix> argL0 ; # sun/awt/windows/WToolkit$$Lambda+0x0000023d2726b488
instanceKlass  @bci sun/awt/AWTAutoShutdown activateBlockerThread ()V 1 <appendix> member <vmtarget> ; # sun/awt/AWTAutoShutdown$$Lambda+0x0000023d2726b270
instanceKlass sun/awt/AWTAutoShutdown
instanceKlass java/util/concurrent/ConcurrentLinkedDeque$Node
instanceKlass sun/awt/util/ThreadGroupUtils
instanceKlass  @bci sun/java2d/Disposer <clinit> ()V 104 <appendix> argL0 ; # sun/java2d/Disposer$$Lambda+0x0000023d2726a370
instanceKlass sun/java2d/Disposer$1
instanceKlass sun/java2d/Disposer
instanceKlass sun/awt/windows/WToolkit$ToolkitDisposer
instanceKlass sun/java2d/DisposerRecord
instanceKlass sun/awt/util/PerformanceLogger$TimeData
instanceKlass sun/awt/util/PerformanceLogger
instanceKlass sun/awt/SunToolkit$ModalityListenerList
instanceKlass sun/awt/ModalityListener
instanceKlass java/beans/PropertyChangeListener
instanceKlass java/beans/ChangeListenerMap
instanceKlass java/beans/PropertyChangeSupport
instanceKlass java/awt/GraphicsDevice
instanceKlass sun/awt/SunDisplayChanger
instanceKlass sun/java2d/SurfaceManagerFactory
instanceKlass sun/java2d/windows/WindowsFlags$1
instanceKlass sun/java2d/windows/WindowsFlags
instanceKlass javax/swing/event/EventListenerList
instanceKlass sun/awt/windows/WDesktopPeer
instanceKlass java/awt/peer/DesktopPeer
instanceKlass java/awt/Component$DummyRequestFocusController
instanceKlass sun/awt/RequestFocusController
instanceKlass java/awt/Component$1
instanceKlass sun/awt/AWTAccessor$ComponentAccessor
instanceKlass java/awt/font/JavaAWTFontAccessImpl
instanceKlass jdk/internal/access/JavaAWTFontAccess
instanceKlass java/text/AttributedCharacterIterator$Attribute
instanceKlass sun/font/AttributeValues
instanceKlass java/awt/geom/AffineTransform
instanceKlass sun/font/FontAccess
instanceKlass java/awt/Font
instanceKlass sun/awt/windows/WObjectPeer
instanceKlass java/awt/dnd/peer/DropTargetPeer
instanceKlass java/awt/peer/ComponentPeer
instanceKlass java/awt/event/InputEvent$1
instanceKlass sun/awt/AWTAccessor$InputEventAccessor
instanceKlass java/awt/event/NativeLibLoader$1
instanceKlass java/awt/event/NativeLibLoader
instanceKlass java/awt/AWTEvent$1
instanceKlass sun/awt/AWTAccessor$AWTEventAccessor
instanceKlass java/awt/Component$AWTTreeLock
instanceKlass java/awt/Component
instanceKlass java/awt/MenuContainer
instanceKlass java/awt/image/ImageObserver
instanceKlass sun/awt/image/SurfaceManager
instanceKlass sun/awt/image/SurfaceManager$ImageAccessor
instanceKlass java/awt/ImageCapabilities
instanceKlass java/awt/Image
instanceKlass sun/java2d/DestSurfaceProvider
instanceKlass sun/java2d/loops/RenderCache$Entry
instanceKlass sun/java2d/loops/RenderCache
instanceKlass sun/java2d/pipe/DrawImage
instanceKlass sun/java2d/pipe/GeneralCompositePipe
instanceKlass sun/java2d/pipe/SpanShapeRenderer
instanceKlass sun/java2d/pipe/AlphaPaintPipe
instanceKlass sun/java2d/pipe/AAShapePipe
instanceKlass sun/java2d/pipe/RegionIterator
instanceKlass sun/java2d/pipe/Region
instanceKlass sun/java2d/pipe/SpanClipRenderer
instanceKlass sun/java2d/pipe/PixelToShapeConverter
instanceKlass sun/java2d/pipe/AlphaColorPipe
instanceKlass sun/java2d/pipe/CompositePipe
instanceKlass  @bci sun/awt/OSInfo$WindowsVersion toString ()Ljava/lang/String; 8 <appendix> form vmentry <vmtarget> ; # java/lang/invoke/LambdaForm$MH+0x0000023d27259000
instanceKlass  @bci sun/awt/OSInfo$WindowsVersion toString ()Ljava/lang/String; 8 <appendix> argL3 form vmentry <vmtarget> ; # java/lang/invoke/LambdaForm$MH+0x0000023d27258c00
# instanceKlass java/lang/invoke/LambdaForm$MH+0x0000023d27258800
# instanceKlass java/lang/invoke/LambdaForm$MH+0x0000023d27258400
# instanceKlass java/lang/invoke/LambdaForm$MH+0x0000023d27258000
# instanceKlass java/lang/invoke/LambdaForm$MH+0x0000023d27255c00
instanceKlass  @bci sun/awt/OSInfo$WindowsVersion toString ()Ljava/lang/String; 8 <appendix> argL1 form vmentry <vmtarget> ; # java/lang/invoke/LambdaForm$MH+0x0000023d27255800
# instanceKlass java/lang/invoke/LambdaForm$MH+0x0000023d27255400
# instanceKlass java/lang/invoke/LambdaForm$MH+0x0000023d27255000
# instanceKlass java/lang/invoke/LambdaForm$MH+0x0000023d27254c00
instanceKlass sun/awt/OSInfo$1
instanceKlass sun/awt/OSInfo$WindowsVersion
instanceKlass sun/awt/OSInfo
instanceKlass sun/font/FontUtilities$1
instanceKlass sun/font/FontUtilities
instanceKlass sun/java2d/pipe/GlyphListPipe
instanceKlass sun/java2d/pipe/OutlineTextRenderer
instanceKlass sun/java2d/ReentrantContextProvider
instanceKlass sun/java2d/marlin/FloatMath
instanceKlass sun/java2d/marlin/MarlinProperties
instanceKlass sun/java2d/marlin/MarlinConst
instanceKlass sun/java2d/pipe/RenderingEngine
instanceKlass sun/java2d/pipe/LoopPipe
instanceKlass sun/java2d/pipe/LoopBasedPipe
instanceKlass sun/java2d/pipe/ParallelogramPipe
instanceKlass sun/java2d/pipe/NullPipe
instanceKlass sun/java2d/pipe/DrawImagePipe
instanceKlass sun/java2d/pipe/TextPipe
instanceKlass sun/java2d/pipe/ShapeDrawPipe
instanceKlass sun/java2d/pipe/PixelFillPipe
instanceKlass sun/java2d/pipe/PixelDrawPipe
instanceKlass sun/java2d/StateTrackableDelegate$2
instanceKlass sun/java2d/StateTrackableDelegate
instanceKlass sun/java2d/cmm/ProfileDeferralInfo
instanceKlass java/awt/color/ICC_Profile$BuiltInProfile
instanceKlass  @bci java/awt/color/ICC_Profile <clinit> ()V 0 <appendix> argL0 ; # java/awt/color/ICC_Profile$$Lambda+0x0000023d27177320
instanceKlass sun/java2d/cmm/Profile
instanceKlass sun/awt/AWTAccessor$ICC_ProfileAccessor
instanceKlass java/awt/color/ICC_Profile
instanceKlass java/awt/color/ColorSpace$BuiltInSpace
instanceKlass java/awt/color/ColorSpace
instanceKlass java/awt/image/ColorModel$1RGBdefault
instanceKlass java/awt/image/ColorModel$1
instanceKlass java/awt/image/ColorModel
instanceKlass sun/awt/image/PixelConverter
instanceKlass sun/java2d/loops/SurfaceType
instanceKlass sun/java2d/SurfaceData
instanceKlass sun/java2d/Surface
instanceKlass sun/java2d/StateTrackable
instanceKlass sun/java2d/DisposerTarget
instanceKlass java/awt/Transparency
instanceKlass sun/awt/windows/WToolkit$1
instanceKlass sun/awt/WeakIdentityHashMap
instanceKlass java/awt/Insets
instanceKlass java/awt/Toolkit$1
instanceKlass java/awt/Toolkit$2
instanceKlass java/awt/Toolkit$4
instanceKlass sun/awt/AWTAccessor
instanceKlass java/awt/Toolkit$3
instanceKlass sun/awt/AWTAccessor$ToolkitAccessor
instanceKlass java/awt/Toolkit
instanceKlass sun/awt/KeyboardFocusManagerPeerProvider
instanceKlass sun/awt/InputMethodSupport
instanceKlass sun/awt/ComponentFactory
instanceKlass sun/awt/DisplayChangedListener
instanceKlass java/awt/GraphicsEnvironment$LocalGE
instanceKlass sun/awt/PlatformGraphicsInfo
instanceKlass  @bci java/awt/GraphicsEnvironment getHeadlessProperty ()Z 6 <appendix> argL0 ; # java/awt/GraphicsEnvironment$$Lambda+0x0000023d2716e218
instanceKlass java/awt/GraphicsEnvironment
instanceKlass java/awt/Robot
instanceKlass  @bci com/jfoenix/controls/JFXRippler$RippleGenerator releaseRipple ()V 76 <appendix> member <vmtarget> ; # com/jfoenix/controls/JFXRippler$RippleGenerator$$Lambda+0x0000023d27257568
instanceKlass  @bci util/CaptureUtils takeScreenshot (Ljava/util/function/Consumer;)V 5 <appendix> member <vmtarget> ; # util/CaptureUtils$$Lambda+0x0000023d27257350
instanceKlass java/awt/image/RenderedImage
instanceKlass javafx/animation/AnimationTimer
instanceKlass util/CaptureUtils
instanceKlass  @bci controller/DashboardController/dashboardFormController handleScreenshot ()V 1 <appendix> member <vmtarget> ; # controller/DashboardController/dashboardFormController$$Lambda+0x0000023d27256b00
# instanceKlass java/lang/invoke/LambdaForm$MH+0x0000023d27254800
# instanceKlass java/lang/invoke/LambdaForm$MH+0x0000023d27254400
instanceKlass com/sun/prism/shader/DrawCircle_Color_Loader
instanceKlass com/sun/prism/shader/FillCircle_Color_Loader
instanceKlass javafx/scene/shape/Circle$1
instanceKlass com/sun/javafx/scene/shape/CircleHelper$CircleAccessor
# instanceKlass java/lang/invoke/LambdaForm$MH+0x0000023d27254000
instanceKlass  @bci javafx/scene/Scene$ClickCounter start (DD)V 67 <appendix> member <vmtarget> ; # javafx/scene/Scene$ClickCounter$$Lambda+0x0000023d27250ce8
instanceKlass com/sun/javafx/tk/TKDragSourceListener
instanceKlass javafx/scene/Scene$DnDGesture
instanceKlass com/sun/glass/ui/win/WinClipboardDelegate
instanceKlass com/sun/glass/ui/Clipboard
instanceKlass com/sun/javafx/font/directwrite/DWRITE_MATRIX
instanceKlass  @bci java/util/stream/Collectors toList ()Ljava/util/stream/Collector; 14 <appendix> argL0 ; # java/util/stream/Collectors$$Lambda+0x0000023d2716d280
instanceKlass  @bci java/util/stream/Collectors toList ()Ljava/util/stream/Collector; 9 <appendix> argL0 ; # java/util/stream/Collectors$$Lambda+0x0000023d2716d060
instanceKlass  @bci java/util/stream/Collectors toList ()Ljava/util/stream/Collector; 4 <appendix> argL0 ; # java/util/stream/Collectors$$Lambda+0x0000023d2716ce50
instanceKlass  @bci com/sun/javafx/scene/control/inputmap/InputMap lookup (Ljavafx/event/Event;Z)Ljava/util/List; 82 <appendix> argL0 ; # com/sun/javafx/scene/control/inputmap/InputMap$$Lambda+0x0000023d2724bc88
instanceKlass  @bci javafx/scene/Node buildEventDispatchChain (Ljavafx/event/EventDispatchChain;)Ljavafx/event/EventDispatchChain; 9 <appendix> member <vmtarget> ; # javafx/scene/Node$$Lambda+0x0000023d2724ba70
instanceKlass java/util/EnumMap$EnumMapIterator
instanceKlass com/sun/javafx/scene/input/InputEventUtils
instanceKlass javafx/scene/input/PickResult
instanceKlass javafx/scene/input/MouseEvent$Flags
instanceKlass  @bci com/sun/javafx/tk/quantum/GlassViewEventHandler handleMouseEvent (Lcom/sun/glass/ui/View;JIIIIIIIZZ)V 98 <appendix> member <vmtarget> ; # com/sun/javafx/tk/quantum/GlassViewEventHandler$$Lambda+0x0000023d2724b260
instanceKlass com/sun/scenario/effect/impl/state/RenderState$3
instanceKlass com/sun/scenario/effect/impl/state/RenderState$2
instanceKlass com/sun/scenario/effect/impl/state/RenderState$1
instanceKlass com/sun/prism/shader/Solid_Color_Loader
instanceKlass com/sun/prism/impl/shape/BasicShapeRep
instanceKlass com/sun/javafx/geom/transform/TransformHelper
instanceKlass com/sun/prism/shader/DrawRoundRect_Color_Loader
instanceKlass com/sun/prism/shader/FillRoundRect_Color_Loader
instanceKlass  @bci com/sun/scenario/effect/impl/BufferUtil nativeOrder (Ljava/nio/ByteBuffer;)V 12 <appendix> argL0 ; # com/sun/scenario/effect/impl/BufferUtil$$Lambda+0x0000023d2724ebe0
instanceKlass com/sun/scenario/effect/impl/BufferUtil
# instanceKlass java/lang/invoke/LambdaForm$MH+0x0000023d27249000
# instanceKlass java/lang/invoke/LambdaForm$MH+0x0000023d27248c00
# instanceKlass java/lang/invoke/LambdaForm$MH+0x0000023d27248800
instanceKlass com/sun/scenario/effect/impl/state/BoxRenderState$1
instanceKlass com/sun/javafx/sg/prism/NodeEffectInput$1
instanceKlass java/lang/FdLibm$Hypot
instanceKlass  @bci com/sun/scenario/effect/impl/state/LinearConvolveRenderState <clinit> ()V 25 <appendix> member <vmtarget> ; # com/sun/scenario/effect/impl/state/LinearConvolveRenderState$$Lambda+0x0000023d2724ce50
instanceKlass  @cpi com/sun/scenario/effect/impl/state/LinearConvolveRenderState 173 form vmentry <vmtarget> ; # java/lang/invoke/LambdaForm$DMH+0x0000023d27248400
instanceKlass com/sun/scenario/effect/impl/prism/PrRenderInfo
instanceKlass com/sun/scenario/effect/ImageDataRenderer
instanceKlass com/sun/javafx/geom/transform/Affine2D$1
instanceKlass com/sun/scenario/effect/impl/prism/PrEffectHelper
instanceKlass com/sun/prism/impl/packrect/Level
instanceKlass com/sun/prism/impl/GlyphCache$GlyphData
# instanceKlass java/lang/invoke/LambdaForm$MH+0x0000023d27248000
# instanceKlass java/lang/invoke/LambdaForm$MH+0x0000023d27240c00
instanceKlass  @bci com/sun/prism/impl/BufferUtil nativeOrder (Ljava/nio/ByteBuffer;)V 12 <appendix> argL0 ; # com/sun/prism/impl/BufferUtil$$Lambda+0x0000023d27241c08
instanceKlass com/sun/prism/impl/BufferUtil
instanceKlass com/sun/prism/shader/Solid_TextureSecondPassLCD_Loader
instanceKlass com/sun/prism/shader/Solid_TextureFirstPassLCD_Loader
instanceKlass com/sun/prism/impl/packrect/RectanglePacker
instanceKlass com/sun/prism/impl/GlyphCache
instanceKlass com/sun/javafx/geom/transform/AffineBase$1
instanceKlass  @bci com/sun/scenario/effect/ImageData <clinit> ()V 0 <appendix> argL0 ; # com/sun/scenario/effect/ImageData$$Lambda+0x0000023d27243da0
instanceKlass com/sun/scenario/effect/impl/prism/ps/PPSRenderer$2
instanceKlass com/sun/scenario/effect/impl/prism/ps/PPSRenderer$1
instanceKlass  @bci com/sun/scenario/effect/impl/ImagePool <clinit> ()V 0 <appendix> argL0 ; # com/sun/scenario/effect/impl/ImagePool$$Lambda+0x0000023d27243278
instanceKlass com/sun/scenario/effect/impl/ImagePool
instanceKlass com/sun/scenario/effect/impl/hw/d3d/D3DShaderSource
instanceKlass com/sun/scenario/effect/impl/hw/ShaderSource
instanceKlass com/sun/scenario/effect/FloatMap
instanceKlass com/sun/scenario/effect/ImageData
instanceKlass com/sun/scenario/effect/impl/EffectPeer
instanceKlass com/sun/prism/ResourceFactoryListener
instanceKlass com/sun/prism/d3d/D3DPipeline$1
instanceKlass com/sun/scenario/effect/impl/prism/PrTexture
instanceKlass com/sun/scenario/effect/impl/PoolFilterable
instanceKlass  @bci com/sun/scenario/effect/impl/RendererFactory createRenderer (Lcom/sun/scenario/effect/FilterContext;)Lcom/sun/scenario/effect/impl/Renderer; 1 <appendix> member <vmtarget> ; # com/sun/scenario/effect/impl/RendererFactory$$Lambda+0x0000023d272460d0
instanceKlass com/sun/scenario/effect/impl/RendererFactory
instanceKlass  @bci com/sun/scenario/effect/impl/Renderer <clinit> ()V 11 <appendix> argL0 ; # com/sun/scenario/effect/impl/Renderer$$Lambda+0x0000023d27245cc8
instanceKlass com/sun/scenario/effect/impl/Renderer
instanceKlass java/lang/FdLibm
instanceKlass java/lang/FdLibm$Acos
instanceKlass com/sun/prism/PrinterGraphics
instanceKlass com/sun/javafx/image/impl/ByteGray$Accessor
instanceKlass com/sun/javafx/image/impl/ByteGray
instanceKlass com/sun/prism/shader/Texture_Color_Loader
instanceKlass com/sun/marlin/ArrayCacheConst
instanceKlass com/sun/marlin/MaskMarlinAlphaConsumer
instanceKlass com/sun/marlin/Helpers
instanceKlass com/sun/prism/impl/shape/DMarlinPrismUtils
instanceKlass com/sun/marlin/DPQSSorterContext
instanceKlass com/sun/marlin/Dasher$LengthIterator
instanceKlass com/sun/marlin/Dasher
instanceKlass com/sun/marlin/Stroker
instanceKlass com/sun/marlin/ArrayCacheIntClean$Reference
instanceKlass  @bci com/sun/marlin/OffHeapArray <init> (Ljava/lang/Object;J)V 52 <appendix> member <vmtarget> ; # com/sun/marlin/OffHeapArray$$Lambda+0x0000023d2723f7d0
instanceKlass com/sun/marlin/RendererContext$RendererSharedMemory
instanceKlass com/sun/marlin/ArrayCacheInt$Reference
instanceKlass com/sun/marlin/Helpers$IndexStack
instanceKlass com/sun/marlin/TransformingPathConsumer2D$PathClipFilter
instanceKlass com/sun/marlin/TransformingPathConsumer2D$StartFlagPathConsumer2D
instanceKlass com/sun/marlin/ArrayCacheByte$Reference
instanceKlass com/sun/marlin/ArrayCacheDouble$Reference
instanceKlass com/sun/marlin/Helpers$PolyStack
instanceKlass com/sun/marlin/TransformingPathConsumer2D$ClosedPathDetector
instanceKlass com/sun/marlin/TransformingPathConsumer2D$PathTracer
instanceKlass com/sun/marlin/TransformingPathConsumer2D$DeltaTransformFilter
instanceKlass com/sun/marlin/TransformingPathConsumer2D$DeltaScaleFilter
instanceKlass com/sun/marlin/TransformingPathConsumer2D$Path2DWrapper
instanceKlass com/sun/marlin/TransformingPathConsumer2D
instanceKlass com/sun/marlin/TransformingPathConsumer2D$CurveClipSplitter
instanceKlass com/sun/marlin/TransformingPathConsumer2D$CurveBasicMonotonizer
instanceKlass com/sun/marlin/ArrayCacheByte
instanceKlass com/sun/marlin/ArrayCacheDouble
instanceKlass com/sun/marlin/ArrayCacheInt
instanceKlass com/sun/marlin/ArrayCacheIntClean
instanceKlass com/sun/marlin/PathSimplifier
instanceKlass com/sun/marlin/CollinearSimplifier
instanceKlass com/sun/marlin/Curve
instanceKlass jdk/internal/math/DoubleToDecimal
instanceKlass  @bci com/sun/marlin/DMarlinRenderingEngine logSettings (Ljava/lang/String;)V 502 <appendix> form vmentry <vmtarget> ; # java/lang/invoke/LambdaForm$MH+0x0000023d27240800
# instanceKlass java/lang/invoke/LambdaForm$MH+0x0000023d27240400
instanceKlass sun/misc/Unsafe
instanceKlass com/sun/marlin/OffHeapArray$1
instanceKlass com/sun/marlin/OffHeapArray
instanceKlass com/sun/marlin/MergeSort
instanceKlass jdk/internal/math/MathUtils
instanceKlass jdk/internal/math/FloatToDecimal
instanceKlass  @bci com/sun/marlin/DMarlinRenderingEngine logSettings (Ljava/lang/String;)V 272 <appendix> form vmentry <vmtarget> ; # java/lang/invoke/LambdaForm$MH+0x0000023d27240000
instanceKlass  @bci com/sun/marlin/MarlinProperties getDouble (Ljava/lang/String;DDD)D 4 <appendix> member <vmtarget> ; # com/sun/marlin/MarlinProperties$$Lambda+0x0000023d2723bfa0
instanceKlass com/sun/marlin/Version
instanceKlass jdk/internal/ref/CleanerImpl$InnocuousThreadFactory
instanceKlass  @bci com/sun/marlin/MarlinProperties getString (Ljava/lang/String;Ljava/lang/String;)Ljava/lang/String; 2 <appendix> member <vmtarget> ; # com/sun/marlin/MarlinProperties$$Lambda+0x0000023d2723bb90
instanceKlass com/sun/marlin/FloatMath
instanceKlass  @bci com/sun/marlin/MarlinProperties getInteger (Ljava/lang/String;III)I 1 <appendix> member <vmtarget> ; # com/sun/marlin/MarlinProperties$$Lambda+0x0000023d2723b780
instanceKlass com/sun/marlin/MarlinUtils
instanceKlass com/sun/marlin/Renderer
instanceKlass com/sun/marlin/MarlinRenderer
instanceKlass com/sun/marlin/DPathConsumer2D
instanceKlass  @bci com/sun/marlin/DMarlinRenderingEngine <clinit> ()V 6 <appendix> argL0 ; # com/sun/marlin/DMarlinRenderingEngine$$Lambda+0x0000023d2723a8a8
instanceKlass com/sun/util/reentrant/ReentrantContext
instanceKlass com/sun/util/reentrant/ReentrantContextProvider
instanceKlass com/sun/marlin/DMarlinRenderingEngine
instanceKlass com/sun/marlin/MarlinConst
instanceKlass  @bci com/sun/marlin/MarlinProperties getBoolean (Ljava/lang/String;Ljava/lang/String;)Z 2 <appendix> member <vmtarget> ; # com/sun/marlin/MarlinProperties$$Lambda+0x0000023d27239420
instanceKlass com/sun/marlin/MarlinProperties
instanceKlass com/sun/prism/impl/shape/MaskData
instanceKlass com/sun/marlin/MarlinAlphaConsumer
instanceKlass com/sun/openpisces/AlphaConsumer
instanceKlass com/sun/prism/impl/shape/DMarlinRasterizer
instanceKlass com/sun/prism/impl/shape/ShapeUtil$1
instanceKlass com/sun/prism/impl/shape/ShapeRasterizer
instanceKlass com/sun/prism/impl/shape/ShapeUtil
instanceKlass com/sun/prism/shader/Solid_TextureRGB_Loader
instanceKlass com/sun/prism/impl/ps/BaseShaderContext$1
instanceKlass com/sun/prism/MultiTexture
instanceKlass com/sun/prism/d3d/D3DTexture$1
instanceKlass javafx/util/Pair
instanceKlass com/sun/prism/d3d/D3DContext$1
instanceKlass  @bci jdk/internal/reflect/DirectConstructorHandleAccessor invokeImpl ([Ljava/lang/Object;)Ljava/lang/Object; 88 <adapter> ; # java/lang/invoke/LambdaForm$MH+0x0000023d27235c00
# instanceKlass java/lang/invoke/LambdaForm$MH+0x0000023d27235800
instanceKlass  @bci javafx/animation/AnimationTimer$AnimationTimerReceiver handle (J)V 22 <adapter> ; # java/lang/invoke/LambdaForm$MH+0x0000023d27235400
# instanceKlass java/lang/invoke/LambdaForm$MH+0x0000023d27235000
instanceKlass  @bci javafx/animation/AnimationTimer$AnimationTimerReceiver handle (J)V 22 <appendix> form vmentry <vmtarget> ; # java/lang/invoke/LambdaForm$DMH+0x0000023d27234c00
# instanceKlass java/lang/invoke/LambdaForm$MH+0x0000023d27234800
instanceKlass  @bci javafx/animation/Animation$1 timePulse (J)V 39 <appendix> member <vmtarget> ; # javafx/animation/Animation$1$$Lambda+0x0000023d27236c50
instanceKlass com/sun/prism/shader/FillPgram_Color_Loader
instanceKlass  @bci com/sun/scenario/animation/AnimationPulse$PulseData <clinit> ()V 56 <appendix> argL0 ; # com/sun/scenario/animation/AnimationPulse$PulseData$$Lambda+0x0000023d27236848
instanceKlass  @bci com/sun/scenario/animation/AnimationPulse$PulseData <clinit> ()V 48 <appendix> argL0 ; # com/sun/scenario/animation/AnimationPulse$PulseData$$Lambda+0x0000023d27236638
instanceKlass  @bci com/sun/prism/d3d/D3DResourceFactory createStockShader (Ljava/lang/String;)Lcom/sun/prism/ps/Shader; 16 <appendix> member <vmtarget> ; # com/sun/prism/d3d/D3DResourceFactory$$Lambda+0x0000023d27236420
instanceKlass  @bci com/sun/scenario/animation/AnimationPulse$PulseData <clinit> ()V 40 <appendix> argL0 ; # com/sun/scenario/animation/AnimationPulse$PulseData$$Lambda+0x0000023d27236210
instanceKlass  @bci com/sun/scenario/animation/AnimationPulse$PulseData <clinit> ()V 32 <appendix> argL0 ; # com/sun/scenario/animation/AnimationPulse$PulseData$$Lambda+0x0000023d27236000
instanceKlass  @bci com/sun/scenario/animation/AnimationPulse$PulseData <clinit> ()V 24 <appendix> argL0 ; # com/sun/scenario/animation/AnimationPulse$PulseData$$Lambda+0x0000023d27233ce0
instanceKlass  @bci com/sun/scenario/animation/AnimationPulse$PulseData <clinit> ()V 16 <appendix> argL0 ; # com/sun/scenario/animation/AnimationPulse$PulseData$$Lambda+0x0000023d27233ad0
instanceKlass  @bci com/sun/scenario/animation/AnimationPulse$PulseData <clinit> ()V 8 <appendix> argL0 ; # com/sun/scenario/animation/AnimationPulse$PulseData$$Lambda+0x0000023d272336d8
instanceKlass  @bci com/sun/scenario/animation/AnimationPulse$PulseData <clinit> ()V 0 <appendix> argL0 ; # com/sun/scenario/animation/AnimationPulse$PulseData$$Lambda+0x0000023d27233290
instanceKlass com/sun/javafx/geom/transform/Affine3D$1
instanceKlass  @cpi com/sun/scenario/animation/AnimationPulse$PulseData 164 form vmentry <vmtarget> ; # java/lang/invoke/LambdaForm$DMH+0x0000023d27234400
# instanceKlass java/lang/invoke/LambdaForm$DMH+0x0000023d27234000
instanceKlass com/sun/prism/impl/BaseGraphicsResource
instanceKlass com/sun/scenario/animation/AnimationPulse$PulseData
instanceKlass com/sun/scenario/animation/AnimationPulse$PulseData$Accessor
instanceKlass java/util/concurrent/ConcurrentLinkedQueue$Node
instanceKlass com/sun/scenario/animation/AnimationPulse$AnimationPulseHolder
instanceKlass com/sun/scenario/animation/AnimationPulse
instanceKlass com/sun/scenario/animation/AnimationPulseMBean
instanceKlass  @bci com/sun/prism/impl/ps/BaseShaderGraphics <clinit> ()V 30 <appendix> argL0 ; # com/sun/prism/impl/ps/BaseShaderGraphics$$Lambda+0x0000023d2722c5f0
instanceKlass com/sun/prism/impl/Disposer$Target
instanceKlass com/sun/prism/impl/Disposer
instanceKlass com/sun/prism/impl/PrismTrace
instanceKlass com/sun/prism/d3d/D3DResource$D3DRecord
instanceKlass com/sun/prism/impl/Disposer$Record
instanceKlass com/sun/prism/impl/BaseTexture
instanceKlass com/sun/prism/d3d/D3DContextSource
instanceKlass com/sun/prism/ReadbackRenderTarget
instanceKlass com/sun/prism/d3d/D3DRenderTarget
instanceKlass com/sun/prism/impl/BaseResourcePool$WeakLinkedList
instanceKlass  @bci com/sun/prism/impl/BaseResourcePool <clinit> ()V 110 <appendix> argL0 ; # com/sun/prism/impl/BaseResourcePool$$Lambda+0x0000023d2722e840
instanceKlass  @bci com/sun/prism/impl/BaseResourcePool <clinit> ()V 92 <appendix> argL0 ; # com/sun/prism/impl/BaseResourcePool$$Lambda+0x0000023d2722e630
instanceKlass  @bci com/sun/prism/impl/BaseResourcePool <clinit> ()V 74 <appendix> argL0 ; # com/sun/prism/impl/BaseResourcePool$$Lambda+0x0000023d2722e420
instanceKlass  @bci com/sun/prism/impl/BaseResourcePool <clinit> ()V 56 <appendix> argL0 ; # com/sun/prism/impl/BaseResourcePool$$Lambda+0x0000023d2722e210
instanceKlass  @bci com/sun/prism/impl/BaseResourcePool <clinit> ()V 38 <appendix> argL0 ; # com/sun/prism/impl/BaseResourcePool$$Lambda+0x0000023d2722e000
instanceKlass  @bci com/sun/prism/impl/BaseResourcePool <clinit> ()V 20 <appendix> argL0 ; # com/sun/prism/impl/BaseResourcePool$$Lambda+0x0000023d2722bdb0
instanceKlass  @cpi org/fxmisc/richtext/GenericStyledAreaBehavior 776 form vmentry <vmtarget> ; # java/lang/invoke/LambdaForm$DMH+0x0000023d2722c000
instanceKlass com/sun/prism/impl/ManagedResource
instanceKlass com/sun/prism/impl/BaseResourcePool$Predicate
instanceKlass com/sun/prism/impl/BaseResourcePool
instanceKlass com/sun/glass/ui/Size
instanceKlass com/sun/javafx/tk/quantum/CursorUtils$1
instanceKlass com/sun/javafx/tk/quantum/CursorUtils
instanceKlass com/sun/javafx/sg/prism/EffectFilter
instanceKlass com/sun/scenario/effect/GaussianShadow$1
instanceKlass com/sun/javafx/tk/Toolkit$1
instanceKlass com/sun/scenario/effect/impl/state/LinearConvolveRenderState
instanceKlass com/sun/scenario/effect/Color4f
instanceKlass com/sun/scenario/effect/impl/state/LinearConvolveKernel
instanceKlass com/sun/scenario/effect/impl/state/RenderState
instanceKlass com/sun/javafx/sg/prism/CacheFilter
instanceKlass com/sun/prism/image/CompoundImage
instanceKlass  @bci com/sun/javafx/tk/quantum/ViewScene setCursor (Ljava/lang/Object;)V 7 <appendix> member <vmtarget> ; # com/sun/javafx/tk/quantum/ViewScene$$Lambda+0x0000023d27226280
instanceKlass javafx/scene/effect/Effect$2
instanceKlass com/sun/scenario/animation/shared/InterpolationInterval$1
instanceKlass javafx/animation/Animation$7
instanceKlass com/sun/javafx/binding/BindingHelperObserver
instanceKlass javafx/beans/value/ObservableFloatValue
instanceKlass javafx/beans/value/ObservableLongValue
instanceKlass javafx/beans/binding/Bindings
instanceKlass  @bci com/jfoenix/controls/JFXRippler$RippleGenerator createOverlay ()V 55 <appendix> member <vmtarget> ; # com/jfoenix/controls/JFXRippler$RippleGenerator$$Lambda+0x0000023d271fa678
instanceKlass javafx/scene/shape/Rectangle$StyleableProperties
instanceKlass com/jfoenix/utils/JFXNodeUtils
instanceKlass com/sun/scenario/animation/shared/InterpolationInterval
instanceKlass com/sun/scenario/animation/shared/ClipInterpolator
instanceKlass  @bci com/sun/scenario/animation/shared/TimelineClipCore <clinit> ()V 0 <appendix> argL0 ; # com/sun/scenario/animation/shared/TimelineClipCore$$Lambda+0x0000023d271f8f50
instanceKlass com/sun/scenario/animation/shared/TimelineClipCore
instanceKlass com/sun/javafx/animation/KeyValueHelper
instanceKlass javafx/animation/KeyValue$1
instanceKlass com/sun/javafx/animation/KeyValueHelper$KeyValueAccessor
instanceKlass javafx/animation/KeyValue
instanceKlass javafx/animation/KeyFrame
instanceKlass com/sun/javafx/geom/PathIterator
instanceKlass javafx/scene/shape/Rectangle$1
instanceKlass com/sun/javafx/scene/shape/RectangleHelper$RectangleAccessor
instanceKlass com/sun/javafx/scene/traversal/TabOrderHelper
instanceKlass  @bci com/sun/javafx/tk/Toolkit runPulse (Lcom/sun/javafx/tk/TKPulseListener;Ljava/security/AccessControlContext;)V 15 <appendix> member <vmtarget> ; # com/sun/javafx/tk/Toolkit$$Lambda+0x0000023d271f1310
instanceKlass com/sun/javafx/collections/VetoableListDecorator$ModCountAccessorImpl
instanceKlass com/sun/javafx/collections/VetoableListDecorator$VetoableIteratorDecorator
instanceKlass  @bci com/sun/javafx/tk/Toolkit notifyWindowListeners (Ljava/util/List;)V 74 <appendix> member <vmtarget> ; # com/sun/javafx/tk/Toolkit$$Lambda+0x0000023d271f0c50
instanceKlass  @bci jdk/internal/net/http/common/Utils getIntegerNetProperty (Ljava/lang/String;I)I 2 <appendix> form vmentry <vmtarget> ; # java/lang/invoke/LambdaForm$DMH+0x0000023d271f4000
instanceKlass  @bci com/sun/javafx/tk/quantum/WindowStage setVisible (Z)V 102 <appendix> member <vmtarget> ; # com/sun/javafx/tk/quantum/WindowStage$$Lambda+0x0000023d271f0a38
instanceKlass  @bci com/sun/javafx/tk/quantum/GlassViewEventHandler$ViewEventNotification run ()Ljava/lang/Void; 298 <appendix> member <vmtarget> ; # com/sun/javafx/tk/quantum/GlassViewEventHandler$ViewEventNotification$$Lambda+0x0000023d271f0820
instanceKlass  @bci com/sun/javafx/tk/quantum/GlassWindowEventHandler handleWindowEvent (Lcom/sun/glass/ui/Window;JI)V 12 <appendix> member <vmtarget> ; # com/sun/javafx/tk/quantum/GlassWindowEventHandler$$Lambda+0x0000023d271f0608
instanceKlass javafx/scene/layout/Region$12
instanceKlass javafx/scene/text/Text$10
instanceKlass  @bci com/jfoenix/skins/JFXButtonSkin layoutChildren (DDDD)V 98 <appendix> member <vmtarget> ; # com/jfoenix/skins/JFXButtonSkin$$Lambda+0x0000023d271f0000
instanceKlass javafx/scene/Parent$5
instanceKlass com/sun/javafx/font/directwrite/DWRITE_GLYPH_RUN
instanceKlass com/sun/javafx/font/directwrite/RECT
instanceKlass com/sun/javafx/font/directwrite/D2D1_MATRIX_3X2_F
instanceKlass com/sun/javafx/font/directwrite/D2D1_COLOR_F
instanceKlass com/sun/javafx/font/directwrite/DWGlyph
instanceKlass com/sun/javafx/font/Glyph
# instanceKlass java/lang/invoke/LambdaForm$MH+0x0000023d271ed400
instanceKlass com/sun/javafx/font/directwrite/DWRITE_GLYPH_METRICS
instanceKlass com/sun/javafx/text/TextLine
instanceKlass com/sun/javafx/font/PrismMetrics
instanceKlass com/sun/javafx/text/LayoutCache
instanceKlass com/sun/javafx/text/ScriptMapper
# instanceKlass java/lang/invoke/LambdaForm$MH+0x0000023d271ed000
# instanceKlass java/lang/invoke/LambdaForm$MH+0x0000023d271ecc00
# instanceKlass java/lang/invoke/LambdaForm$MH+0x0000023d271ec800
instanceKlass  @cpi org/fxmisc/richtext/model/StyleSpansBase 89 form vmentry <vmtarget> ; # java/lang/invoke/LambdaForm$DMH+0x0000023d271ec400
instanceKlass com/sun/javafx/font/CMap
instanceKlass jdk/internal/icu/text/BidiLine
instanceKlass jdk/internal/icu/text/UTF16
instanceKlass jdk/internal/foreign/MemorySessionImpl
instanceKlass java/lang/foreign/MemorySegment$Scope
instanceKlass jdk/internal/icu/impl/Trie2$UTrie2Header
instanceKlass jdk/internal/icu/impl/Trie2$1
instanceKlass jdk/internal/icu/impl/Trie2$ValueMapper
instanceKlass jdk/internal/icu/impl/Trie2
instanceKlass jdk/internal/icu/impl/UBiDiProps$IsAcceptable
instanceKlass jdk/internal/icu/impl/ICUBinary$Authenticate
instanceKlass jdk/internal/icu/impl/ICUBinary$1
instanceKlass jdk/internal/icu/impl/ICUBinary
instanceKlass jdk/internal/icu/impl/UBiDiProps
instanceKlass jdk/internal/icu/text/BidiBase$Point
instanceKlass jdk/internal/icu/text/BidiBase$InsertPoints
instanceKlass jdk/internal/icu/text/BidiRun
instanceKlass jdk/internal/icu/text/BidiBase$ImpTabPair
instanceKlass jdk/internal/icu/text/BidiBase
instanceKlass java/text/Bidi
instanceKlass com/sun/javafx/text/TextRun
instanceKlass  @bci javafx/scene/control/skin/LabelSkin <init> (Ljavafx/scene/control/Label;)V 16 <appendix> member <vmtarget> ; # javafx/scene/control/skin/LabelSkin$$Lambda+0x0000023d271ea3d0
instanceKlass javafx/scene/control/SkinBase$StyleableProperties
instanceKlass com/sun/javafx/scene/control/Logging
instanceKlass com/jfoenix/skins/JFXButtonSkin$2
instanceKlass  @bci com/jfoenix/skins/JFXButtonSkin <init> (Lcom/jfoenix/controls/JFXButton;)V 133 <appendix> member <vmtarget> ; # com/jfoenix/skins/JFXButtonSkin$$Lambda+0x0000023d271e9300
instanceKlass  @bci com/sun/javafx/binding/ExpressionHelperBase trim (I[Ljava/lang/Object;)I 0 <appendix> argL0 ; # com/sun/javafx/binding/ExpressionHelperBase$$Lambda+0x0000023d271e90c0
instanceKlass  @bci com/jfoenix/skins/JFXButtonSkin <init> (Lcom/jfoenix/controls/JFXButton;)V 120 <appendix> member <vmtarget> ; # com/jfoenix/skins/JFXButtonSkin$$Lambda+0x0000023d271e8ea8
instanceKlass  @cpi controller/ScanFromController/scanFormController 2279 form vmentry <vmtarget> ; # java/lang/invoke/LambdaForm$DMH+0x0000023d271ec000
instanceKlass  @bci com/jfoenix/skins/JFXButtonSkin <init> (Lcom/jfoenix/controls/JFXButton;)V 106 <appendix> member <vmtarget> ; # com/jfoenix/skins/JFXButtonSkin$$Lambda+0x0000023d271e8c90
instanceKlass  @bci com/jfoenix/skins/JFXButtonSkin <init> (Lcom/jfoenix/controls/JFXButton;)V 93 <appendix> member <vmtarget> ; # com/jfoenix/skins/JFXButtonSkin$$Lambda+0x0000023d271e8a78
instanceKlass  @bci com/jfoenix/skins/JFXButtonSkin <init> (Lcom/jfoenix/controls/JFXButton;)V 80 <appendix> member <vmtarget> ; # com/jfoenix/skins/JFXButtonSkin$$Lambda+0x0000023d271e8860
instanceKlass  @bci com/jfoenix/skins/JFXButtonSkin <init> (Lcom/jfoenix/controls/JFXButton;)V 67 <appendix> member <vmtarget> ; # com/jfoenix/skins/JFXButtonSkin$$Lambda+0x0000023d271e8648
instanceKlass  @bci com/jfoenix/skins/JFXButtonSkin <init> (Lcom/jfoenix/controls/JFXButton;)V 54 <appendix> member <vmtarget> ; # com/jfoenix/skins/JFXButtonSkin$$Lambda+0x0000023d271e8430
instanceKlass  @bci com/jfoenix/skins/JFXButtonSkin <init> (Lcom/jfoenix/controls/JFXButton;)V 41 <appendix> member <vmtarget> ; # com/jfoenix/skins/JFXButtonSkin$$Lambda+0x0000023d271e8218
instanceKlass  @bci com/jfoenix/controls/JFXRippler <init> (Ljavafx/scene/Node;Lcom/jfoenix/controls/JFXRippler$RipplerMask;Lcom/jfoenix/controls/JFXRippler$RipplerPos;)V 181 <appendix> member <vmtarget> ; # com/jfoenix/controls/JFXRippler$$Lambda+0x0000023d271e8000
instanceKlass  @bci com/jfoenix/controls/JFXRippler initControlListeners ()V 72 <appendix> member <vmtarget> ; # com/jfoenix/controls/JFXRippler$$Lambda+0x0000023d271e7d60
instanceKlass  @bci com/jfoenix/controls/JFXRippler initControlListeners ()V 56 <appendix> member <vmtarget> ; # com/jfoenix/controls/JFXRippler$$Lambda+0x0000023d271e7b48
instanceKlass  @bci com/jfoenix/controls/JFXRippler initControlListeners ()V 8 <appendix> member <vmtarget> ; # com/jfoenix/controls/JFXRippler$$Lambda+0x0000023d271e7930
instanceKlass javafx/scene/Group$1
instanceKlass com/sun/javafx/scene/GroupHelper$GroupAccessor
instanceKlass javafx/scene/layout/StackPane$StyleableProperties
instanceKlass com/jfoenix/converters/RipplerMaskTypeConverter$Holder
instanceKlass com/jfoenix/controls/JFXRippler$StyleableProperties
instanceKlass  @bci javafx/scene/layout/StackPane <clinit> ()V 0 <appendix> argL0 ; # javafx/scene/layout/StackPane$$Lambda+0x0000023d271e4660
instanceKlass  @bci javafx/scene/control/skin/ButtonSkin <init> (Ljavafx/scene/control/Button;)V 110 <appendix> member <vmtarget> ; # javafx/scene/control/skin/ButtonSkin$$Lambda+0x0000023d271e38e0
instanceKlass  @bci javafx/scene/control/skin/ButtonSkin <init> (Ljavafx/scene/control/Button;)V 96 <appendix> member <vmtarget> ; # javafx/scene/control/skin/ButtonSkin$$Lambda+0x0000023d271e36b8
instanceKlass  @bci javafx/scene/control/skin/ButtonSkin <init> (Ljavafx/scene/control/Button;)V 82 <appendix> member <vmtarget> ; # javafx/scene/control/skin/ButtonSkin$$Lambda+0x0000023d271e3490
instanceKlass  @bci javafx/scene/control/skin/ButtonSkin <init> (Ljavafx/scene/control/Button;)V 68 <appendix> member <vmtarget> ; # javafx/scene/control/skin/ButtonSkin$$Lambda+0x0000023d271e3268
instanceKlass  @bci com/sun/javafx/scene/control/behavior/ButtonBehavior <init> (Ljavafx/scene/control/ButtonBase;)V 225 <appendix> argL0 ; # com/sun/javafx/scene/control/behavior/ButtonBehavior$$Lambda+0x0000023d271e3028
instanceKlass  @bci com/sun/javafx/scene/control/behavior/ButtonBehavior <init> (Ljavafx/scene/control/ButtonBase;)V 220 <appendix> member <vmtarget> ; # com/sun/javafx/scene/control/behavior/ButtonBehavior$$Lambda+0x0000023d271e2e10
instanceKlass  @bci com/sun/javafx/scene/control/behavior/ButtonBehavior <init> (Ljavafx/scene/control/ButtonBase;)V 190 <appendix> argL0 ; # com/sun/javafx/scene/control/behavior/ButtonBehavior$$Lambda+0x0000023d271e2bd0
instanceKlass  @bci com/sun/javafx/scene/control/behavior/ButtonBehavior <init> (Ljavafx/scene/control/ButtonBase;)V 185 <appendix> member <vmtarget> ; # com/sun/javafx/scene/control/behavior/ButtonBehavior$$Lambda+0x0000023d271e29b8
instanceKlass  @bci com/sun/javafx/scene/control/behavior/ButtonBehavior <init> (Ljavafx/scene/control/ButtonBase;)V 155 <appendix> member <vmtarget> ; # com/sun/javafx/scene/control/behavior/ButtonBehavior$$Lambda+0x0000023d271e27a0
instanceKlass  @bci com/sun/javafx/scene/control/behavior/ButtonBehavior <init> (Ljavafx/scene/control/ButtonBase;)V 136 <appendix> member <vmtarget> ; # com/sun/javafx/scene/control/behavior/ButtonBehavior$$Lambda+0x0000023d271e2588
instanceKlass  @bci com/sun/javafx/scene/control/behavior/ButtonBehavior <init> (Ljavafx/scene/control/ButtonBase;)V 117 <appendix> member <vmtarget> ; # com/sun/javafx/scene/control/behavior/ButtonBehavior$$Lambda+0x0000023d271e2370
instanceKlass  @bci com/sun/javafx/scene/control/behavior/ButtonBehavior <init> (Ljavafx/scene/control/ButtonBase;)V 98 <appendix> member <vmtarget> ; # com/sun/javafx/scene/control/behavior/ButtonBehavior$$Lambda+0x0000023d271e2158
instanceKlass  @bci com/sun/javafx/scene/control/behavior/ButtonBehavior <init> (Ljavafx/scene/control/ButtonBase;)V 79 <appendix> member <vmtarget> ; # com/sun/javafx/scene/control/behavior/ButtonBehavior$$Lambda+0x0000023d271e1d30
instanceKlass  @bci com/sun/javafx/scene/control/behavior/ButtonBehavior <init> (Ljavafx/scene/control/ButtonBase;)V 57 <appendix> member <vmtarget> ; # com/sun/javafx/scene/control/behavior/ButtonBehavior$$Lambda+0x0000023d271e1b18
instanceKlass  @bci com/sun/javafx/scene/control/inputmap/InputMap addMapping (Lcom/sun/javafx/scene/control/inputmap/InputMap$Mapping;)V 23 <appendix> argL0 ; # com/sun/javafx/scene/control/inputmap/InputMap$$Lambda+0x0000023d271e18e8
instanceKlass  @bci com/sun/javafx/scene/control/inputmap/InputMap addEventHandler (Ljavafx/event/EventType;)V 20 <appendix> member <vmtarget> ; # com/sun/javafx/scene/control/inputmap/InputMap$$Lambda+0x0000023d271e16d0
instanceKlass  @bci com/sun/javafx/scene/control/inputmap/InputMap addEventHandler (Ljavafx/event/EventType;)V 5 <appendix> argL0 ; # com/sun/javafx/scene/control/inputmap/InputMap$$Lambda+0x0000023d271e14a0
instanceKlass  @bci com/sun/javafx/scene/control/behavior/FocusTraversalInputMap <clinit> ()V 321 <appendix> argL0 ; # com/sun/javafx/scene/control/behavior/FocusTraversalInputMap$$Lambda+0x0000023d271e1290
instanceKlass  @bci com/sun/javafx/scene/control/behavior/FocusTraversalInputMap <clinit> ()V 289 <appendix> argL0 ; # com/sun/javafx/scene/control/behavior/FocusTraversalInputMap$$Lambda+0x0000023d271e1080
instanceKlass  @bci com/sun/javafx/scene/control/behavior/FocusTraversalInputMap <clinit> ()V 254 <appendix> argL0 ; # com/sun/javafx/scene/control/behavior/FocusTraversalInputMap$$Lambda+0x0000023d271e0e70
instanceKlass  @bci com/sun/javafx/scene/control/behavior/FocusTraversalInputMap <clinit> ()V 219 <appendix> argL0 ; # com/sun/javafx/scene/control/behavior/FocusTraversalInputMap$$Lambda+0x0000023d271e0c60
instanceKlass  @bci com/sun/javafx/scene/control/behavior/FocusTraversalInputMap <clinit> ()V 184 <appendix> argL0 ; # com/sun/javafx/scene/control/behavior/FocusTraversalInputMap$$Lambda+0x0000023d271e0a50
instanceKlass  @bci com/sun/javafx/scene/control/behavior/FocusTraversalInputMap <clinit> ()V 149 <appendix> argL0 ; # com/sun/javafx/scene/control/behavior/FocusTraversalInputMap$$Lambda+0x0000023d271e0840
instanceKlass  @bci com/sun/javafx/scene/control/behavior/FocusTraversalInputMap <clinit> ()V 114 <appendix> argL0 ; # com/sun/javafx/scene/control/behavior/FocusTraversalInputMap$$Lambda+0x0000023d271e0630
instanceKlass  @bci com/sun/javafx/scene/control/behavior/FocusTraversalInputMap <clinit> ()V 86 <appendix> argL0 ; # com/sun/javafx/scene/control/behavior/FocusTraversalInputMap$$Lambda+0x0000023d271e0420
instanceKlass  @bci com/sun/javafx/scene/control/behavior/FocusTraversalInputMap <clinit> ()V 68 <appendix> argL0 ; # com/sun/javafx/scene/control/behavior/FocusTraversalInputMap$$Lambda+0x0000023d271e0210
instanceKlass  @bci com/sun/javafx/scene/control/behavior/FocusTraversalInputMap <clinit> ()V 50 <appendix> argL0 ; # com/sun/javafx/scene/control/behavior/FocusTraversalInputMap$$Lambda+0x0000023d271e0000
instanceKlass  @bci com/sun/javafx/scene/control/behavior/FocusTraversalInputMap <clinit> ()V 32 <appendix> argL0 ; # com/sun/javafx/scene/control/behavior/FocusTraversalInputMap$$Lambda+0x0000023d271dc400
instanceKlass com/sun/javafx/scene/control/inputmap/KeyBinding
instanceKlass  @bci com/sun/javafx/scene/control/behavior/FocusTraversalInputMap <clinit> ()V 14 <appendix> argL0 ; # com/sun/javafx/scene/control/behavior/FocusTraversalInputMap$$Lambda+0x0000023d271ddc30
instanceKlass com/sun/javafx/scene/control/inputmap/InputMap$Mapping
instanceKlass com/sun/javafx/scene/control/behavior/FocusTraversalInputMap
instanceKlass  @bci com/sun/javafx/scene/control/inputmap/InputMap <init> (Ljavafx/scene/Node;)V 108 <appendix> member <vmtarget> ; # com/sun/javafx/scene/control/inputmap/InputMap$$Lambda+0x0000023d271dd218
instanceKlass  @bci com/sun/javafx/scene/control/inputmap/InputMap <init> (Ljavafx/scene/Node;)V 86 <appendix> member <vmtarget> ; # com/sun/javafx/scene/control/inputmap/InputMap$$Lambda+0x0000023d271dd000
instanceKlass com/sun/javafx/scene/control/inputmap/InputMap
instanceKlass  @bci com/sun/javafx/scene/control/behavior/ButtonBehavior <init> (Ljavafx/scene/control/ButtonBase;)V 7 <appendix> member <vmtarget> ; # com/sun/javafx/scene/control/behavior/ButtonBehavior$$Lambda+0x0000023d271df558
instanceKlass  @bci javafx/scene/control/skin/ButtonSkin <init> (Ljavafx/scene/control/Button;)V 27 <appendix> member <vmtarget> ; # javafx/scene/control/skin/ButtonSkin$$Lambda+0x0000023d271df340
instanceKlass  @bci javafx/scene/control/skin/ButtonSkin <init> (Ljavafx/scene/control/Button;)V 17 <appendix> member <vmtarget> ; # javafx/scene/control/skin/ButtonSkin$$Lambda+0x0000023d271df128
instanceKlass  @bci javafx/scene/control/skin/ButtonSkin <init> (Ljavafx/scene/control/Button;)V 7 <appendix> member <vmtarget> ; # javafx/scene/control/skin/ButtonSkin$$Lambda+0x0000023d271def10
instanceKlass  @bci javafx/scene/control/skin/LabeledSkinBase <init> (Ljavafx/scene/control/Labeled;)V 294 <appendix> member <vmtarget> ; # javafx/scene/control/skin/LabeledSkinBase$$Lambda+0x0000023d271dece8
instanceKlass  @bci javafx/scene/control/skin/LabeledSkinBase <init> (Ljavafx/scene/control/Labeled;)V 280 <appendix> member <vmtarget> ; # javafx/scene/control/skin/LabeledSkinBase$$Lambda+0x0000023d271deac0
instanceKlass  @bci javafx/scene/control/skin/LabeledSkinBase <init> (Ljavafx/scene/control/Labeled;)V 266 <appendix> member <vmtarget> ; # javafx/scene/control/skin/LabeledSkinBase$$Lambda+0x0000023d271de898
instanceKlass  @bci javafx/scene/control/skin/LabeledSkinBase <init> (Ljavafx/scene/control/Labeled;)V 252 <appendix> member <vmtarget> ; # javafx/scene/control/skin/LabeledSkinBase$$Lambda+0x0000023d271de670
instanceKlass  @bci javafx/scene/control/skin/LabeledSkinBase <init> (Ljavafx/scene/control/Labeled;)V 238 <appendix> member <vmtarget> ; # javafx/scene/control/skin/LabeledSkinBase$$Lambda+0x0000023d271de448
instanceKlass  @bci javafx/scene/control/skin/LabeledSkinBase <init> (Ljavafx/scene/control/Labeled;)V 224 <appendix> argL0 ; # javafx/scene/control/skin/LabeledSkinBase$$Lambda+0x0000023d271de228
instanceKlass  @bci javafx/scene/control/skin/LabeledSkinBase <init> (Ljavafx/scene/control/Labeled;)V 211 <appendix> member <vmtarget> ; # javafx/scene/control/skin/LabeledSkinBase$$Lambda+0x0000023d271de000
instanceKlass  @bci javafx/scene/control/skin/LabeledSkinBase <init> (Ljavafx/scene/control/Labeled;)V 197 <appendix> member <vmtarget> ; # javafx/scene/control/skin/LabeledSkinBase$$Lambda+0x0000023d271dbdc0
instanceKlass  @bci javafx/scene/control/skin/LabeledSkinBase <init> (Ljavafx/scene/control/Labeled;)V 183 <appendix> member <vmtarget> ; # javafx/scene/control/skin/LabeledSkinBase$$Lambda+0x0000023d271dbb98
instanceKlass  @bci javafx/scene/control/skin/LabeledSkinBase <init> (Ljavafx/scene/control/Labeled;)V 169 <appendix> member <vmtarget> ; # javafx/scene/control/skin/LabeledSkinBase$$Lambda+0x0000023d271db970
instanceKlass  @bci javafx/scene/control/skin/LabeledSkinBase <init> (Ljavafx/scene/control/Labeled;)V 155 <appendix> member <vmtarget> ; # javafx/scene/control/skin/LabeledSkinBase$$Lambda+0x0000023d271db748
instanceKlass  @bci javafx/scene/control/skin/LabeledSkinBase <init> (Ljavafx/scene/control/Labeled;)V 141 <appendix> member <vmtarget> ; # javafx/scene/control/skin/LabeledSkinBase$$Lambda+0x0000023d271db520
instanceKlass  @bci javafx/scene/control/skin/LabeledSkinBase <init> (Ljavafx/scene/control/Labeled;)V 127 <appendix> member <vmtarget> ; # javafx/scene/control/skin/LabeledSkinBase$$Lambda+0x0000023d271db2f8
instanceKlass  @bci javafx/scene/control/skin/LabeledSkinBase <init> (Ljavafx/scene/control/Labeled;)V 113 <appendix> member <vmtarget> ; # javafx/scene/control/skin/LabeledSkinBase$$Lambda+0x0000023d271dad00
instanceKlass  @bci javafx/scene/control/skin/LabeledSkinBase <init> (Ljavafx/scene/control/Labeled;)V 99 <appendix> member <vmtarget> ; # javafx/scene/control/skin/LabeledSkinBase$$Lambda+0x0000023d271daad8
instanceKlass  @bci javafx/scene/control/skin/LabeledSkinBase <init> (Ljavafx/scene/control/Labeled;)V 85 <appendix> member <vmtarget> ; # javafx/scene/control/skin/LabeledSkinBase$$Lambda+0x0000023d271da8b0
instanceKlass  @bci com/sun/javafx/scene/control/LambdaMultiplePropertyChangeListenerHandler registerChangeListener (Ljavafx/beans/value/ObservableValue;Ljava/util/function/Consumer;)V 38 <appendix> argL0 ; # com/sun/javafx/scene/control/LambdaMultiplePropertyChangeListenerHandler$$Lambda+0x0000023d271da690
instanceKlass  @cpi org/fxmisc/flowless/SizeTracker 291 form vmentry <vmtarget> ; # java/lang/invoke/LambdaForm$DMH+0x0000023d271dc000
instanceKlass  @bci com/sun/javafx/scene/control/LambdaMultiplePropertyChangeListenerHandler <init> ()V 89 <appendix> member <vmtarget> ; # com/sun/javafx/scene/control/LambdaMultiplePropertyChangeListenerHandler$$Lambda+0x0000023d271da478
instanceKlass  @bci com/sun/javafx/scene/control/LambdaMultiplePropertyChangeListenerHandler <init> ()V 53 <appendix> member <vmtarget> ; # com/sun/javafx/scene/control/LambdaMultiplePropertyChangeListenerHandler$$Lambda+0x0000023d271da260
instanceKlass javafx/beans/value/WeakChangeListener
instanceKlass  @bci com/sun/javafx/scene/control/LambdaMultiplePropertyChangeListenerHandler <init> ()V 17 <appendix> member <vmtarget> ; # com/sun/javafx/scene/control/LambdaMultiplePropertyChangeListenerHandler$$Lambda+0x0000023d271d9e18
instanceKlass  @bci com/sun/javafx/scene/control/LambdaMultiplePropertyChangeListenerHandler <clinit> ()V 0 <appendix> argL0 ; # com/sun/javafx/scene/control/LambdaMultiplePropertyChangeListenerHandler$$Lambda+0x0000023d271d9bf8
instanceKlass com/sun/javafx/scene/control/LambdaMultiplePropertyChangeListenerHandler
instanceKlass  @bci javafx/scene/control/skin/LabeledSkinBase <init> (Ljavafx/scene/control/Labeled;)V 71 <appendix> member <vmtarget> ; # javafx/scene/control/skin/LabeledSkinBase$$Lambda+0x0000023d271d97d0
instanceKlass com/sun/javafx/scene/control/behavior/MnemonicInfo
instanceKlass com/sun/javafx/util/TempState
instanceKlass javafx/beans/property/DoublePropertyBase$Listener
instanceKlass javafx/beans/property/BooleanPropertyBase$Listener
instanceKlass com/sun/javafx/font/Disposer$1
instanceKlass com/sun/javafx/font/Disposer
instanceKlass com/sun/javafx/font/CompositeStrikeDisposer
instanceKlass com/sun/javafx/font/Metrics
instanceKlass com/sun/javafx/font/CompositeStrike
instanceKlass com/sun/javafx/font/FontStrikeDesc
instanceKlass javafx/beans/property/ObjectPropertyBase$Listener
instanceKlass javafx/scene/text/Text$TextAttribute
instanceKlass javafx/scene/shape/Shape$StyleableProperties
instanceKlass javafx/scene/text/Text$StyleableProperties
instanceKlass  @bci javafx/scene/control/skin/LabeledSkinBase <init> (Ljavafx/scene/control/Labeled;)V 26 <appendix> member <vmtarget> ; # javafx/scene/control/skin/LabeledSkinBase$$Lambda+0x0000023d271cb8f0
instanceKlass  @bci javafx/scene/control/SkinBase <clinit> ()V 8 <appendix> argL0 ; # javafx/scene/control/SkinBase$$Lambda+0x0000023d271cb6e0
instanceKlass com/sun/javafx/scene/control/ListenerHelper$InLi
instanceKlass com/sun/javafx/scene/control/ListenerHelper$ChLi
instanceKlass com/sun/javafx/scene/control/ListenerHelper$EvHa
instanceKlass  @bci javafx/scene/control/SkinBase <clinit> ()V 0 <appendix> argL0 ; # javafx/scene/control/SkinBase$$Lambda+0x0000023d271c9e40
instanceKlass com/sun/javafx/scene/control/ListenerHelper
instanceKlass com/sun/javafx/scene/control/IDisconnectable
instanceKlass com/sun/javafx/scene/control/behavior/BehaviorBase
instanceKlass javafx/scene/control/SkinBase
instanceKlass com/sun/javafx/cursor/CursorFrame
instanceKlass javafx/scene/layout/BorderStroke
instanceKlass javafx/scene/layout/BorderStrokeStyle
instanceKlass com/sun/javafx/scene/layout/ScaledMath
instanceKlass javafx/scene/layout/BackgroundFill
instanceKlass com/sun/javafx/css/StyleCacheEntry
instanceKlass javafx/css/Style
instanceKlass javafx/css/Match
instanceKlass com/sun/javafx/css/CalculatedValue
instanceKlass com/sun/javafx/css/StyleCacheEntry$Key
instanceKlass com/sun/javafx/css/StyleCache
instanceKlass javafx/scene/Node$22
instanceKlass  @bci com/sun/javafx/tk/quantum/GlassViewEventHandler handleViewEvent (Lcom/sun/glass/ui/View;JI)V 45 <appendix> member <vmtarget> ; # com/sun/javafx/tk/quantum/GlassViewEventHandler$$Lambda+0x0000023d271c2800
instanceKlass jdk/jfr/FlightRecorder
instanceKlass  @bci com/sun/javafx/logging/PulseLogger isPulseLoggingRequested ()Z 0 <appendix> argL0 ; # com/sun/javafx/logging/PulseLogger$$Lambda+0x0000023d271c1d08
instanceKlass com/sun/javafx/logging/PrintLogger$PulseData
instanceKlass  @bci com/sun/javafx/logging/PrintLogger <clinit> ()V 18 <appendix> argL0 ; # com/sun/javafx/logging/PrintLogger$$Lambda+0x0000023d271c18f8
instanceKlass  @bci com/sun/javafx/logging/PrintLogger <clinit> ()V 0 <appendix> argL0 ; # com/sun/javafx/logging/PrintLogger$$Lambda+0x0000023d271c16e8
instanceKlass com/sun/javafx/logging/Logger
instanceKlass com/sun/javafx/logging/PulseLogger
instanceKlass  @bci com/sun/javafx/tk/quantum/WindowStage setScene (Lcom/sun/javafx/tk/TKScene;)V 40 <appendix> member <vmtarget> ; # com/sun/javafx/tk/quantum/WindowStage$$Lambda+0x0000023d271c0c00
instanceKlass com/sun/javafx/geom/DirtyRegionContainer
instanceKlass com/sun/javafx/geom/DirtyRegionPool
instanceKlass com/sun/javafx/sg/prism/NodePath
instanceKlass javafx/scene/Scene$InputMethodRequestsDelegate
instanceKlass com/sun/javafx/scene/input/ExtendedInputMethodRequests
instanceKlass javafx/scene/Scene$DropTargetListener
instanceKlass com/sun/javafx/util/WeakReferenceQueue
instanceKlass com/sun/javafx/scene/transform/TransformUtils
instanceKlass  @bci javafx/scene/Camera <init> ()V 115 <appendix> member <vmtarget> ; # javafx/scene/Camera$$Lambda+0x0000023d271b8eb8
instanceKlass javafx/scene/ParallelCamera$1
instanceKlass javafx/scene/Camera$1
instanceKlass com/sun/javafx/scene/ParallelCameraHelper$ParallelCameraAccessor
instanceKlass com/sun/javafx/scene/CameraHelper$CameraAccessor
instanceKlass com/sun/scenario/effect/impl/state/AccessHelper
instanceKlass  @bci com/sun/scenario/effect/Effect <clinit> ()V 4 <appendix> argL0 ; # com/sun/scenario/effect/Effect$$Lambda+0x0000023d271b5218
instanceKlass com/sun/scenario/effect/impl/state/AccessHelper$StateAccessor
instanceKlass com/sun/javafx/geom/Rectangle
instanceKlass com/sun/prism/paint/Paint
instanceKlass javafx/scene/Scene$ScenePeerPaintListener
instanceKlass javafx/scene/Scene$ScenePeerListener
instanceKlass  @bci com/sun/javafx/tk/quantum/GlassScene setSecurityContext (Ljava/security/AccessControlContext;)V 22 <appendix> argL0 ; # com/sun/javafx/tk/quantum/GlassScene$$Lambda+0x0000023d271b25b0
instanceKlass com/sun/javafx/tk/quantum/SwipeGestureRecognizer$CenterComputer
instanceKlass com/sun/javafx/tk/quantum/SwipeGestureRecognizer$MultiTouchTracker
instanceKlass com/sun/javafx/tk/quantum/SwipeGestureRecognizer
instanceKlass com/sun/javafx/tk/quantum/GestureRecognizers
instanceKlass com/sun/javafx/tk/quantum/GlassSceneDnDEventHandler
instanceKlass com/sun/javafx/tk/quantum/GlassViewEventHandler$ViewEventNotification
instanceKlass com/sun/javafx/tk/quantum/GlassViewEventHandler$MouseEventNotification
instanceKlass com/sun/javafx/tk/quantum/GlassViewEventHandler$KeyEventNotification
instanceKlass  @bci com/sun/javafx/tk/quantum/GlassViewEventHandler <clinit> ()V 0 <appendix> argL0 ; # com/sun/javafx/tk/quantum/GlassViewEventHandler$$Lambda+0x0000023d271b0dd0
instanceKlass com/sun/javafx/tk/quantum/GestureRecognizer
instanceKlass com/sun/javafx/tk/quantum/GlassTouchEventListener
instanceKlass  @bci com/sun/glass/ui/View <clinit> ()V 0 <appendix> argL0 ; # com/sun/glass/ui/View$$Lambda+0x0000023d271b07e0
instanceKlass com/sun/prism/PresentableState
instanceKlass com/sun/javafx/tk/quantum/ViewPainter
instanceKlass com/sun/glass/ui/View$EventHandler
instanceKlass com/sun/glass/ui/ClipboardAssistance
instanceKlass  @bci com/sun/glass/ui/GestureSupport createTouchCountListener ()Lcom/sun/glass/ui/TouchInputSupport$TouchCountListener; 4 <appendix> member <vmtarget> ; # com/sun/glass/ui/GestureSupport$$Lambda+0x0000023d271af600
instanceKlass  @cpi com/sun/glass/ui/GestureSupport 204 form vmentry <vmtarget> ; # java/lang/invoke/LambdaForm$DMH+0x0000023d271a9800
instanceKlass com/sun/glass/ui/TouchInputSupport$TouchCountListener
instanceKlass com/sun/glass/ui/TouchInputSupport
instanceKlass com/sun/glass/ui/GestureSupport$GestureState
instanceKlass com/sun/glass/ui/GestureSupport
instanceKlass com/sun/glass/ui/win/WinGestureSupport
instanceKlass com/sun/javafx/tk/quantum/WindowStage$1
instanceKlass  @bci com/sun/javafx/tk/quantum/GlassStage lambda$doIntersectionPrivilege$1 (Ljava/security/AccessControlContext;)Ljava/security/AccessControlContext; 0 <appendix> argL0 ; # com/sun/javafx/tk/quantum/GlassStage$$Lambda+0x0000023d271adf90
instanceKlass  @bci com/sun/javafx/tk/quantum/GlassStage doIntersectionPrivilege (Ljava/security/PrivilegedAction;Ljava/security/AccessControlContext;Ljava/security/AccessControlContext;)Ljava/security/AccessControlContext; 1 <appendix> member <vmtarget> ; # com/sun/javafx/tk/quantum/GlassStage$$Lambda+0x0000023d271add78
instanceKlass  @bci com/sun/javafx/tk/quantum/GlassStage setSecurityContext (Ljava/security/AccessControlContext;)V 22 <appendix> argL0 ; # com/sun/javafx/tk/quantum/GlassStage$$Lambda+0x0000023d271adb68
instanceKlass javafx/scene/input/KeyCombination$Modifier
instanceKlass com/sun/glass/ui/Window$EventHandler
instanceKlass com/sun/javafx/tk/quantum/GlassStage
instanceKlass com/sun/javafx/event/EventUtil
instanceKlass  @bci javafx/scene/Scene <init> (Ljavafx/scene/Parent;DDLjavafx/scene/paint/Paint;ZLjavafx/scene/SceneAntialiasing;)V 318 <appendix> member <vmtarget> ; # javafx/scene/Scene$$Lambda+0x0000023d271a77d0
instanceKlass com/sun/javafx/css/StyleCache$Key
instanceKlass javafx/scene/CssStyleHelper$CacheContainer
instanceKlass  @bci controller/ScanFromController/scanFormController recognizeText ()V 63 <appendix> form vmentry <vmtarget> ; # java/lang/invoke/LambdaForm$MH+0x0000023d271a9400
# instanceKlass java/lang/invoke/LambdaForm$MH+0x0000023d271a9000
instanceKlass  @bci controller/ScanFromController/scanFormController recognizeText ()V 63 <appendix> argL3 form vmentry <vmtarget> ; # java/lang/invoke/LambdaForm$MH+0x0000023d271a8c00
# instanceKlass java/lang/invoke/LambdaForm$MH+0x0000023d271a8800
# instanceKlass java/lang/invoke/LambdaForm$MH+0x0000023d271a8400
# instanceKlass java/lang/invoke/LambdaForm$MH+0x0000023d271a8000
instanceKlass com/sun/javafx/css/StyleManager$Cache$Key
instanceKlass javafx/scene/image/ImageView$StyleableProperties
instanceKlass  @bci com/sun/javafx/css/StyleMap <clinit> ()V 30 <appendix> argL0 ; # com/sun/javafx/css/StyleMap$$Lambda+0x0000023d271a66a8
instanceKlass com/sun/javafx/css/CascadingStyle
instanceKlass com/sun/javafx/css/StyleMap
instanceKlass com/sun/javafx/css/StyleManager$Cache
instanceKlass java/util/TimSort
instanceKlass java/util/Arrays$LegacyMergeSort
instanceKlass com/sun/javafx/css/StyleManager$Key
instanceKlass  @bci com/sun/javafx/css/StyleManager findMatchingStyles (Ljavafx/scene/Node;Ljavafx/scene/SubScene;[Ljava/util/Set;)Lcom/sun/javafx/css/StyleMap; 251 <appendix> argL0 ; # com/sun/javafx/css/StyleManager$$Lambda+0x0000023d271a5c20
instanceKlass javafx/css/CssParser$Term
instanceKlass com/sun/javafx/logging/PlatformLogger$1
instanceKlass com/sun/javafx/css/parser/Token
instanceKlass  @bci javafx/css/CssLexer$UnitsState <init> (Ljavafx/css/CssLexer;)V 468 <appendix> argL0 ; # javafx/css/CssLexer$UnitsState$$Lambda+0x0000023d271a4e10
instanceKlass  @bci javafx/css/CssLexer <init> ()V 419 <appendix> argL0 ; # javafx/css/CssLexer$$Lambda+0x0000023d271a4830
instanceKlass  @bci javafx/css/CssLexer <init> ()V 410 <appendix> argL0 ; # javafx/css/CssLexer$$Lambda+0x0000023d271a4620
instanceKlass  @bci javafx/css/CssLexer <init> ()V 401 <appendix> argL0 ; # javafx/css/CssLexer$$Lambda+0x0000023d271a4410
instanceKlass  @bci javafx/css/CssLexer <init> ()V 392 <appendix> argL0 ; # javafx/css/CssLexer$$Lambda+0x0000023d271a4200
instanceKlass  @bci javafx/css/CssLexer <init> ()V 383 <appendix> argL0 ; # javafx/css/CssLexer$$Lambda+0x0000023d271a3ff0
instanceKlass  @bci javafx/css/CssLexer <init> ()V 374 <appendix> argL0 ; # javafx/css/CssLexer$$Lambda+0x0000023d271a3de0
instanceKlass  @bci javafx/css/CssLexer <init> ()V 365 <appendix> argL0 ; # javafx/css/CssLexer$$Lambda+0x0000023d271a3bd0
instanceKlass  @bci javafx/css/CssLexer <init> ()V 356 <appendix> argL0 ; # javafx/css/CssLexer$$Lambda+0x0000023d271a39c0
instanceKlass  @bci javafx/css/CssLexer <init> ()V 347 <appendix> argL0 ; # javafx/css/CssLexer$$Lambda+0x0000023d271a37b0
instanceKlass  @bci javafx/css/CssLexer <init> ()V 338 <appendix> argL0 ; # javafx/css/CssLexer$$Lambda+0x0000023d271a35a0
instanceKlass  @bci javafx/css/CssLexer <init> ()V 329 <appendix> argL0 ; # javafx/css/CssLexer$$Lambda+0x0000023d271a3390
instanceKlass  @bci javafx/css/CssLexer <init> ()V 320 <appendix> argL0 ; # javafx/css/CssLexer$$Lambda+0x0000023d271a3180
instanceKlass  @bci javafx/css/CssLexer <init> ()V 311 <appendix> argL0 ; # javafx/css/CssLexer$$Lambda+0x0000023d271a2f70
instanceKlass  @bci javafx/css/CssLexer <init> ()V 302 <appendix> argL0 ; # javafx/css/CssLexer$$Lambda+0x0000023d271a2d60
instanceKlass  @bci javafx/css/CssLexer <init> ()V 293 <appendix> argL0 ; # javafx/css/CssLexer$$Lambda+0x0000023d271a2b50
instanceKlass  @bci javafx/css/CssLexer <init> ()V 284 <appendix> argL0 ; # javafx/css/CssLexer$$Lambda+0x0000023d271a2940
instanceKlass  @bci javafx/css/CssLexer <init> ()V 275 <appendix> argL0 ; # javafx/css/CssLexer$$Lambda+0x0000023d271a2730
instanceKlass  @bci javafx/css/CssLexer <init> ()V 266 <appendix> argL0 ; # javafx/css/CssLexer$$Lambda+0x0000023d271a2520
instanceKlass  @bci javafx/css/CssLexer <init> ()V 257 <appendix> argL0 ; # javafx/css/CssLexer$$Lambda+0x0000023d271a2310
instanceKlass  @bci javafx/css/CssLexer <init> ()V 248 <appendix> argL0 ; # javafx/css/CssLexer$$Lambda+0x0000023d271a2100
instanceKlass  @bci javafx/css/CssLexer <init> ()V 239 <appendix> argL0 ; # javafx/css/CssLexer$$Lambda+0x0000023d271a1ef0
instanceKlass  @bci javafx/css/CssLexer <init> ()V 230 <appendix> argL0 ; # javafx/css/CssLexer$$Lambda+0x0000023d271a1ce0
instanceKlass  @bci javafx/css/CssLexer <init> ()V 221 <appendix> argL0 ; # javafx/css/CssLexer$$Lambda+0x0000023d271a1ad0
instanceKlass  @bci javafx/css/CssLexer <init> ()V 212 <appendix> argL0 ; # javafx/css/CssLexer$$Lambda+0x0000023d271a18c0
instanceKlass  @bci javafx/css/CssLexer <init> ()V 203 <appendix> argL0 ; # javafx/css/CssLexer$$Lambda+0x0000023d271a16b0
instanceKlass  @bci javafx/css/CssLexer <init> ()V 194 <appendix> argL0 ; # javafx/css/CssLexer$$Lambda+0x0000023d271a14a0
instanceKlass  @bci javafx/css/CssLexer <init> ()V 185 <appendix> argL0 ; # javafx/css/CssLexer$$Lambda+0x0000023d271a1290
instanceKlass  @bci javafx/css/CssLexer <init> ()V 176 <appendix> argL0 ; # javafx/css/CssLexer$$Lambda+0x0000023d271a1080
instanceKlass  @bci javafx/css/CssLexer <init> ()V 167 <appendix> argL0 ; # javafx/css/CssLexer$$Lambda+0x0000023d271a0e70
instanceKlass  @bci javafx/css/CssLexer <init> ()V 158 <appendix> argL0 ; # javafx/css/CssLexer$$Lambda+0x0000023d271a0c60
instanceKlass  @bci javafx/css/CssLexer <init> ()V 149 <appendix> argL0 ; # javafx/css/CssLexer$$Lambda+0x0000023d271a0a50
instanceKlass  @bci javafx/css/CssLexer <init> ()V 140 <appendix> argL0 ; # javafx/css/CssLexer$$Lambda+0x0000023d271a0840
instanceKlass  @bci javafx/css/CssLexer <init> ()V 131 <appendix> argL0 ; # javafx/css/CssLexer$$Lambda+0x0000023d271a0630
instanceKlass  @bci javafx/css/CssLexer <init> ()V 122 <appendix> argL0 ; # javafx/css/CssLexer$$Lambda+0x0000023d271a0420
instanceKlass  @bci javafx/css/CssLexer <init> ()V 113 <appendix> argL0 ; # javafx/css/CssLexer$$Lambda+0x0000023d271a0210
instanceKlass  @bci javafx/css/CssLexer <init> ()V 104 <appendix> argL0 ; # javafx/css/CssLexer$$Lambda+0x0000023d271a0000
instanceKlass  @bci javafx/css/CssLexer <init> ()V 95 <appendix> argL0 ; # javafx/css/CssLexer$$Lambda+0x0000023d27198c20
instanceKlass  @bci javafx/css/CssLexer <init> ()V 86 <appendix> argL0 ; # javafx/css/CssLexer$$Lambda+0x0000023d27198a10
instanceKlass  @bci javafx/css/CssLexer <init> ()V 77 <appendix> argL0 ; # javafx/css/CssLexer$$Lambda+0x0000023d27198800
instanceKlass  @bci javafx/css/CssLexer <init> ()V 68 <appendix> argL0 ; # javafx/css/CssLexer$$Lambda+0x0000023d27199c60
instanceKlass  @bci javafx/css/CssLexer <init> ()V 59 <appendix> argL0 ; # javafx/css/CssLexer$$Lambda+0x0000023d27199a50
instanceKlass  @bci javafx/css/CssLexer <init> ()V 50 <appendix> argL0 ; # javafx/css/CssLexer$$Lambda+0x0000023d27199840
instanceKlass  @bci javafx/css/CssLexer <init> ()V 41 <appendix> argL0 ; # javafx/css/CssLexer$$Lambda+0x0000023d27199630
instanceKlass  @bci javafx/css/CssLexer <init> ()V 32 <appendix> argL0 ; # javafx/css/CssLexer$$Lambda+0x0000023d27199420
instanceKlass  @bci javafx/css/CssLexer <init> ()V 23 <appendix> argL0 ; # javafx/css/CssLexer$$Lambda+0x0000023d27199210
instanceKlass  @bci javafx/css/CssLexer <init> ()V 14 <appendix> argL0 ; # javafx/css/CssLexer$$Lambda+0x0000023d27199000
instanceKlass  @bci javafx/css/CssLexer <init> ()V 5 <appendix> argL0 ; # javafx/css/CssLexer$$Lambda+0x0000023d2719bc80
instanceKlass com/sun/javafx/css/parser/Recognizer
instanceKlass com/sun/javafx/css/parser/LexerState
instanceKlass javafx/css/CssLexer
instanceKlass javafx/css/CssParser$ParseError
instanceKlass javafx/css/FontFace
instanceKlass javafx/css/CssParser
instanceKlass com/sun/javafx/css/StyleManager$CacheContainer
instanceKlass javafx/scene/CssStyleHelper
instanceKlass javafx/scene/Scene$ClickCounter
instanceKlass javafx/scene/Scene$ClickGenerator
instanceKlass javafx/scene/Scene$MouseHandler$1
instanceKlass com/sun/javafx/event/EventQueue
instanceKlass javafx/scene/Scene$MouseHandler
instanceKlass com/sun/javafx/scene/traversal/TraversalEngine$BaseEngineContext
instanceKlass com/sun/javafx/scene/traversal/ContainerTabOrder
instanceKlass com/sun/javafx/scene/traversal/Algorithm
instanceKlass com/sun/javafx/scene/traversal/TraversalContext
instanceKlass  @bci javafx/scene/Scene <init> (Ljavafx/scene/Parent;DDLjavafx/scene/paint/Paint;ZLjavafx/scene/SceneAntialiasing;)V 172 <appendix> member <vmtarget> ; # javafx/scene/Scene$$Lambda+0x0000023d2719cf58
instanceKlass javafx/scene/Scene$TouchMap
instanceKlass javafx/scene/Scene$TouchGesture
instanceKlass javafx/scene/Scene$TargetWrapper
instanceKlass javafx/scene/Scene$ScenePulseListener
instanceKlass javafx/scene/SceneAntialiasing
instanceKlass  @bci org/reactfx/util/SparseList lambda$spliceSegments$13 (IILjava/util/List;Lorg/reactfx/util/FingerTree$NonEmptyFingerTree;)Lorg/reactfx/util/FingerTree; 16 <adapter> ; # java/lang/invoke/LambdaForm$MH+0x0000023d27198400
# instanceKlass java/lang/invoke/LambdaForm$DMH+0x0000023d27198000
instanceKlass  @bci org/reactfx/util/SparseList lambda$spliceSegments$13 (IILjava/util/List;Lorg/reactfx/util/FingerTree$NonEmptyFingerTree;)Lorg/reactfx/util/FingerTree; 16 <appendix> form vmentry <vmtarget> ; # java/lang/invoke/LambdaForm$DMH+0x0000023d27190c00
instanceKlass  @bci controller/DashboardController/dashboardFormController addGlowHover (Ljavafx/scene/Node;Ljava/lang/String;DZ)V 130 <appendix> member <vmtarget> ; # controller/DashboardController/dashboardFormController$$Lambda+0x0000023d271914a0
instanceKlass  @cpi controller/ScanFromController/scanFormController 2059 form vmentry <vmtarget> ; # java/lang/invoke/LambdaForm$DMH+0x0000023d27190800
instanceKlass  @bci controller/DashboardController/dashboardFormController addGlowHover (Ljavafx/scene/Node;Ljava/lang/String;DZ)V 114 <appendix> member <vmtarget> ; # controller/DashboardController/dashboardFormController$$Lambda+0x0000023d27191288
instanceKlass com/sun/scenario/animation/shared/ClipEnvelope
instanceKlass javafx/animation/Animation$1
instanceKlass javafx/animation/Interpolator
instanceKlass javafx/util/Duration
instanceKlass com/sun/scenario/animation/shared/AnimationAccessor
instanceKlass  @bci controller/DashboardController/dashboardFormController setupDragAndDrop ()V 17 <appendix> member <vmtarget> ; # controller/DashboardController/dashboardFormController$$Lambda+0x0000023d2718fbe0
instanceKlass  @bci controller/DashboardController/dashboardFormController setupDragAndDrop ()V 4 <appendix> argL0 ; # controller/DashboardController/dashboardFormController$$Lambda+0x0000023d2718f4f8
instanceKlass  @bci jdk/internal/net/http/ResponseContent$FixedLengthBodyParser <init> (Ljdk/internal/net/http/ResponseContent;JLjava/util/function/Consumer;)V 11 <bsm> form vmentry <vmtarget> ; # java/lang/invoke/LambdaForm$DMH+0x0000023d27190400
# instanceKlass java/lang/invoke/LambdaForm$MH+0x0000023d27190000
# instanceKlass java/lang/invoke/LambdaForm$MH+0x0000023d2715cc00
instanceKlass java/lang/invoke/MethodHandle$1
instanceKlass com/sun/scenario/effect/EffectHelper
instanceKlass javafx/scene/effect/Effect$1
instanceKlass com/sun/scenario/effect/Effect
instanceKlass com/sun/scenario/effect/EffectHelper$EffectAccessor
instanceKlass javafx/beans/value/ObservableIntegerValue
instanceKlass javafx/beans/value/WritableIntegerValue
instanceKlass  @bci javafx/scene/control/Label <init> ()V 6 <appendix> member <vmtarget> ; # javafx/scene/control/Label$$Lambda+0x0000023d2715ec10
instanceKlass javafx/fxml/FXMLLoader$ControllerMethodEventHandler
instanceKlass javafx/fxml/FXMLLoader$MethodHandler
instanceKlass javafx/animation/Animation
instanceKlass javafx/scene/paint/Color$NamedColors
# instanceKlass java/lang/invoke/LambdaForm$MH+0x0000023d2715c800
# instanceKlass java/lang/invoke/LambdaForm$MH+0x0000023d2715c400
# instanceKlass java/lang/invoke/LambdaForm$MH+0x0000023d2715c000
instanceKlass com/sun/javafx/image/impl/ByteRgba$Accessor
instanceKlass com/sun/javafx/image/impl/ByteRgba
instanceKlass com/sun/javafx/image/impl/ByteBgraPre$Accessor
instanceKlass com/sun/javafx/image/impl/ByteBgraPre
instanceKlass com/sun/javafx/image/impl/BaseByteToByteConverter
instanceKlass com/sun/javafx/image/ByteToBytePixelConverter
instanceKlass com/sun/javafx/image/PixelConverter
instanceKlass com/sun/javafx/image/impl/ByteBgra$Accessor
instanceKlass com/sun/javafx/image/BytePixelAccessor
instanceKlass com/sun/javafx/image/BytePixelSetter
instanceKlass com/sun/javafx/image/PixelSetter
instanceKlass com/sun/javafx/image/BytePixelGetter
instanceKlass com/sun/javafx/image/impl/ByteBgra
# instanceKlass java/lang/invoke/LambdaForm$MH+0x0000023d27156c00
# instanceKlass java/lang/invoke/LambdaForm$MH+0x0000023d27156800
# instanceKlass java/lang/invoke/LambdaForm$MH+0x0000023d27156400
instanceKlass com/sun/javafx/font/PrismFontFactory$TTFilter
instanceKlass  @bci com/sun/javafx/font/PrismFontFactory populateFontFileNameMapGeneric (Ljava/lang/String;)V 12 <appendix> member <vmtarget> ; # com/sun/javafx/font/PrismFontFactory$$Lambda+0x0000023d27157af0
instanceKlass com/sun/javafx/font/PrismCompositeFontResource
instanceKlass com/sun/javafx/font/PrismFontFile$DirectoryEntry
instanceKlass com/sun/javafx/font/FontFileReader$Buffer
instanceKlass  @bci com/sun/javafx/font/FontFileReader openFile ()Z 11 <appendix> member <vmtarget> ; # com/sun/javafx/font/FontFileReader$$Lambda+0x0000023d27153180
instanceKlass com/sun/javafx/font/FontFileReader
instanceKlass com/sun/javafx/font/PrismFontStrike
instanceKlass com/sun/javafx/font/DisposerRecord
instanceKlass  @bci jdk/internal/net/http/Http1Request hostString ()Ljava/lang/String; 78 <appendix> form vmentry <vmtarget> ; # java/lang/invoke/LambdaForm$MH+0x0000023d27156000
# instanceKlass java/lang/invoke/LambdaForm$MH+0x0000023d27155c00
instanceKlass  @bci jdk/internal/net/http/Http1Request hostString ()Ljava/lang/String; 78 <appendix> argL3 form vmentry <vmtarget> ; # java/lang/invoke/LambdaForm$MH+0x0000023d27155800
# instanceKlass java/lang/invoke/LambdaForm$MH+0x0000023d27155400
# instanceKlass java/lang/invoke/LambdaForm$MH+0x0000023d27155000
# instanceKlass java/lang/invoke/LambdaForm$MH+0x0000023d27154c00
instanceKlass com/sun/javafx/font/WindowsFontMap$FamilyDescription
instanceKlass com/sun/javafx/font/WindowsFontMap
instanceKlass  @bci jdk/internal/reflect/MethodHandleObjectFieldAccessorImpl set (Ljava/lang/Object;Ljava/lang/Object;)V 41 <adapter> ; # java/lang/invoke/LambdaForm$MH+0x0000023d27154800
# instanceKlass java/lang/invoke/LambdaForm$MH+0x0000023d27154400
instanceKlass  @cpi jdk/internal/net/http/common/DebugLogger$LoggerConfig 121 form vmentry <vmtarget> ; # java/lang/invoke/LambdaForm$MH+0x0000023d27154000
instanceKlass javafx/fxml/FXML
instanceKlass javafx/fxml/FXMLLoader$ControllerAccessor$1
instanceKlass java/lang/Class$AnnotationData
instanceKlass java/lang/annotation/Target
instanceKlass sun/reflect/annotation/ExceptionProxy
instanceKlass java/lang/annotation/Documented
instanceKlass java/lang/reflect/Proxy$ProxyBuilder$1
instanceKlass jdk/internal/org/objectweb/asm/Edge
instanceKlass  @bci java/lang/reflect/ProxyGenerator addProxyMethod (Ljava/lang/reflect/Method;Ljava/lang/Class;)V 23 <appendix> argL0 ; # java/lang/reflect/ProxyGenerator$$Lambda+0x0000023d27162780
instanceKlass  @bci java/lang/reflect/ProxyGenerator addProxyMethod (Ljava/lang/reflect/ProxyGenerator$ProxyMethod;)V 10 <appendix> argL0 ; # java/lang/reflect/ProxyGenerator$$Lambda+0x0000023d27162550
instanceKlass java/util/StringJoiner
instanceKlass java/lang/reflect/ProxyGenerator$ProxyMethod
instanceKlass  @bci java/lang/reflect/Proxy getLoader (Ljava/lang/Module;)Ljava/lang/ClassLoader; 6 <appendix> member <vmtarget> ; # java/lang/reflect/Proxy$$Lambda+0x0000023d27161e28
instanceKlass  @bci java/lang/WeakPairMap computeIfAbsent (Ljava/lang/Object;Ljava/lang/Object;Ljava/util/function/BiFunction;)Ljava/lang/Object; 18 <appendix> member <vmtarget> ; # java/lang/WeakPairMap$$Lambda+0x0000023d271619f0
instanceKlass  @bci java/lang/Module implAddExportsOrOpens (Ljava/lang/String;Ljava/lang/Module;ZZ)V 145 <appendix> argL0 ; # java/lang/Module$$Lambda+0x0000023d271617d0
instanceKlass  @bci java/lang/reflect/Proxy$ProxyBuilder getDynamicModule (Ljava/lang/ClassLoader;)Ljava/lang/Module; 4 <appendix> argL0 ; # java/lang/reflect/Proxy$ProxyBuilder$$Lambda+0x0000023d27160eb8
instanceKlass java/lang/PublicMethods
instanceKlass java/lang/reflect/Proxy$ProxyBuilder
instanceKlass  @bci java/lang/reflect/Proxy getProxyConstructor (Ljava/lang/Class;Ljava/lang/ClassLoader;[Ljava/lang/Class;)Ljava/lang/reflect/Constructor; 35 <appendix> argL0 ; # java/lang/reflect/Proxy$$Lambda+0x0000023d27160240
instanceKlass java/lang/reflect/Proxy
instanceKlass sun/reflect/annotation/AnnotationInvocationHandler
instanceKlass java/lang/reflect/InvocationHandler
instanceKlass sun/reflect/annotation/AnnotationParser$1
instanceKlass java/lang/annotation/Inherited
instanceKlass java/lang/annotation/Retention
instanceKlass sun/reflect/annotation/AnnotationType$1
instanceKlass sun/reflect/annotation/AnnotationType
instanceKlass java/lang/reflect/GenericArrayType
instanceKlass javafx/beans/DefaultProperty
instanceKlass com/sun/javafx/beans/IDProperty
instanceKlass javafx/css/converter/CursorConverter$Holder
instanceKlass javafx/scene/Node$StyleableProperties
instanceKlass com/sun/javafx/scene/layout/region/BorderImageSlices
instanceKlass javafx/scene/layout/BackgroundSize
instanceKlass javafx/scene/layout/BackgroundPosition
instanceKlass com/sun/javafx/scene/layout/region/RepeatStruct
instanceKlass javafx/scene/layout/Region$StyleableProperties
instanceKlass javafx/scene/control/Control$StyleableProperties
instanceKlass javafx/css/converter/FontConverter$FontStyleConverter$Holder
instanceKlass javafx/css/converter/FontConverter$Holder
instanceKlass com/sun/javafx/font/PrismFont
instanceKlass com/sun/javafx/font/CharToGlyphMapper
instanceKlass com/sun/javafx/font/FontStrike
instanceKlass com/sun/javafx/font/LogicalFont
instanceKlass com/sun/javafx/font/CompositeFontResource
instanceKlass com/sun/javafx/font/directwrite/IUnknown
instanceKlass  @bci com/sun/javafx/font/directwrite/OS <clinit> ()V 0 <appendix> argL0 ; # com/sun/javafx/font/directwrite/OS$$Lambda+0x0000023d27142648
instanceKlass com/sun/javafx/font/directwrite/OS
instanceKlass com/sun/javafx/font/FontFallbackInfo
instanceKlass com/sun/javafx/text/GlyphLayout
instanceKlass com/sun/javafx/font/PrismFontFile
instanceKlass com/sun/javafx/font/FontConstants
instanceKlass com/sun/javafx/scene/text/FontHelper
instanceKlass javafx/scene/text/Font$1
instanceKlass com/sun/javafx/scene/text/FontHelper$FontAccessor
instanceKlass javafx/scene/control/Labeled$StyleableProperties
instanceKlass com/jfoenix/converters/ButtonTypeConverter$Holder
instanceKlass com/jfoenix/controls/JFXButton$StyleableProperties
instanceKlass javafx/event/WeakEventHandler
instanceKlass com/sun/javafx/event/CompositeEventHandler$EventProcessorRecord
instanceKlass com/sun/javafx/event/CompositeEventHandler
instanceKlass  @bci javafx/event/Event <clinit> ()V 0 <appendix> argL0 ; # javafx/event/Event$$Lambda+0x0000023d2713e078
instanceKlass com/jfoenix/assets/JFoenixResources
instanceKlass  @bci javafx/scene/control/Control <clinit> ()V 35 <appendix> argL0 ; # javafx/scene/control/Control$$Lambda+0x0000023d2713dc70
instanceKlass  @cpi org/fxmisc/wellbehaved/event/InputMap 209 form vmentry <vmtarget> ; # java/lang/invoke/LambdaForm$DMH+0x0000023d27140000
instanceKlass com/sun/javafx/css/StyleManager$RefList
instanceKlass javafx/css/converter/FontConverter$FontWeightConverter$Holder
instanceKlass javafx/css/converter/StringConverter$Holder
instanceKlass javafx/css/converter/FontConverter$FontSizeConverter$Holder
instanceKlass javafx/css/converter/EffectConverter$Holder
instanceKlass com/sun/javafx/scene/layout/region/Margins
instanceKlass com/sun/javafx/scene/layout/region/Margins$Holder
instanceKlass javafx/css/converter/BooleanConverter$Holder
instanceKlass javafx/css/converter/SizeConverter$Holder
instanceKlass javafx/css/converter/InsetsConverter$Holder
instanceKlass com/sun/javafx/css/SelectorPartitioning$Slot
instanceKlass com/sun/javafx/css/BitSet$1
instanceKlass com/sun/javafx/css/SelectorPartitioning$Partition
instanceKlass javafx/css/converter/PaintConverter$Holder
instanceKlass javafx/css/converter/StopConverter$Holder
instanceKlass javafx/css/converter/LadderConverter$Holder
instanceKlass javafx/css/converter/DeriveColorConverter$Holder
instanceKlass javafx/css/converter/URLConverter$Holder
instanceKlass javafx/css/StyleConverter
instanceKlass javafx/css/Size
instanceKlass javafx/css/ParsedValue
instanceKlass javafx/css/Declaration
instanceKlass javafx/css/Rule$Observables
instanceKlass  @bci com/sun/javafx/css/SelectorPartitioning <clinit> ()V 28 <appendix> argL0 ; # com/sun/javafx/css/SelectorPartitioning$$Lambda+0x0000023d27130200
instanceKlass com/sun/javafx/css/SelectorPartitioning$PartitionKey
instanceKlass com/sun/javafx/css/SelectorPartitioning
instanceKlass com/sun/javafx/css/StyleManager$StylesheetContainer
instanceKlass java/util/AbstractList$SubList$1
instanceKlass javafx/collections/ModifiableObservableListBase$SubObservableList
instanceKlass javafx/css/StyleClass
instanceKlass javafx/css/Rule
instanceKlass javafx/css/StyleConverter$StringStore
instanceKlass sun/net/www/protocol/jar/JarFileFactory
instanceKlass sun/net/www/protocol/jar/URLJarFile$URLJarFileCloseController
instanceKlass javafx/css/Stylesheet
# instanceKlass java/lang/invoke/LambdaForm$MH+0x0000023d2712c400
# instanceKlass java/lang/invoke/LambdaForm$MH+0x0000023d2712c000
instanceKlass  @bci com/sun/javafx/font/PrismFontFactory <clinit> ()V 59 <appendix> member <vmtarget> ; # com/sun/javafx/font/PrismFontFactory$$Lambda+0x0000023d2712af88
instanceKlass java/io/FilenameFilter
instanceKlass com/sun/javafx/font/FontResource
instanceKlass com/sun/javafx/font/PGFont
instanceKlass com/sun/javafx/font/PrismFontFactory
instanceKlass com/sun/javafx/scene/text/TextLine
instanceKlass com/sun/javafx/scene/text/GlyphList
instanceKlass java/text/CharacterIterator
instanceKlass com/sun/javafx/text/PrismTextLayout
instanceKlass com/sun/javafx/scene/text/TextLayout
instanceKlass com/sun/javafx/text/PrismTextLayoutFactory
instanceKlass  @bci javafx/scene/text/Text <init> ()V 64 <appendix> member <vmtarget> ; # javafx/scene/text/Text$$Lambda+0x0000023d27129b20
instanceKlass  @bci javafx/scene/text/Text <init> ()V 37 <appendix> member <vmtarget> ; # javafx/scene/text/Text$$Lambda+0x0000023d271296d0
instanceKlass javafx/scene/paint/Paint$1
instanceKlass com/sun/javafx/tk/Toolkit$PaintAccessor
instanceKlass javafx/scene/text/Text$1
instanceKlass javafx/scene/shape/Shape$1
instanceKlass com/sun/javafx/scene/text/TextSpan
instanceKlass com/sun/javafx/scene/shape/TextHelper$TextAccessor
instanceKlass com/sun/javafx/scene/shape/ShapeHelper$ShapeAccessor
instanceKlass com/sun/javafx/scene/control/skin/Utils
instanceKlass  @bci com/sun/javafx/css/StyleManager loadStylesheetUnPrivileged (Ljava/lang/String;)Ljavafx/css/Stylesheet; 7 <appendix> member <vmtarget> ; # com/sun/javafx/css/StyleManager$$Lambda+0x0000023d2711fcb0
instanceKlass com/sun/javafx/css/StyleManager$ImageCache
instanceKlass com/sun/javafx/css/StyleManager$InstanceHolder
instanceKlass com/sun/javafx/css/StyleManager
instanceKlass  @bci com/sun/javafx/application/PlatformImpl _setPlatformUserAgentStylesheet (Ljava/lang/String;)V 370 <appendix> member <vmtarget> ; # com/sun/javafx/application/PlatformImpl$$Lambda+0x0000023d2711f4a0
instanceKlass  @bci com/sun/javafx/application/PlatformImpl _setAccessibilityTheme (Ljava/lang/String;)V 0 <appendix> argL0 ; # com/sun/javafx/application/PlatformImpl$$Lambda+0x0000023d2711f290
instanceKlass  @bci com/sun/glass/ui/win/WinApplication getHighContrastScheme (Ljava/lang/String;)Ljava/lang/String; 11 <appendix> member <vmtarget> ; # com/sun/glass/ui/win/WinApplication$$Lambda+0x0000023d2711f058
instanceKlass com/sun/javafx/tk/quantum/QuantumToolkit$6
instanceKlass  @bci com/sun/javafx/application/PlatformImpl _setPlatformUserAgentStylesheet (Ljava/lang/String;)V 8 <appendix> argL0 ; # com/sun/javafx/application/PlatformImpl$$Lambda+0x0000023d2711e828
instanceKlass javafx/scene/control/Control$1
instanceKlass javafx/scene/control/Skin
instanceKlass com/sun/javafx/scene/control/ControlHelper$ControlAccessor
instanceKlass java/util/Collections$1
instanceKlass sun/reflect/generics/reflectiveObjects/LazyReflectiveObjectGenerator
instanceKlass sun/reflect/generics/tree/TypeVariableSignature
instanceKlass sun/reflect/generics/tree/ClassSignature
instanceKlass sun/reflect/generics/reflectiveObjects/ParameterizedTypeImpl
instanceKlass java/lang/reflect/ParameterizedType
instanceKlass sun/reflect/generics/visitor/Reifier
instanceKlass sun/reflect/generics/visitor/TypeTreeVisitor
instanceKlass sun/reflect/generics/tree/MethodTypeSignature
instanceKlass sun/reflect/generics/tree/Signature
instanceKlass sun/reflect/generics/tree/ClassTypeSignature
instanceKlass sun/reflect/generics/tree/SimpleClassTypeSignature
instanceKlass sun/reflect/generics/tree/FieldTypeSignature
instanceKlass sun/reflect/generics/tree/TypeArgument
instanceKlass sun/reflect/generics/tree/BaseType
instanceKlass sun/reflect/generics/tree/TypeSignature
instanceKlass sun/reflect/generics/tree/ReturnType
instanceKlass sun/reflect/generics/tree/FormalTypeParameter
instanceKlass sun/reflect/generics/tree/TypeTree
instanceKlass sun/reflect/generics/tree/Tree
instanceKlass sun/reflect/generics/parser/SignatureParser
instanceKlass sun/reflect/generics/repository/AbstractRepository
instanceKlass sun/reflect/generics/factory/CoreReflectionFactory
instanceKlass sun/reflect/generics/factory/GenericsFactory
instanceKlass sun/reflect/generics/scope/AbstractScope
instanceKlass sun/reflect/generics/scope/Scope
# instanceKlass java/lang/invoke/LambdaForm$MH+0x0000023d27115c00
# instanceKlass java/lang/invoke/LambdaForm$MH+0x0000023d27115800
instanceKlass  @cpi jdk/internal/net/http/common/Utils 1319 form vmentry <vmtarget> ; # java/lang/invoke/LambdaForm$DMH+0x0000023d27115400
# instanceKlass java/lang/invoke/LambdaForm$MH+0x0000023d27115000
# instanceKlass java/lang/invoke/LambdaForm$BMH+0x0000023d27114c00
# instanceKlass java/lang/invoke/LambdaForm$DMH+0x0000023d27114800
# instanceKlass java/lang/invoke/LambdaForm$MH+0x0000023d27114400
# instanceKlass java/lang/invoke/LambdaForm$DMH+0x0000023d27114000
instanceKlass  @cpi org/reactfx/Suspendable$1 58 form vmentry <vmtarget> ; # java/lang/invoke/LambdaForm$DMH+0x0000023d27113c00
# instanceKlass java/lang/invoke/LambdaForm$MH+0x0000023d27113800
# instanceKlass java/lang/invoke/LambdaForm$MH+0x0000023d27113400
# instanceKlass java/lang/invoke/LambdaForm$MH+0x0000023d27113000
# instanceKlass java/lang/invoke/LambdaForm$DMH+0x0000023d27112c00
# instanceKlass java/lang/invoke/LambdaForm$BMH+0x0000023d27112800
# instanceKlass java/lang/invoke/LambdaForm$DMH+0x0000023d27112400
# instanceKlass java/lang/invoke/LambdaForm$MH+0x0000023d27112000
# instanceKlass java/lang/invoke/LambdaForm$DMH+0x0000023d27111c00
instanceKlass java/lang/invoke/ClassSpecializer$Factory$1Var
# instanceKlass java/lang/invoke/LambdaForm$BMH+0x0000023d27111800
# instanceKlass java/lang/invoke/LambdaForm$DMH+0x0000023d27111400
# instanceKlass java/lang/invoke/LambdaForm$DMH+0x0000023d27111000
instanceKlass sun/invoke/util/ValueConversions$1
instanceKlass sun/invoke/util/ValueConversions$WrapperCache
# instanceKlass java/lang/invoke/LambdaForm$DMH+0x0000023d27110c00
# instanceKlass java/lang/invoke/LambdaForm$MH+0x0000023d27110800
# instanceKlass java/lang/invoke/LambdaForm$MH+0x0000023d27110400
# instanceKlass java/lang/invoke/LambdaForm$MH+0x0000023d27110000
instanceKlass com/sun/prism/Image$Serial
instanceKlass com/sun/prism/Image$1
instanceKlass javafx/scene/image/PixelFormat
instanceKlass com/sun/javafx/image/PixelGetter
instanceKlass com/sun/prism/Image$Accessor
instanceKlass com/sun/prism/Image
instanceKlass com/sun/javafx/iio/ImageFrame
instanceKlass com/sun/javafx/iio/ImageMetadata
instanceKlass com/sun/javafx/iio/jpeg/JPEGImageLoader$Lock
instanceKlass  @bci com/sun/javafx/iio/jpeg/JPEGImageLoader <clinit> ()V 16 <appendix> argL0 ; # com/sun/javafx/iio/jpeg/JPEGImageLoader$$Lambda+0x0000023d2710a080
instanceKlass com/sun/javafx/iio/common/ImageLoaderImpl
instanceKlass com/sun/javafx/iio/common/ImageTools
instanceKlass com/sun/javafx/iio/ImageFormatDescription$Signature
instanceKlass com/sun/javafx/iio/common/ImageDescriptor
instanceKlass com/sun/javafx/iio/bmp/BMPImageLoaderFactory
instanceKlass com/sun/javafx/iio/png/PNGImageLoaderFactory
instanceKlass com/sun/javafx/iio/jpeg/JPEGImageLoaderFactory
instanceKlass com/sun/javafx/iio/ImageFormatDescription
instanceKlass com/sun/javafx/iio/ImageLoader
instanceKlass com/sun/javafx/iio/gif/GIFImageLoaderFactory
instanceKlass com/sun/javafx/iio/ImageLoaderFactory
instanceKlass com/sun/javafx/iio/ImageStorage$InstanceHolder
instanceKlass com/sun/javafx/iio/ImageStorage
instanceKlass com/sun/javafx/tk/quantum/PrismImageLoader2$PrismLoadListener
instanceKlass com/sun/javafx/iio/ImageLoadListener
instanceKlass com/sun/javafx/tk/quantum/PrismImageLoader2
instanceKlass com/sun/javafx/util/DataURI
instanceKlass java/util/LinkedList$ListItr
instanceKlass javafx/beans/WeakInvalidationListener
instanceKlass javafx/scene/image/ImageView$1
instanceKlass com/sun/javafx/scene/ImageViewHelper$ImageViewAccessor
instanceKlass com/sun/javafx/beans/event/AbstractNotifyListener
# instanceKlass java/lang/invoke/LambdaForm$MH+0x0000023d27101800
# instanceKlass java/lang/invoke/LambdaForm$MH+0x0000023d27101400
# instanceKlass java/lang/invoke/LambdaForm$MH+0x0000023d27101000
instanceKlass  @bci java/lang/ClassLoader definePackage (Ljava/lang/String;Ljava/lang/Module;)Ljava/lang/Package; 73 <appendix> member <vmtarget> ; # java/lang/ClassLoader$$Lambda+0x0000023d270f2d40
instanceKlass com/sun/javafx/reflect/Trampoline
instanceKlass com/sun/javafx/reflect/MethodUtil$1
instanceKlass  @bci com/sun/javafx/fxml/MethodHelper <clinit> ()V 0 <appendix> argL0 ; # com/sun/javafx/fxml/MethodHelper$$Lambda+0x0000023d270ea170
instanceKlass com/sun/javafx/fxml/MethodHelper
# instanceKlass java/lang/invoke/LambdaForm$MH+0x0000023d27100800
instanceKlass java/lang/reflect/AnnotatedType
instanceKlass java/lang/reflect/TypeVariable
instanceKlass  @bci com/sun/javafx/fxml/ModuleHelper <clinit> ()V 0 <appendix> argL0 ; # com/sun/javafx/fxml/ModuleHelper$$Lambda+0x0000023d270e9d68
instanceKlass com/sun/javafx/fxml/ModuleHelper
instanceKlass  @bci com/sun/javafx/fxml/BeanAdapter getMethodName (Ljava/lang/String;Ljava/lang/String;)Ljava/lang/String; 14 <appendix> form vmentry <vmtarget> ; # java/lang/invoke/LambdaForm$MH+0x0000023d27100400
# instanceKlass java/lang/invoke/LambdaForm$MH+0x0000023d27100000
instanceKlass  @bci com/sun/javafx/fxml/BeanAdapter getMethodName (Ljava/lang/String;Ljava/lang/String;)Ljava/lang/String; 14 <appendix> form names 8 function resolvedHandle form vmentry <vmtarget> ; # java/lang/invoke/LambdaForm$DMH+0x0000023d270efc00
instanceKlass  @bci com/sun/javafx/fxml/BeanAdapter getMethodName (Ljava/lang/String;Ljava/lang/String;)Ljava/lang/String; 14 <appendix> argL3 form vmentry <vmtarget> ; # java/lang/invoke/LambdaForm$MH+0x0000023d270ef800
# instanceKlass java/lang/invoke/LambdaForm$MH+0x0000023d270ef400
# instanceKlass java/lang/invoke/LambdaForm$MH+0x0000023d270ef000
# instanceKlass java/lang/invoke/LambdaForm$MH+0x0000023d270eec00
# instanceKlass java/lang/invoke/LambdaForm$MH+0x0000023d270ee800
# instanceKlass java/lang/invoke/LambdaForm$MH+0x0000023d270ee400
# instanceKlass java/lang/invoke/LambdaForm$MH+0x0000023d270ee000
instanceKlass  @bci com/sun/javafx/fxml/BeanAdapter getMethodName (Ljava/lang/String;Ljava/lang/String;)Ljava/lang/String; 14 <appendix> form names 12 function resolvedHandle form vmentry <vmtarget> ; # java/lang/invoke/LambdaForm$DMH+0x0000023d270edc00
instanceKlass  @bci com/sun/javafx/fxml/BeanAdapter getMethodName (Ljava/lang/String;Ljava/lang/String;)Ljava/lang/String; 14 <appendix> argL1 form vmentry <vmtarget> ; # java/lang/invoke/LambdaForm$MH+0x0000023d270ed800
# instanceKlass java/lang/invoke/LambdaForm$MH+0x0000023d270ed400
instanceKlass  @bci jdk/internal/net/http/Http1Request hostString ()Ljava/lang/String; 78 <appendix> argL1 form vmentry <vmtarget> ; # java/lang/invoke/LambdaForm$MH+0x0000023d270ed000
# instanceKlass java/lang/invoke/LambdaForm$MH+0x0000023d270ecc00
# instanceKlass java/lang/invoke/LambdaForm$MH+0x0000023d270ec800
# instanceKlass java/lang/invoke/LambdaForm$MH+0x0000023d270ec400
# instanceKlass java/lang/invoke/LambdaForm$MH+0x0000023d270ec000
instanceKlass javafx/css/CssMetaData
instanceKlass com/sun/javafx/geom/Point2D
instanceKlass javafx/scene/Node$MiscProperties
instanceKlass javafx/scene/input/Clipboard
instanceKlass javafx/scene/Node$NodeTransformation
instanceKlass com/sun/javafx/scene/EventHandlerProperties
instanceKlass javafx/scene/Node$AccessibilityProperties
instanceKlass javafx/scene/Cursor
instanceKlass javafx/event/EventType
instanceKlass javafx/scene/SnapshotParameters
instanceKlass javafx/geometry/Point2D
instanceKlass javafx/css/Selector
instanceKlass com/sun/javafx/scene/input/PickResultChooser
instanceKlass com/sun/javafx/geom/PickRay
instanceKlass javafx/scene/layout/Border
instanceKlass javafx/scene/layout/Background
instanceKlass javafx/scene/layout/CornerRadii
instanceKlass javafx/scene/layout/BorderWidths
instanceKlass com/sun/javafx/fxml/BeanAdapter$MethodCache
instanceKlass com/sun/javafx/fxml/BeanAdapter$1
instanceKlass java/util/Formattable
instanceKlass java/time/LocalTime$1
instanceKlass java/lang/StringUTF16$CharsSpliterator
instanceKlass java/util/stream/Sink$ChainedInt
instanceKlass  @bci java/util/stream/FindOps$FindSink$OfInt <clinit> ()V 43 <appendix> argL0 ; # java/util/stream/FindOps$FindSink$OfInt$$Lambda+0x800000049
instanceKlass  @bci java/util/stream/FindOps$FindSink$OfInt <clinit> ()V 38 <appendix> argL0 ; # java/util/stream/FindOps$FindSink$OfInt$$Lambda+0x80000004b
instanceKlass  @bci java/util/stream/FindOps$FindSink$OfInt <clinit> ()V 16 <appendix> argL0 ; # java/util/stream/FindOps$FindSink$OfInt$$Lambda+0x80000004a
instanceKlass  @bci java/util/stream/FindOps$FindSink$OfInt <clinit> ()V 11 <appendix> argL0 ; # java/util/stream/FindOps$FindSink$OfInt$$Lambda+0x80000004c
instanceKlass java/util/OptionalInt
instanceKlass java/util/stream/Sink$OfInt
instanceKlass java/util/function/IntConsumer
instanceKlass  @bci java/text/DecimalFormatSymbols findNonFormatChar (Ljava/lang/String;C)C 4 <appendix> argL0 ; # java/text/DecimalFormatSymbols$$Lambda+0x80000000d
instanceKlass java/util/function/IntPredicate
instanceKlass java/util/stream/IntStream
instanceKlass java/lang/StringLatin1$CharsSpliterator
instanceKlass sun/util/locale/provider/LocaleResources
instanceKlass  @bci sun/util/locale/provider/JRELocaleProviderAdapter getDecimalFormatSymbolsProvider ()Ljava/text/spi/DecimalFormatSymbolsProvider; 8 <appendix> member <vmtarget> ; # sun/util/locale/provider/JRELocaleProviderAdapter$$Lambda+0x80000006b
instanceKlass java/text/DecimalFormatSymbols
instanceKlass sun/util/resources/Bundles$CacheKeyReference
instanceKlass  @bci sun/util/cldr/CLDRLocaleProviderAdapter applyAliases (Ljava/util/Locale;)Ljava/util/Locale; 4 <appendix> argL0 ; # sun/util/cldr/CLDRLocaleProviderAdapter$$Lambda+0x800000064
instanceKlass sun/util/resources/Bundles$CacheKey
instanceKlass sun/util/resources/Bundles
instanceKlass sun/util/resources/LocaleData$LocaleDataStrategy
instanceKlass sun/util/resources/Bundles$Strategy
instanceKlass sun/util/resources/LocaleData$1
instanceKlass sun/util/resources/LocaleData
instanceKlass java/util/Locale$Builder
instanceKlass sun/util/locale/provider/CalendarDataUtility
instanceKlass sun/util/locale/provider/AvailableLanguageTags
instanceKlass  @bci sun/util/locale/provider/JRELocaleProviderAdapter getDateFormatSymbolsProvider ()Ljava/text/spi/DateFormatSymbolsProvider; 8 <appendix> member <vmtarget> ; # sun/util/locale/provider/JRELocaleProviderAdapter$$Lambda+0x80000006a
instanceKlass sun/util/resources/cldr/provider/CLDRLocaleDataMetaInfo
instanceKlass  @bci sun/util/cldr/CLDRLocaleProviderAdapter <init> ()V 4 <appendix> argL0 ; # sun/util/cldr/CLDRLocaleProviderAdapter$$Lambda+0x800000066
instanceKlass sun/util/locale/BaseLocale$Key
instanceKlass sun/util/locale/InternalLocaleBuilder$CaseInsensitiveChar
instanceKlass sun/util/locale/InternalLocaleBuilder
instanceKlass sun/util/locale/StringTokenIterator
instanceKlass sun/util/locale/ParseStatus
instanceKlass sun/util/locale/LanguageTag
instanceKlass sun/util/cldr/CLDRBaseLocaleDataMetaInfo
instanceKlass sun/util/locale/provider/LocaleDataMetaInfo
instanceKlass sun/util/locale/provider/ResourceBundleBasedAdapter
instanceKlass sun/util/locale/provider/LocaleProviderAdapter
instanceKlass java/util/spi/LocaleServiceProvider
instanceKlass java/text/DateFormatSymbols
instanceKlass java/time/LocalDate$1
instanceKlass java/time/ZonedDateTime$1
instanceKlass java/util/Calendar
instanceKlass java/util/Date
instanceKlass java/util/Formatter$FixedString
instanceKlass java/util/Formatter$DateTime
instanceKlass java/util/Formatter$Flags
instanceKlass java/util/Formatter$FormatSpecifier
instanceKlass java/util/Formatter$FormatString
instanceKlass java/util/Formatter$Conversion
instanceKlass java/util/Formatter
instanceKlass  @bci jdk/internal/module/SystemModuleFinders$SystemModuleReader open (Ljava/lang/String;)Ljava/util/Optional; 6 <appendix> member <vmtarget> ; # jdk/internal/module/SystemModuleFinders$SystemModuleReader$$Lambda+0x0000023d270f0b00
instanceKlass  @bci java/util/ResourceBundle$ResourceBundleProviderHelper loadPropertyResourceBundle (Ljava/lang/Module;Ljava/lang/Module;Ljava/lang/String;Ljava/util/Locale;)Ljava/util/ResourceBundle; 14 <appendix> member <vmtarget> ; # java/util/ResourceBundle$ResourceBundleProviderHelper$$Lambda+0x0000023d270f08e8
instanceKlass  @bci java/util/ResourceBundle$ResourceBundleProviderHelper newResourceBundle (Ljava/lang/Class;)Ljava/util/ResourceBundle; 22 <appendix> member <vmtarget> ; # java/util/ResourceBundle$ResourceBundleProviderHelper$$Lambda+0x800000012
instanceKlass  @bci java/util/ResourceBundle$ResourceBundleProviderHelper loadResourceBundle (Ljava/lang/Module;Ljava/lang/Module;Ljava/lang/String;Ljava/util/Locale;)Ljava/util/ResourceBundle; 13 <appendix> member <vmtarget> ; # java/util/ResourceBundle$ResourceBundleProviderHelper$$Lambda+0x0000023d270f0228
instanceKlass java/util/ResourceBundle$ResourceBundleProviderHelper
instanceKlass java/util/ResourceBundle$3
instanceKlass  @bci java/util/ResourceBundle getLoader (Ljava/lang/Module;)Ljava/lang/ClassLoader; 6 <appendix> member <vmtarget> ; # java/util/ResourceBundle$$Lambda+0x0000023d2707fce0
instanceKlass java/util/ResourceBundle$CacheKeyReference
instanceKlass java/util/ResourceBundle$CacheKey
instanceKlass sun/util/locale/LocaleObjectCache
instanceKlass java/util/ResourceBundle$Control
instanceKlass java/util/ResourceBundle$1
instanceKlass jdk/internal/access/JavaUtilResourceBundleAccess
instanceKlass java/util/ResourceBundle
instanceKlass java/util/logging/Level$RbAccess
instanceKlass  @bci java/util/logging/LogRecord inferCaller ()V 18 <appendix> member <vmtarget> ; # java/util/logging/LogRecord$$Lambda+0x0000023d2707f270
instanceKlass  @bci java/util/logging/LogRecord$CallerFinder get ()Ljava/util/Optional; 4 <appendix> member <vmtarget> ; # java/util/logging/LogRecord$CallerFinder$$Lambda+0x0000023d2707e780
instanceKlass  @bci java/util/logging/LogRecord$CallerFinder <clinit> ()V 0 <appendix> argL0 ; # java/util/logging/LogRecord$CallerFinder$$Lambda+0x0000023d2707e570
instanceKlass java/util/logging/LogRecord$CallerFinder
instanceKlass java/time/ZonedDateTime
instanceKlass java/time/chrono/ChronoZonedDateTime
instanceKlass java/time/LocalTime
instanceKlass java/time/temporal/ValueRange
instanceKlass java/time/Duration
instanceKlass java/time/temporal/TemporalAmount
instanceKlass java/time/temporal/TemporalUnit
instanceKlass java/time/temporal/TemporalField
instanceKlass java/time/LocalDate
instanceKlass java/time/chrono/ChronoLocalDate
instanceKlass java/time/zone/ZoneOffsetTransition
instanceKlass  @bci java/time/ZoneOffset ofTotalSeconds (I)Ljava/time/ZoneOffset; 37 <appendix> argL0 ; # java/time/ZoneOffset$$Lambda+0x80000000e
instanceKlass java/time/LocalDateTime
instanceKlass java/time/chrono/ChronoLocalDateTime
instanceKlass java/time/zone/ZoneOffsetTransitionRule
instanceKlass java/time/zone/ZoneRules
instanceKlass java/time/zone/Ser
instanceKlass java/io/Externalizable
instanceKlass java/time/zone/ZoneRulesProvider$1
instanceKlass java/time/zone/ZoneRulesProvider
instanceKlass sun/util/calendar/ZoneInfoFile$ZoneOffsetTransitionRule
instanceKlass sun/util/calendar/ZoneInfoFile$1
instanceKlass sun/util/calendar/ZoneInfoFile
instanceKlass java/util/TimeZone
instanceKlass java/time/ZoneId
instanceKlass java/util/logging/LogManager$CloseOnReset
instanceKlass java/util/logging/StreamHandler$1
instanceKlass java/util/logging/Handler$1
instanceKlass java/util/logging/ErrorManager
instanceKlass jdk/internal/logger/SimpleConsoleLogger$Formatting
instanceKlass  @bci java/util/logging/SimpleFormatter <init> ()V 5 <appendix> argL0 ; # java/util/logging/SimpleFormatter$$Lambda+0x0000023d270795b8
instanceKlass java/util/logging/Formatter
instanceKlass java/time/Clock
instanceKlass java/time/InstantSource
instanceKlass java/time/Instant
instanceKlass java/time/temporal/TemporalAdjuster
instanceKlass java/time/temporal/Temporal
instanceKlass java/time/temporal/TemporalAccessor
instanceKlass java/util/logging/LogRecord
instanceKlass java/util/logging/LogManager$4
instanceKlass jdk/internal/logger/BootstrapLogger$BootstrapExecutors
instanceKlass  @bci java/util/logging/Level$KnownLevel findByName (Ljava/lang/String;Ljava/util/function/Function;)Ljava/util/Optional; 29 <appendix> argL0 ; # java/util/logging/Level$KnownLevel$$Lambda+0x800000025
instanceKlass java/util/ArrayList$ArrayListSpliterator
instanceKlass  @bci java/util/logging/Level findLevel (Ljava/lang/String;)Ljava/util/logging/Level; 13 <appendix> argL0 ; # java/util/logging/Level$$Lambda+0x800000013
instanceKlass java/util/Hashtable$Enumerator
instanceKlass java/util/Collections$SynchronizedCollection
instanceKlass java/util/Properties$EntrySet
instanceKlass java/util/Collections$3
instanceKlass java/util/logging/LogManager$LoggerContext$1
instanceKlass java/util/logging/LogManager$VisitedLoggers
instanceKlass java/util/logging/Logger$ConfigurationData
instanceKlass java/util/logging/Logger$LoggerBundle
instanceKlass java/util/logging/Handler
instanceKlass java/util/logging/Logger
instanceKlass java/util/logging/LogManager$2
instanceKlass java/util/logging/LogManager$LoggingProviderAccess
instanceKlass java/util/logging/LogManager$LogNode
instanceKlass java/util/logging/LogManager$LoggerContext
instanceKlass java/util/logging/LogManager$1
instanceKlass  @bci java/util/logging/Level$KnownLevel add (Ljava/util/logging/Level;)V 49 <appendix> argL0 ; # java/util/logging/Level$KnownLevel$$Lambda+0x800000024
instanceKlass  @bci java/util/logging/Level$KnownLevel add (Ljava/util/logging/Level;)V 19 <appendix> argL0 ; # java/util/logging/Level$KnownLevel$$Lambda+0x800000023
instanceKlass java/util/logging/Level
instanceKlass java/util/logging/LogManager
instanceKlass java/io/FilePermission$1
instanceKlass jdk/internal/access/JavaIOFilePermissionAccess
instanceKlass jdk/internal/logger/LoggerFinderLoader
instanceKlass sun/security/util/SecurityProperties
instanceKlass sun/security/util/FilePermCompat
instanceKlass  @bci java/lang/System$LoggerFinder accessProvider ()Ljava/lang/System$LoggerFinder; 8 <appendix> argL0 ; # java/lang/System$LoggerFinder$$Lambda+0x0000023d27077470
instanceKlass com/sun/javafx/logging/PlatformLogger
instanceKlass com/sun/javafx/util/Logging
instanceKlass java/util/StringTokenizer
instanceKlass javafx/geometry/Insets
instanceKlass  @bci javafx/scene/layout/Region <init> ()V 6 <appendix> member <vmtarget> ; # javafx/scene/layout/Region$$Lambda+0x0000023d270e7a40
instanceKlass javafx/scene/layout/Pane$1
instanceKlass com/sun/javafx/geom/Vec2d
instanceKlass javafx/scene/layout/Region$1
instanceKlass javafx/scene/Parent$1
instanceKlass  @bci javafx/scene/PropertyHelper getBooleanProperty (Ljava/lang/String;)Z 1 <appendix> member <vmtarget> ; # javafx/scene/PropertyHelper$$Lambda+0x0000023d270de2d8
instanceKlass javafx/scene/PropertyHelper
instanceKlass  @bci javafx/scene/Node <clinit> ()V 123 <appendix> argL0 ; # javafx/scene/Node$$Lambda+0x0000023d270dded0
instanceKlass  @cpi javafx/scene/Node 3284 form vmentry <vmtarget> ; # java/lang/invoke/LambdaForm$DMH+0x0000023d270e0000
instanceKlass com/sun/javafx/scene/BoundsAccessor
instanceKlass javafx/collections/SetChangeListener$Change
instanceKlass javafx/css/PseudoClass
instanceKlass javafx/geometry/Point3D
instanceKlass com/sun/javafx/scene/transform/TransformHelper
instanceKlass javafx/scene/transform/Transform$1
instanceKlass com/sun/javafx/scene/transform/TransformHelper$TransformAccessor
instanceKlass javafx/scene/transform/Transform
instanceKlass com/sun/javafx/scene/NodeHelper
instanceKlass javafx/scene/Node$1
instanceKlass com/sun/javafx/scene/layout/PaneHelper$PaneAccessor
instanceKlass com/sun/javafx/scene/layout/RegionHelper$RegionAccessor
instanceKlass com/sun/javafx/sg/prism/NGNode
instanceKlass com/sun/javafx/scene/ParentHelper$ParentAccessor
instanceKlass com/sun/javafx/scene/NodeHelper$NodeAccessor
instanceKlass com/sun/javafx/reflect/ConstructorUtil
instanceKlass javafx/scene/shape/Mesh
instanceKlass com/sun/javafx/reflect/ReflectUtil
instanceKlass controller/DashboardController/dashboardFormController
instanceKlass javafx/fxml/Initializable
instanceKlass javafx/fxml/FXMLLoader$Attribute
instanceKlass javafx/event/EventHandler
instanceKlass java/util/EventListener
instanceKlass javafx/collections/SetChangeListener
instanceKlass javafx/collections/MapChangeListener
instanceKlass javafx/beans/value/ChangeListener
instanceKlass javafx/scene/text/Font
instanceKlass javafx/scene/effect/Effect
instanceKlass javafx/scene/control/Skinnable
instanceKlass java/util/zip/Checksum$1
instanceKlass java/util/zip/CRC32
instanceKlass java/util/zip/Checksum
instanceKlass java/lang/Package$VersionInfo
instanceKlass java/util/LinkedList$Node
instanceKlass com/sun/org/apache/xerces/internal/util/XMLChar
instanceKlass com/sun/xml/internal/stream/util/BufferAllocator
instanceKlass com/sun/xml/internal/stream/util/ThreadLocalBufferAllocator
instanceKlass com/sun/xml/internal/stream/Entity
instanceKlass com/sun/org/apache/xerces/internal/util/XMLSymbols
instanceKlass com/sun/org/apache/xerces/internal/utils/XMLLimitAnalyzer
instanceKlass com/sun/org/apache/xerces/internal/impl/msg/XMLMessageFormatter
instanceKlass com/sun/org/apache/xerces/internal/util/MessageFormatter
instanceKlass com/sun/org/apache/xerces/internal/impl/XMLErrorReporter
instanceKlass com/sun/org/apache/xerces/internal/impl/XMLEntityScanner
instanceKlass com/sun/org/apache/xerces/internal/xni/XMLLocator
instanceKlass com/sun/xml/internal/stream/XMLEntityStorage
instanceKlass com/sun/org/apache/xerces/internal/impl/XMLEntityManager
instanceKlass com/sun/org/apache/xerces/internal/xni/parser/XMLEntityResolver
instanceKlass com/sun/org/apache/xerces/internal/util/NamespaceContextWrapper
instanceKlass javax/xml/namespace/NamespaceContext
instanceKlass com/sun/org/apache/xerces/internal/xni/grammars/XMLDTDDescription
instanceKlass com/sun/org/apache/xerces/internal/xni/grammars/XMLGrammarDescription
instanceKlass com/sun/org/apache/xerces/internal/impl/XMLDocumentScannerImpl$TrailingMiscDriver
instanceKlass com/sun/org/apache/xerces/internal/impl/XMLDocumentScannerImpl$PrologDriver
instanceKlass com/sun/org/apache/xerces/internal/impl/XMLDocumentScannerImpl$XMLDeclDriver
instanceKlass com/sun/org/apache/xerces/internal/util/NamespaceSupport
instanceKlass com/sun/org/apache/xerces/internal/xni/NamespaceContext
instanceKlass com/sun/org/apache/xerces/internal/util/AugmentationsImpl$AugmentationsItemsContainer
instanceKlass com/sun/org/apache/xerces/internal/util/AugmentationsImpl
instanceKlass com/sun/org/apache/xerces/internal/xni/Augmentations
instanceKlass com/sun/org/apache/xerces/internal/util/XMLAttributesImpl$Attribute
instanceKlass com/sun/org/apache/xerces/internal/util/XMLAttributesImpl
instanceKlass com/sun/org/apache/xerces/internal/xni/XMLAttributes
instanceKlass com/sun/org/apache/xerces/internal/impl/XMLDocumentFragmentScannerImpl$FragmentContentDriver
instanceKlass com/sun/org/apache/xerces/internal/impl/XMLDocumentFragmentScannerImpl$Driver
instanceKlass com/sun/org/apache/xerces/internal/impl/XMLDocumentFragmentScannerImpl$ElementStack2
instanceKlass com/sun/org/apache/xerces/internal/xni/QName
instanceKlass com/sun/org/apache/xerces/internal/impl/XMLDocumentFragmentScannerImpl$ElementStack
instanceKlass com/sun/org/apache/xerces/internal/util/XMLResourceIdentifierImpl
instanceKlass com/sun/org/apache/xerces/internal/xni/XMLResourceIdentifier
instanceKlass com/sun/org/apache/xerces/internal/xni/XMLString
instanceKlass com/sun/org/apache/xerces/internal/impl/XMLScanner
instanceKlass com/sun/xml/internal/stream/XMLBufferListener
instanceKlass com/sun/org/apache/xerces/internal/impl/XMLEntityHandler
instanceKlass com/sun/org/apache/xerces/internal/xni/parser/XMLComponent
instanceKlass com/sun/org/apache/xerces/internal/xni/parser/XMLDocumentScanner
instanceKlass com/sun/org/apache/xerces/internal/xni/parser/XMLDocumentSource
instanceKlass com/sun/org/apache/xerces/internal/util/SymbolTable$Entry
instanceKlass com/sun/org/apache/xerces/internal/util/SymbolTable
instanceKlass com/sun/org/apache/xerces/internal/impl/XMLStreamReaderImpl
instanceKlass com/sun/org/apache/xerces/internal/xni/parser/XMLInputSource
instanceKlass javax/xml/stream/util/StreamReaderDelegate
instanceKlass  @bci javax/xml/stream/FactoryFinder newInstance (Ljava/lang/Class;Ljava/lang/String;Ljava/lang/ClassLoader;ZZ)Ljava/lang/Object; 104 <appendix> member <vmtarget> ; # javax/xml/stream/FactoryFinder$$Lambda+0x0000023d2706a598
instanceKlass jdk/xml/internal/JdkConstants
instanceKlass javax/xml/parsers/SAXParserFactory
instanceKlass jdk/xml/internal/JdkXmlUtils
instanceKlass com/sun/org/apache/xerces/internal/utils/XMLSecurityPropertyManager
instanceKlass com/sun/org/apache/xerces/internal/utils/XMLSecurityManager
instanceKlass com/sun/org/apache/xerces/internal/impl/PropertyManager
instanceKlass  @bci jdk/xml/internal/SecuritySupport getContextClassLoader ()Ljava/lang/ClassLoader; 0 <appendix> argL0 ; # jdk/xml/internal/SecuritySupport$$Lambda+0x0000023d27067930
instanceKlass  @bci javax/xml/stream/FactoryFinder find (Ljava/lang/Class;Ljava/lang/String;Ljava/lang/ClassLoader;Ljava/lang/String;)Ljava/lang/Object; 168 <appendix> member <vmtarget> ; # javax/xml/stream/FactoryFinder$$Lambda+0x0000023d27067718
instanceKlass javax/xml/stream/FactoryFinder$1
instanceKlass  @bci jdk/xml/internal/SecuritySupport getFileInputStream (Ljava/io/File;)Ljava/io/FileInputStream; 1 <appendix> member <vmtarget> ; # jdk/xml/internal/SecuritySupport$$Lambda+0x0000023d270672e0
instanceKlass  @bci jdk/xml/internal/SecuritySupport doesFileExist (Ljava/io/File;)Z 1 <appendix> member <vmtarget> ; # jdk/xml/internal/SecuritySupport$$Lambda+0x0000023d270670c8
instanceKlass  @bci javax/xml/stream/FactoryFinder find (Ljava/lang/Class;Ljava/lang/String;Ljava/lang/ClassLoader;Ljava/lang/String;)Ljava/lang/Object; 1 <appendix> member <vmtarget> ; # javax/xml/stream/FactoryFinder$$Lambda+0x0000023d27066eb0
instanceKlass  @bci jdk/xml/internal/SecuritySupport getSystemProperty (Ljava/lang/String;)Ljava/lang/String; 1 <appendix> member <vmtarget> ; # jdk/xml/internal/SecuritySupport$$Lambda+0x0000023d27066c98
instanceKlass jdk/xml/internal/SecuritySupport
instanceKlass javax/xml/stream/FactoryFinder
instanceKlass javax/xml/stream/XMLInputFactory
instanceKlass sun/net/www/MessageHeader
instanceKlass java/net/URLConnection
instanceKlass javafx/fxml/FXMLLoader$ControllerAccessor
instanceKlass javafx/collections/MapChangeListener$Change
instanceKlass com/sun/javafx/collections/ObservableMapWrapper
instanceKlass com/sun/javafx/fxml/FXMLLoaderHelper
instanceKlass javafx/fxml/FXMLLoader$2
instanceKlass  @bci javafx/fxml/FXMLLoader <clinit> ()V 72 <appendix> argL0 ; # javafx/fxml/FXMLLoader$$Lambda+0x0000023d270bada0
instanceKlass javafx/fxml/FXMLLoader$1
instanceKlass com/sun/javafx/application/PlatformImpl$2
instanceKlass javafx/application/Platform
instanceKlass javafx/util/Builder
instanceKlass javafx/fxml/JavaFXBuilderFactory
instanceKlass  @bci java/util/regex/CharPredicates ASCII_SPACE ()Ljava/util/regex/Pattern$BmpCharPredicate; 0 <appendix> argL0 ; # java/util/regex/CharPredicates$$Lambda+0x800000027
instanceKlass  @bci javafx/fxml/FXMLLoader <clinit> ()V 13 <appendix> argL0 ; # javafx/fxml/FXMLLoader$$Lambda+0x0000023d270b9938
instanceKlass javax/script/Bindings
instanceKlass javafx/fxml/FXMLLoader$Element
instanceKlass javax/xml/stream/XMLStreamReader
instanceKlass javax/xml/stream/XMLStreamConstants
instanceKlass java/io/Reader
instanceKlass com/sun/javafx/fxml/FXMLLoaderHelper$FXMLLoaderAccessor
instanceKlass javafx/util/BuilderFactory
instanceKlass javafx/fxml/FXMLLoader
instanceKlass  @bci javafx/scene/Scene <clinit> ()V 76 <appendix> argL0 ; # javafx/scene/Scene$$Lambda+0x0000023d270b6a40
instanceKlass com/sun/javafx/scene/SceneHelper
instanceKlass javafx/scene/Scene$2
instanceKlass javafx/css/StyleableProperty
instanceKlass javafx/scene/input/InputMethodRequests
instanceKlass com/sun/javafx/tk/TKDropTargetListener
instanceKlass com/sun/javafx/tk/TKScenePaintListener
instanceKlass com/sun/javafx/tk/TKSceneListener
instanceKlass com/sun/glass/ui/Accessible$EventHandler
instanceKlass com/sun/javafx/scene/SceneHelper$SceneAccessor
instanceKlass com/sun/javafx/perf/PerformanceTracker$SceneAccessor
instanceKlass com/sun/javafx/scene/traversal/TraversalEngine
instanceKlass javafx/scene/Scene
instanceKlass  @bci com/sun/javafx/collections/VetoableListDecorator <init> (Ljavafx/collections/ObservableList;)V 14 <appendix> member <vmtarget> ; # com/sun/javafx/collections/VetoableListDecorator$$Lambda+0x0000023d270a2750
instanceKlass  @bci com/sun/javafx/collections/TrackableObservableList <init> ()V 13 <appendix> member <vmtarget> ; # com/sun/javafx/collections/TrackableObservableList$$Lambda+0x0000023d270a2538
instanceKlass com/sun/javafx/collections/VetoableListDecorator$ModCountAccessor
instanceKlass com/sun/javafx/collections/VetoableListDecorator
instanceKlass com/sun/javafx/event/EventDispatchChainImpl
instanceKlass javafx/event/EventDispatchChain
instanceKlass com/sun/javafx/event/BasicEventDispatcher
instanceKlass javafx/event/EventDispatcher
instanceKlass java/util/EventObject
instanceKlass javafx/beans/binding/NumberBinding
instanceKlass javafx/stage/Window$TKBoundsConfigurator
instanceKlass com/sun/javafx/tk/TKPulseListener
instanceKlass javafx/stage/Stage$2
instanceKlass javafx/stage/Stage$1
instanceKlass com/sun/javafx/stage/WindowHelper
instanceKlass javafx/stage/Window$1
instanceKlass com/sun/javafx/stage/WindowPeerListener
instanceKlass com/sun/javafx/tk/TKStageListener
instanceKlass javafx/beans/binding/StringExpression
instanceKlass javafx/beans/value/ObservableStringValue
instanceKlass javafx/beans/value/WritableStringValue
instanceKlass com/sun/javafx/stage/StagePeerListener$StageAccessor
instanceKlass com/sun/javafx/stage/StageHelper$StageAccessor
instanceKlass javafx/scene/Node
instanceKlass javafx/css/Styleable
instanceKlass com/sun/javafx/stage/WindowHelper$WindowAccessor
instanceKlass javafx/beans/value/WritableDoubleValue
instanceKlass javafx/beans/value/WritableNumberValue
instanceKlass  @bci com/sun/javafx/application/LauncherImpl launchApplication1 (Ljava/lang/Class;Ljava/lang/Class;[Ljava/lang/String;)V 415 <appendix> member <vmtarget> ; # com/sun/javafx/application/LauncherImpl$$Lambda+0x0000023d270874b0
instanceKlass  @bci com/sun/javafx/application/PlatformImpl setApplicationName (Ljava/lang/Class;)V 1 <appendix> member <vmtarget> ; # com/sun/javafx/application/PlatformImpl$$Lambda+0x0000023d27087298
instanceKlass  @bci com/sun/javafx/application/LauncherImpl launchApplication1 (Ljava/lang/Class;Ljava/lang/Class;[Ljava/lang/String;)V 303 <appendix> member <vmtarget> ; # com/sun/javafx/application/LauncherImpl$$Lambda+0x0000023d27087080
instanceKlass com/sun/javafx/application/LauncherImpl$1
instanceKlass  @bci jdk/internal/net/http/Http1Response lambda$readBody$3 (JLjava/net/http/HttpResponse$BodySubscriber;Ljava/util/concurrent/CompletableFuture;Ljdk/internal/net/http/Http1Response$ClientRefCountTracker;)V 164 <appendix> form vmentry <vmtarget> ; # java/lang/invoke/LambdaForm$DMH+0x0000023d27088800
instanceKlass  @bci com/sun/javafx/application/LauncherImpl launchApplication (Ljava/lang/Class;Ljava/lang/Class;[Ljava/lang/String;)V 109 <appendix> member <vmtarget> ; # com/sun/javafx/application/LauncherImpl$$Lambda+0x0000023d27086c38
instanceKlass  @bci com/sun/javafx/application/LauncherImpl launchApplication (Ljava/lang/Class;[Ljava/lang/String;)V 8 <appendix> argL0 ; # com/sun/javafx/application/LauncherImpl$$Lambda+0x0000023d27086a28
instanceKlass java/lang/StackTraceElement$HashedModules
instanceKlass  @bci Starter startBackend ()V 159 <appendix> argL0 ; # Starter$$Lambda+0x0000023d27086818
instanceKlass java/lang/ProcessBuilder$Redirect
instanceKlass sun/nio/fs/WindowsPath$1
instanceKlass sun/util/logging/PlatformLogger
instanceKlass sun/util/logging/PlatformLogger$ConfigurableBridge$LoggerConfiguration
instanceKlass jdk/internal/logger/BootstrapLogger$RedirectedLoggers
instanceKlass jdk/internal/logger/LazyLoggers$LazyLoggerAccessor
instanceKlass jdk/internal/logger/LazyLoggers$LoggerAccessor
instanceKlass jdk/internal/logger/AbstractLoggerWrapper
instanceKlass java/util/ServiceLoader$ProviderImpl
instanceKlass java/util/ServiceLoader$Provider
instanceKlass java/util/ServiceLoader$1
instanceKlass sun/util/logging/internal/LoggingProviderImpl$LogManagerAccess
instanceKlass java/util/concurrent/CopyOnWriteArrayList$COWIterator
instanceKlass java/util/NavigableSet
instanceKlass java/util/SortedSet
instanceKlass jdk/internal/loader/FileURLMapper
instanceKlass jdk/internal/loader/URLClassPath$JarLoader$1
instanceKlass jdk/internal/loader/URLClassPath$1
instanceKlass java/lang/CompoundEnumeration
instanceKlass jdk/internal/loader/BuiltinClassLoader$1
instanceKlass java/util/Collections$EmptyEnumeration
instanceKlass jdk/internal/jimage/ImageLocation
instanceKlass jdk/internal/jimage/decompressor/Decompressor
instanceKlass jdk/internal/jimage/ImageStringsReader
instanceKlass jdk/internal/jimage/ImageStrings
instanceKlass jdk/internal/jimage/ImageHeader
instanceKlass jdk/internal/jimage/NativeImageBuffer$1
instanceKlass jdk/internal/jimage/NativeImageBuffer
instanceKlass jdk/internal/jimage/BasicImageReader$1
instanceKlass jdk/internal/jimage/BasicImageReader
instanceKlass jdk/internal/jimage/ImageReader
instanceKlass jdk/internal/jimage/ImageReaderFactory$1
instanceKlass java/nio/file/FileSystems$DefaultFileSystemHolder$1
instanceKlass java/nio/file/FileSystems$DefaultFileSystemHolder
instanceKlass java/nio/file/Paths
instanceKlass jdk/internal/jimage/ImageReaderFactory
instanceKlass jdk/internal/module/SystemModuleFinders$SystemImage
instanceKlass jdk/internal/module/SystemModuleFinders$SystemModuleReader
instanceKlass jdk/internal/loader/BuiltinClassLoader$2
instanceKlass java/util/ServiceLoader$3
instanceKlass java/util/ServiceLoader$2
instanceKlass java/util/ServiceLoader$LazyClassPathLookupIterator
instanceKlass java/util/Spliterators$1Adapter
instanceKlass java/util/Spliterators$ArraySpliterator
instanceKlass java/util/ServiceLoader$ModuleServicesLookupIterator
instanceKlass java/util/ServiceLoader
instanceKlass jdk/internal/logger/BootstrapLogger$DetectBackend$1
instanceKlass jdk/internal/logger/BootstrapLogger$DetectBackend
instanceKlass jdk/internal/logger/BootstrapLogger
instanceKlass sun/util/logging/PlatformLogger$ConfigurableBridge
instanceKlass sun/util/logging/PlatformLogger$Bridge
instanceKlass java/lang/System$Logger
instanceKlass jdk/internal/logger/DefaultLoggerFinder$1
instanceKlass java/lang/System$LoggerFinder
instanceKlass jdk/internal/logger/LazyLoggers$LazyLoggerFactories
instanceKlass jdk/internal/logger/LazyLoggers$1
instanceKlass jdk/internal/logger/LazyLoggers
instanceKlass java/lang/ProcessImpl$2
instanceKlass java/util/concurrent/LinkedTransferQueue$DualNode
instanceKlass java/util/concurrent/TransferQueue
instanceKlass  @bci java/lang/ProcessHandleImpl lambda$static$1 ()Ljava/util/concurrent/Executor; 45 <appendix> member <vmtarget> ; # java/lang/ProcessHandleImpl$$Lambda+0x0000023d2705d5d8
instanceKlass  @cpi java/lang/ProcessHandleImpl 436 form vmentry <vmtarget> ; # java/lang/invoke/LambdaForm$DMH+0x0000023d27088400
# instanceKlass java/lang/invoke/LambdaForm$DMH+0x0000023d27088000
instanceKlass jdk/internal/util/random/RandomSupport
instanceKlass java/util/Random
instanceKlass java/util/random/RandomGenerator
instanceKlass  @bci java/lang/ProcessHandleImpl <clinit> ()V 32 <appendix> argL0 ; # java/lang/ProcessHandleImpl$$Lambda+0x0000023d2705d3c8
instanceKlass java/lang/ProcessHandleImpl
instanceKlass java/lang/ProcessHandle
instanceKlass  @bci java/lang/ProcessHandleImpl lambda$static$1 ()Ljava/util/concurrent/Executor; 45 <appendix> form vmentry <vmtarget> ; # java/lang/invoke/LambdaForm$DMH+0x0000023d27085c00
instanceKlass  @bci java/lang/ProcessImpl <init> ([Ljava/lang/String;Ljava/lang/String;Ljava/lang/String;[JZZ)V 286 <appendix> member <vmtarget> ; # java/lang/ProcessImpl$$Lambda+0x0000023d2705cd38
instanceKlass  @cpi java/lang/ProcessImpl 640 form vmentry <vmtarget> ; # java/lang/invoke/LambdaForm$DMH+0x0000023d27085800
instanceKlass java/lang/Process
instanceKlass java/lang/ProcessBuilder
# instanceKlass java/lang/invoke/LambdaForm$MH+0x0000023d27085400
# instanceKlass java/lang/invoke/LambdaForm$MH+0x0000023d27085000
# instanceKlass java/lang/invoke/LambdaForm$MH+0x0000023d27084c00
instanceKlass javafx/stage/Window
instanceKlass javafx/event/EventTarget
instanceKlass  @bci com/sun/javafx/application/PlatformImpl lambda$runLater$11 (Ljava/lang/Runnable;Ljava/security/AccessControlContext;)V 1 <appendix> member <vmtarget> ; # com/sun/javafx/application/PlatformImpl$$Lambda+0x0000023d27083d00
instanceKlass com/sun/glass/ui/InvokeLaterDispatcher$Future
instanceKlass com/sun/scenario/animation/AbstractPrimaryTimer$MainLoop
instanceKlass com/sun/scenario/DelayedRunnable
instanceKlass java/util/concurrent/LinkedBlockingDeque$Node
instanceKlass  @bci com/sun/javafx/application/PlatformImpl runLater (Ljava/lang/Runnable;Z)V 68 <appendix> member <vmtarget> ; # com/sun/javafx/application/PlatformImpl$$Lambda+0x0000023d270834a0
instanceKlass com/sun/scenario/animation/shared/TimerReceiver
instanceKlass com/sun/scenario/animation/shared/PulseReceiver
instanceKlass com/sun/javafx/animation/TickCalculation
instanceKlass  @bci com/sun/javafx/application/PlatformImpl runAndWait (Ljava/lang/Runnable;Z)V 43 <appendix> member <vmtarget> ; # com/sun/javafx/application/PlatformImpl$$Lambda+0x0000023d270828e0
instanceKlass  @bci util/CaptureUtils lambda$takeScreenshot$6 (Ljava/awt/image/BufferedImage;Ljava/awt/Rectangle;Ljava/util/function/Consumer;)V 272 <appendix> form vmentry <vmtarget> ; # java/lang/invoke/LambdaForm$DMH+0x0000023d27084800
instanceKlass  @bci com/sun/scenario/animation/AbstractPrimaryTimer <clinit> ()V 16 <appendix> argL0 ; # com/sun/scenario/animation/AbstractPrimaryTimer$$Lambda+0x0000023d270826d0
instanceKlass  @bci com/sun/javafx/application/LauncherImpl launchApplicationWithArgs (Lcom/sun/javafx/application/ModuleAccess;Ljava/lang/String;Ljava/lang/String;[Ljava/lang/String;)V 55 <appendix> member <vmtarget> ; # com/sun/javafx/application/LauncherImpl$$Lambda+0x0000023d270824b8
instanceKlass com/sun/scenario/Settings
instanceKlass  @cpi util/CaptureUtils 636 form vmentry <vmtarget> ; # java/lang/invoke/LambdaForm$DMH+0x0000023d27084400
instanceKlass java/util/AbstractList$Itr
instanceKlass javafx/collections/ListChangeBuilder$SubChange
instanceKlass javafx/collections/ListChangeBuilder
instanceKlass javafx/geometry/Rectangle2D
instanceKlass  @bci javafx/stage/Screen <clinit> ()V 29 <appendix> argL0 ; # javafx/stage/Screen$$Lambda+0x0000023d27081540
instanceKlass  @cpi org/reactfx/Guard 47 form vmentry <vmtarget> ; # java/lang/invoke/LambdaForm$DMH+0x0000023d27084000
instanceKlass com/sun/javafx/tk/TKScreenConfigurationListener
instanceKlass com/sun/javafx/binding/ExpressionHelperBase
instanceKlass javafx/collections/WeakListChangeListener
instanceKlass javafx/beans/WeakListener
instanceKlass  @bci javafx/collections/FXCollections$UnmodifiableObservableListImpl <init> (Ljavafx/collections/ObservableList;)V 11 <appendix> member <vmtarget> ; # javafx/collections/FXCollections$UnmodifiableObservableListImpl$$Lambda+0x0000023d27080280
instanceKlass javafx/collections/ListChangeListener
instanceKlass javafx/collections/ListChangeListener$Change
instanceKlass javafx/util/Callback
instanceKlass com/sun/javafx/collections/SortableList
instanceKlass javafx/collections/FXCollections$EmptyObservableSet$1
instanceKlass javafx/collections/FXCollections$EmptyObservableList$1
instanceKlass javafx/collections/ObservableIntegerArray
instanceKlass javafx/collections/ObservableFloatArray
instanceKlass javafx/collections/ObservableArray
instanceKlass javafx/collections/ObservableSet
instanceKlass javafx/collections/ObservableList
instanceKlass javafx/collections/ObservableMap
instanceKlass javafx/collections/FXCollections
instanceKlass javafx/stage/Screen
instanceKlass  @bci com/sun/javafx/tk/quantum/QuantumToolkit runToolkit ()V 55 <appendix> member <vmtarget> ; # com/sun/javafx/tk/quantum/QuantumToolkit$$Lambda+0x0000023d2703a9c8
instanceKlass  @bci com/sun/javafx/tk/quantum/QuantumToolkit runToolkit ()V 45 <appendix> member <vmtarget> ; # com/sun/javafx/tk/quantum/QuantumToolkit$$Lambda+0x0000023d2703a7b0
instanceKlass com/sun/prism/impl/ps/BaseShaderContext$State
instanceKlass com/sun/javafx/geom/Vec3d
instanceKlass com/sun/prism/impl/VertexBuffer
instanceKlass com/sun/javafx/geom/BaseBounds
instanceKlass com/sun/javafx/geom/transform/GeneralTransform3D
instanceKlass com/sun/javafx/geom/transform/BaseTransform
instanceKlass com/sun/javafx/geom/transform/CanTransformVec3d
instanceKlass com/sun/prism/MaskTextureGraphics
instanceKlass com/sun/prism/ReadbackGraphics
instanceKlass com/sun/prism/ps/ShaderGraphics
instanceKlass com/sun/prism/impl/BaseGraphics
instanceKlass com/sun/prism/RectShadowGraphics
instanceKlass com/sun/prism/Graphics
instanceKlass com/sun/prism/impl/BaseContext
instanceKlass com/sun/prism/ps/Shader
instanceKlass com/sun/prism/MeshView
instanceKlass com/sun/prism/Presentable
instanceKlass com/sun/prism/RTTexture
instanceKlass com/sun/prism/RenderTarget
instanceKlass com/sun/prism/Surface
instanceKlass com/sun/prism/Texture
instanceKlass com/sun/prism/PhongMaterial
instanceKlass com/sun/prism/Material
instanceKlass com/sun/prism/impl/TextureResourcePool
instanceKlass com/sun/prism/impl/ResourcePool
instanceKlass com/sun/prism/Mesh
instanceKlass com/sun/prism/shape/ShapeRep
instanceKlass java/util/concurrent/Executors$RunnableAdapter
instanceKlass java/util/concurrent/FutureTask$WaitNode
instanceKlass  @bci com/sun/javafx/tk/quantum/QuantumRenderer createResourceFactory ()V 16 <appendix> argL0 ; # com/sun/javafx/tk/quantum/QuantumRenderer$$Lambda+0x0000023d27031188
instanceKlass  @bci com/sun/javafx/tk/quantum/QuantumRenderer createResourceFactory ()V 10 <appendix> member <vmtarget> ; # com/sun/javafx/tk/quantum/QuantumRenderer$$Lambda+0x0000023d27030f70
instanceKlass java/util/concurrent/FutureTask
instanceKlass java/util/Arrays$ArrayItr
instanceKlass  @bci com/sun/glass/ui/Screen <clinit> ()V 4 <appendix> argL0 ; # com/sun/glass/ui/Screen$$Lambda+0x0000023d27030850
instanceKlass  @bci com/sun/glass/ui/win/WinApplication lambda$runLoop$4 (ILjava/lang/Runnable;)Ljava/lang/Thread; 7 <appendix> member <vmtarget> ; # com/sun/glass/ui/win/WinApplication$$Lambda+0x0000023d27030638
instanceKlass  @cpi controller/ScanFromController/scanFormController 2248 form vmentry <vmtarget> ; # java/lang/invoke/LambdaForm$DMH+0x0000023d27034c00
instanceKlass  @bci org/reactfx/util/SparseList insertVoid (II)V 62 <adapter> ; # java/lang/invoke/LambdaForm$MH+0x0000023d27034800
instanceKlass  @cpi org/reactfx/util/FingerTree 379 form vmentry <vmtarget> ; # java/lang/invoke/LambdaForm$DMH+0x0000023d27034400
instanceKlass  @bci org/reactfx/util/SparseList insertVoid (II)V 62 <appendix> form vmentry <vmtarget> ; # java/lang/invoke/LambdaForm$DMH+0x0000023d27034000
instanceKlass  @bci com/sun/glass/ui/win/WinApplication runLoop (Ljava/lang/Runnable;)V 58 <appendix> member <vmtarget> ; # com/sun/glass/ui/win/WinApplication$$Lambda+0x0000023d27030420
instanceKlass  @bci com/sun/glass/ui/win/WinApplication getDesiredAwarenesslevel ()I 8 <appendix> argL0 ; # com/sun/glass/ui/win/WinApplication$$Lambda+0x0000023d27030210
instanceKlass  @bci com/sun/glass/ui/win/WinApplication runLoop (Ljava/lang/Runnable;)V 0 <appendix> argL0 ; # com/sun/glass/ui/win/WinApplication$$Lambda+0x0000023d27030000
instanceKlass  @bci com/sun/glass/ui/Application run (Ljava/lang/Runnable;)V 29 <appendix> member <vmtarget> ; # com/sun/glass/ui/Application$$Lambda+0x0000023d27028d20
instanceKlass java/util/concurrent/BlockingDeque
instanceKlass  @bci com/sun/glass/ui/win/WinApplication <init> ()V 4 <appendix> argL0 ; # com/sun/glass/ui/win/WinApplication$$Lambda+0x0000023d27028800
instanceKlass java/lang/ProcessEnvironment$CheckedEntry
instanceKlass java/lang/ProcessEnvironment$CheckedEntrySet$1
instanceKlass java/lang/ProcessEnvironment$EntryComparator
instanceKlass java/lang/ProcessEnvironment$NameComparator
instanceKlass com/sun/glass/ui/win/WinApplication$1
instanceKlass com/sun/glass/ui/Pixels
instanceKlass com/sun/glass/ui/Cursor
instanceKlass com/sun/glass/ui/Window
instanceKlass com/sun/glass/ui/Accessible
instanceKlass com/sun/glass/ui/View
instanceKlass com/sun/glass/ui/GlassRobot
instanceKlass com/sun/glass/ui/Timer
instanceKlass com/sun/glass/ui/delegate/ClipboardDelegate
instanceKlass com/sun/glass/ui/delegate/MenuItemDelegate
instanceKlass com/sun/glass/ui/delegate/MenuBarDelegate
instanceKlass com/sun/glass/ui/delegate/MenuDelegate
instanceKlass com/sun/glass/ui/InvokeLaterDispatcher$InvokeLaterSubmitter
instanceKlass  @bci com/sun/glass/ui/Platform determinePlatform ()Ljava/lang/String; 6 <appendix> argL0 ; # com/sun/glass/ui/Platform$$Lambda+0x0000023d2702ecb0
instanceKlass com/sun/glass/ui/Platform
instanceKlass com/sun/glass/ui/PlatformFactory
instanceKlass  @bci com/sun/javafx/tk/quantum/QuantumToolkit startup (Ljava/lang/Runnable;)V 16 <appendix> member <vmtarget> ; # com/sun/javafx/tk/quantum/QuantumToolkit$$Lambda+0x0000023d2702e680
instanceKlass  @bci com/sun/javafx/application/PlatformImpl startup (Ljava/lang/Runnable;Z)V 234 <appendix> member <vmtarget> ; # com/sun/javafx/application/PlatformImpl$$Lambda+0x0000023d2702e468
instanceKlass java/lang/Shutdown$Lock
instanceKlass java/lang/Shutdown
instanceKlass java/lang/ApplicationShutdownHooks$1
instanceKlass java/lang/ApplicationShutdownHooks
instanceKlass  @bci com/sun/javafx/tk/quantum/QuantumToolkit init ()Z 37 <appendix> member <vmtarget> ; # com/sun/javafx/tk/quantum/QuantumToolkit$$Lambda+0x0000023d2702e250
instanceKlass  @bci com/sun/javafx/tk/quantum/PaintCollector <clinit> ()V 16 <appendix> argL0 ; # com/sun/javafx/tk/quantum/PaintCollector$$Lambda+0x0000023d2702dfc8
instanceKlass  @cpi jdk/internal/net/http/Http1Request 497 form vmentry <vmtarget> ; # java/lang/invoke/LambdaForm$DMH+0x0000023d27028400
instanceKlass com/sun/javafx/tk/quantum/GlassScene
instanceKlass com/sun/javafx/tk/TKScene
instanceKlass com/sun/javafx/tk/quantum/PaintCollector
instanceKlass com/sun/javafx/tk/CompletionListener
instanceKlass java/util/concurrent/ForkJoinPool$2
instanceKlass jdk/internal/access/JavaUtilConcurrentFJPAccess
instanceKlass java/util/concurrent/ForkJoinPool$DefaultForkJoinWorkerThreadFactory
instanceKlass java/util/concurrent/ForkJoinPool$WorkQueue
instanceKlass java/util/concurrent/ForkJoinPool$ForkJoinWorkerThreadFactory
instanceKlass  @bci com/sun/glass/ui/Application <clinit> ()V 4 <appendix> argL0 ; # com/sun/glass/ui/Application$$Lambda+0x0000023d2702d418
instanceKlass com/sun/glass/ui/Application
instanceKlass com/sun/glass/ui/View$Capability
instanceKlass com/sun/glass/ui/Screen
instanceKlass com/sun/prism/impl/BaseResourceFactory
instanceKlass com/sun/prism/ps/ShaderFactory
instanceKlass  @bci com/sun/prism/d3d/D3DPipeline <clinit> ()V 0 <appendix> argL0 ; # com/sun/prism/d3d/D3DPipeline$$Lambda+0x0000023d27026ae8
instanceKlass com/sun/prism/ResourceFactory
instanceKlass com/sun/prism/GraphicsResource
instanceKlass  @bci jdk/internal/net/http/SocketTube$InternalReadPublisher$InternalReadSubscription request (J)V 82 <appendix> argL2 form vmentry <vmtarget> ; # java/lang/invoke/LambdaForm$MH+0x0000023d27028000
instanceKlass com/sun/javafx/font/FontFactory
instanceKlass com/sun/prism/GraphicsPipeline
instanceKlass  @bci com/sun/javafx/tk/quantum/QuantumRenderer$QuantumThreadFactory lambda$newThread$1 (Lcom/sun/javafx/tk/quantum/QuantumRenderer$PipelineRunnable;)Ljava/lang/Thread; 31 <appendix> argL0 ; # com/sun/javafx/tk/quantum/QuantumRenderer$QuantumThreadFactory$$Lambda+0x0000023d27023cf0
instanceKlass  @cpi javafx/scene/control/ListView$ListViewFocusModel 210 form vmentry <vmtarget> ; # java/lang/invoke/LambdaForm$DMH+0x0000023d27025c00
instanceKlass  @bci java/awt/EventQueue <init> ()V 53 <appendix> form vmentry <vmtarget> ; # java/lang/invoke/LambdaForm$MH+0x0000023d27025800
instanceKlass  @bci java/awt/EventQueue <init> ()V 53 <appendix> argL3 form vmentry <vmtarget> ; # java/lang/invoke/LambdaForm$MH+0x0000023d27025400
# instanceKlass java/lang/invoke/LambdaForm$MH+0x0000023d27025000
# instanceKlass java/lang/invoke/LambdaForm$MH+0x0000023d27024c00
instanceKlass  @bci jdk/internal/net/http/Http1Request hostString ()Ljava/lang/String; 78 <appendix> argL1 argL1 form vmentry <vmtarget> ; # java/lang/invoke/LambdaForm$MH+0x0000023d27024800
# instanceKlass java/lang/invoke/LambdaForm$MH+0x0000023d27024400
instanceKlass java/lang/Thread$ThreadNumbering
instanceKlass  @bci com/sun/javafx/tk/quantum/QuantumRenderer$QuantumThreadFactory newThread (Ljava/lang/Runnable;)Ljava/lang/Thread; 19 <appendix> member <vmtarget> ; # com/sun/javafx/tk/quantum/QuantumRenderer$QuantumThreadFactory$$Lambda+0x0000023d27023ad8
instanceKlass com/sun/javafx/tk/quantum/QuantumRenderer$PipelineRunnable
instanceKlass com/sun/javafx/tk/quantum/QuantumRenderer$QuantumThreadFactory
instanceKlass jdk/internal/vm/ThreadContainers
instanceKlass jdk/internal/vm/StackableScope
instanceKlass java/util/concurrent/Executors$DefaultThreadFactory
instanceKlass java/util/concurrent/Executors
instanceKlass java/util/concurrent/LinkedBlockingQueue$Node
instanceKlass java/util/concurrent/atomic/AtomicReference
instanceKlass  @bci com/sun/javafx/tk/quantum/QuantumRenderer <clinit> ()V 16 <appendix> argL0 ; # com/sun/javafx/tk/quantum/QuantumRenderer$$Lambda+0x0000023d27023478
instanceKlass java/util/concurrent/ThreadPoolExecutor$AbortPolicy
instanceKlass java/util/concurrent/RejectedExecutionHandler
instanceKlass java/util/concurrent/RunnableFuture
instanceKlass java/util/concurrent/Future
instanceKlass java/util/concurrent/BlockingQueue
instanceKlass java/util/concurrent/AbstractExecutorService
instanceKlass java/util/concurrent/ExecutorService
instanceKlass java/util/concurrent/Executor
instanceKlass  @bci com/sun/javafx/tk/quantum/GlassSystemMenu <init> ()V 16 <appendix> member <vmtarget> ; # com/sun/javafx/tk/quantum/GlassSystemMenu$$Lambda+0x0000023d27022e48
instanceKlass  @cpi jdk/internal/net/http/Http1AsyncReceiver 674 form vmentry <vmtarget> ; # java/lang/invoke/LambdaForm$DMH+0x0000023d27024000
instanceKlass javafx/scene/input/KeyCombination
instanceKlass com/sun/glass/ui/MenuItem$Callback
instanceKlass com/sun/glass/ui/Menu$EventHandler
instanceKlass com/sun/javafx/menu/MenuItemBase
instanceKlass com/sun/javafx/tk/quantum/GlassSystemMenu
instanceKlass java/util/Collections$SynchronizedMap
instanceKlass  @bci com/sun/prism/impl/PrismSettings <clinit> ()V 0 <appendix> argL0 ; # com/sun/prism/impl/PrismSettings$$Lambda+0x0000023d27021978
instanceKlass com/sun/prism/impl/PrismSettings
instanceKlass com/sun/javafx/tk/quantum/PerformanceTrackerHelper$1
instanceKlass com/sun/javafx/tk/quantum/PerformanceTrackerHelper
instanceKlass com/sun/javafx/tk/quantum/QuantumToolkit$PulseTask
instanceKlass com/sun/javafx/geom/PathConsumer2D
instanceKlass com/sun/javafx/geom/Shape
instanceKlass com/sun/prism/BasicStroke
instanceKlass com/sun/javafx/tk/quantum/QuantumToolkit$3
instanceKlass  @bci com/sun/javafx/tk/quantum/QuantumToolkit <clinit> ()V 149 <appendix> argL0 ; # com/sun/javafx/tk/quantum/QuantumToolkit$$Lambda+0x0000023d2701b840
instanceKlass  @bci com/sun/javafx/tk/quantum/QuantumToolkit <clinit> ()V 132 <appendix> argL0 ; # com/sun/javafx/tk/quantum/QuantumToolkit$$Lambda+0x0000023d2701b630
instanceKlass  @bci com/sun/javafx/tk/quantum/QuantumToolkit <clinit> ()V 115 <appendix> argL0 ; # com/sun/javafx/tk/quantum/QuantumToolkit$$Lambda+0x0000023d2701b420
instanceKlass  @bci com/sun/javafx/tk/quantum/QuantumToolkit <clinit> ()V 98 <appendix> argL0 ; # com/sun/javafx/tk/quantum/QuantumToolkit$$Lambda+0x0000023d2701b210
instanceKlass  @bci com/sun/javafx/tk/quantum/QuantumToolkit <clinit> ()V 84 <appendix> argL0 ; # com/sun/javafx/tk/quantum/QuantumToolkit$$Lambda+0x0000023d2701b000
instanceKlass  @bci com/sun/javafx/tk/quantum/QuantumToolkit <clinit> ()V 67 <appendix> argL0 ; # com/sun/javafx/tk/quantum/QuantumToolkit$$Lambda+0x0000023d2701fda8
instanceKlass  @bci com/sun/javafx/tk/quantum/QuantumToolkit <clinit> ()V 50 <appendix> argL0 ; # com/sun/javafx/tk/quantum/QuantumToolkit$$Lambda+0x0000023d2701fb98
instanceKlass  @bci com/sun/javafx/tk/quantum/QuantumToolkit <clinit> ()V 33 <appendix> argL0 ; # com/sun/javafx/tk/quantum/QuantumToolkit$$Lambda+0x0000023d2701f988
instanceKlass  @bci com/sun/javafx/tk/quantum/QuantumToolkit <clinit> ()V 16 <appendix> argL0 ; # com/sun/javafx/tk/quantum/QuantumToolkit$$Lambda+0x0000023d2701f778
instanceKlass com/sun/javafx/scene/text/TextLayoutFactory
instanceKlass javafx/scene/shape/PathElement
instanceKlass com/sun/javafx/tk/PlatformImage
instanceKlass com/sun/scenario/effect/FilterContext
instanceKlass com/sun/scenario/effect/Filterable
instanceKlass com/sun/scenario/effect/LockableResource
instanceKlass com/sun/javafx/tk/FontLoader
instanceKlass com/sun/javafx/tk/TKStage
instanceKlass com/sun/scenario/animation/AbstractPrimaryTimer
instanceKlass com/sun/javafx/tk/TKSystemMenu
instanceKlass com/sun/javafx/runtime/async/AbstractAsyncOperation
instanceKlass java/util/concurrent/Callable
instanceKlass com/sun/javafx/runtime/async/AsyncOperation
instanceKlass com/sun/javafx/tk/ImageLoader
instanceKlass com/sun/glass/ui/Application$EventHandler
instanceKlass com/sun/glass/ui/Screen$EventHandler
instanceKlass com/sun/javafx/tk/ScreenConfigurationAccessor
instanceKlass com/sun/javafx/perf/PerformanceTracker
instanceKlass sun/security/provider/ByteArrayAccess
instanceKlass sun/security/provider/ByteArrayAccess$LE
instanceKlass sun/security/util/MessageDigestSpi2
instanceKlass sun/security/jca/GetInstance$Instance
instanceKlass jdk/internal/event/Event
instanceKlass java/util/Collections$EmptyIterator
instanceKlass java/util/LinkedHashMap$LinkedHashIterator
instanceKlass sun/security/util/SecurityProviderConstants
instanceKlass java/security/Provider$UString
instanceKlass java/security/Provider$Service
instanceKlass sun/security/provider/NativePRNG$NonBlocking
instanceKlass sun/security/provider/NativePRNG$Blocking
instanceKlass sun/security/provider/NativePRNG
instanceKlass sun/security/provider/SunEntries$1
instanceKlass sun/security/provider/SunEntries
instanceKlass sun/security/util/SecurityConstants
instanceKlass java/security/Security$1
instanceKlass jdk/internal/access/JavaSecurityPropertiesAccess
instanceKlass java/util/concurrent/ConcurrentHashMap$MapEntry
instanceKlass java/util/Properties$LineReader
instanceKlass  @bci java/security/Security <clinit> ()V 9 <appendix> argL0 ; # java/security/Security$$Lambda+0x80000000b
instanceKlass java/security/Security
instanceKlass sun/security/jca/ProviderList$2
instanceKlass java/security/Provider$EngineDescription
instanceKlass java/security/Provider$ServiceKey
instanceKlass sun/security/jca/ProviderConfig
instanceKlass sun/security/jca/ProviderList
instanceKlass sun/security/jca/Providers
instanceKlass sun/security/jca/GetInstance
instanceKlass java/security/MessageDigestSpi
instanceKlass  @bci java/awt/RenderingHints$Key getIdentity ()Ljava/lang/String; 24 <appendix> form vmentry <vmtarget> ; # java/lang/invoke/LambdaForm$MH+0x0000023d2701a000
# instanceKlass java/lang/invoke/LambdaForm$MH+0x0000023d27019c00
instanceKlass  @bci java/awt/RenderingHints$Key getIdentity ()Ljava/lang/String; 24 <appendix> argL3 form vmentry <vmtarget> ; # java/lang/invoke/LambdaForm$MH+0x0000023d27019800
# instanceKlass java/lang/invoke/LambdaForm$MH+0x0000023d27019400
# instanceKlass java/lang/invoke/LambdaForm$MH+0x0000023d27019000
# instanceKlass java/lang/invoke/LambdaForm$MH+0x0000023d27018c00
# instanceKlass java/lang/invoke/LambdaForm$MH+0x0000023d27018800
instanceKlass  @bci java/awt/RenderingHints$Key getIdentity ()Ljava/lang/String; 24 <appendix> argL1 form vmentry <vmtarget> ; # java/lang/invoke/LambdaForm$MH+0x0000023d27018400
# instanceKlass java/lang/invoke/LambdaForm$MH+0x0000023d27018000
# instanceKlass java/lang/invoke/LambdaForm$MH+0x0000023d27017c00
# instanceKlass java/lang/invoke/LambdaForm$MH+0x0000023d27017800
instanceKlass  @bci jdk/internal/net/http/HttpConnection dbgString ()Ljava/lang/String; 30 <appendix> form vmentry <vmtarget> ; # java/lang/invoke/LambdaForm$MH+0x0000023d27017400
# instanceKlass java/lang/invoke/LambdaForm$MH+0x0000023d27017000
instanceKlass  @bci jdk/internal/net/http/HttpConnection dbgString ()Ljava/lang/String; 30 <appendix> argL3 form vmentry <vmtarget> ; # java/lang/invoke/LambdaForm$MH+0x0000023d27016c00
instanceKlass java/lang/invoke/MethodHandles$1
# instanceKlass java/lang/invoke/LambdaForm$MH+0x0000023d27016800
# instanceKlass java/lang/invoke/LambdaForm$MH+0x0000023d27016400
# instanceKlass java/lang/invoke/LambdaForm$MH+0x0000023d27016000
# instanceKlass java/lang/invoke/LambdaForm$MH+0x0000023d27015c00
instanceKlass  @bci jdk/internal/net/http/Http2Connection keyString (ZLjava/net/InetSocketAddress;Ljava/lang/String;I)Ljava/lang/String; 79 <appendix> argL1 argL0 form vmentry <vmtarget> ; # java/lang/invoke/LambdaForm$MH+0x0000023d27015800
# instanceKlass java/lang/invoke/LambdaForm$MH+0x0000023d27015400
instanceKlass  @bci jdk/internal/net/http/Http1Request hostString ()Ljava/lang/String; 78 <appendix> argL1 argL0 form vmentry <vmtarget> ; # java/lang/invoke/LambdaForm$MH+0x0000023d27015000
# instanceKlass java/lang/invoke/LambdaForm$MH+0x0000023d27014c00
# instanceKlass java/lang/invoke/LambdaForm$MH+0x0000023d27014800
instanceKlass java/lang/Long$LongCache
# instanceKlass java/lang/invoke/LambdaForm$MH+0x0000023d27014400
instanceKlass jdk/internal/module/Resources
instanceKlass java/lang/StackStreamFactory$FrameBuffer
instanceKlass java/lang/StackStreamFactory
instanceKlass  @bci com/sun/glass/utils/NativeLibLoader loadLibrary (Ljava/lang/String;)V 10 <appendix> argL0 ; # com/sun/glass/utils/NativeLibLoader$$Lambda+0x0000023d270128a0
instanceKlass  @bci com/sun/glass/utils/NativeLibLoader <clinit> ()V 28 <appendix> argL0 ; # com/sun/glass/utils/NativeLibLoader$$Lambda+0x0000023d27012690
instanceKlass com/sun/glass/utils/NativeLibLoader
instanceKlass jdk/internal/math/FloatingDecimal$ASCIIToBinaryBuffer
instanceKlass jdk/internal/math/FloatingDecimal$PreparedASCIIToBinaryBuffer
instanceKlass jdk/internal/math/FloatingDecimal$ASCIIToBinaryConverter
instanceKlass jdk/internal/math/FloatingDecimal$BinaryToASCIIBuffer
instanceKlass jdk/internal/math/FloatingDecimal$ExceptionalBinaryToASCIIBuffer
instanceKlass jdk/internal/math/FloatingDecimal$BinaryToASCIIConverter
instanceKlass jdk/internal/math/FloatingDecimal
instanceKlass  @bci com/sun/javafx/PlatformUtil <clinit> ()V 72 <appendix> argL0 ; # com/sun/javafx/PlatformUtil$$Lambda+0x0000023d27012288
instanceKlass  @bci com/sun/javafx/PlatformUtil <clinit> ()V 56 <appendix> argL0 ; # com/sun/javafx/PlatformUtil$$Lambda+0x0000023d27012078
instanceKlass  @bci com/sun/javafx/PlatformUtil <clinit> ()V 37 <appendix> argL0 ; # com/sun/javafx/PlatformUtil$$Lambda+0x0000023d27011e68
instanceKlass  @bci com/sun/javafx/PlatformUtil <clinit> ()V 18 <appendix> argL0 ; # com/sun/javafx/PlatformUtil$$Lambda+0x0000023d27011c58
instanceKlass com/sun/javafx/PlatformUtil
instanceKlass  @bci jdk/internal/net/http/ResponseContent$FixedLengthBodyParser <init> (Ljdk/internal/net/http/ResponseContent;JLjava/util/function/Consumer;)V 33 <appendix> form vmentry <vmtarget> ; # java/lang/invoke/LambdaForm$MH+0x0000023d27014000
instanceKlass com/sun/javafx/runtime/VersionInfo
instanceKlass  @bci com/sun/javafx/tk/Toolkit getToolkit ()Lcom/sun/javafx/tk/Toolkit; 10 <appendix> argL0 ; # com/sun/javafx/tk/Toolkit$$Lambda+0x0000023d2700fda0
instanceKlass  @bci java/util/regex/Pattern DOT ()Ljava/util/regex/Pattern$CharPredicate; 0 <appendix> argL0 ; # java/util/regex/Pattern$$Lambda+0x0000023d27049c80
instanceKlass  @bci java/util/regex/CharPredicates ctype (I)Ljava/util/regex/Pattern$CharPredicate; 1 <appendix> member <vmtarget> ; # java/util/regex/CharPredicates$$Lambda+0x0000023d27049a00
instanceKlass javafx/scene/image/Image$1
instanceKlass javafx/scene/image/PixelReader
instanceKlass javafx/beans/binding/NumberExpressionBase
instanceKlass javafx/beans/binding/NumberExpression
instanceKlass javafx/beans/value/ObservableDoubleValue
instanceKlass javafx/beans/value/ObservableNumberValue
instanceKlass com/sun/javafx/tk/Toolkit$ImageAccessor
instanceKlass javafx/geometry/Bounds
instanceKlass com/sun/javafx/util/Utils
instanceKlass javafx/scene/image/Image
instanceKlass  @bci com/sun/javafx/tk/Toolkit <clinit> ()V 14 <appendix> argL0 ; # com/sun/javafx/tk/Toolkit$$Lambda+0x0000023d2700d008
instanceKlass com/sun/javafx/tk/TKClipboard
instanceKlass javafx/animation/Interpolatable
instanceKlass javafx/scene/paint/Paint
instanceKlass com/sun/javafx/tk/Toolkit
instanceKlass com/sun/javafx/application/PlatformImpl$1
instanceKlass  @bci com/sun/javafx/application/PlatformImpl startup (Ljava/lang/Runnable;Z)V 145 <appendix> argL0 ; # com/sun/javafx/application/PlatformImpl$$Lambda+0x0000023d2700beb0
instanceKlass  @bci com/sun/javafx/application/PlatformImpl <clinit> ()V 176 <appendix> argL0 ; # com/sun/javafx/application/PlatformImpl$$Lambda+0x0000023d2700bca0
instanceKlass  @bci com/sun/javafx/application/PlatformImpl <clinit> ()V 159 <appendix> argL0 ; # com/sun/javafx/application/PlatformImpl$$Lambda+0x0000023d2700ba90
instanceKlass javafx/beans/InvalidationListener
instanceKlass javafx/beans/value/WritableObjectValue
instanceKlass javafx/beans/binding/Binding
instanceKlass javafx/beans/binding/ObjectExpression
instanceKlass javafx/beans/value/ObservableObjectValue
instanceKlass com/sun/javafx/tk/TKListener
instanceKlass javafx/beans/binding/BooleanExpression
instanceKlass javafx/beans/value/ObservableBooleanValue
instanceKlass javafx/beans/value/WritableBooleanValue
instanceKlass javafx/beans/property/Property
instanceKlass javafx/beans/value/WritableValue
instanceKlass javafx/beans/property/ReadOnlyProperty
instanceKlass javafx/beans/value/ObservableValue
instanceKlass javafx/beans/Observable
instanceKlass com/sun/javafx/application/PlatformImpl
instanceKlass  @bci com/sun/javafx/application/LauncherImpl startToolkit ()V 21 <appendix> member <vmtarget> ; # com/sun/javafx/application/LauncherImpl$$Lambda+0x0000023d27002210
instanceKlass  @cpi org/fxmisc/richtext/SelectionImpl 462 form vmentry <vmtarget> ; # java/lang/invoke/LambdaForm$DMH+0x0000023d27005000
instanceKlass java/util/concurrent/CountDownLatch
instanceKlass  @bci java/lang/invoke/BootstrapMethodInvoker invoke (Ljava/lang/Class;Ljava/lang/invoke/MethodHandle;Ljava/lang/String;Ljava/lang/Object;Ljava/lang/Object;Ljava/lang/Class;)Ljava/lang/Object; 462 <adapter> ; # java/lang/invoke/LambdaForm$MH+0x0000023d27004c00
# instanceKlass java/lang/invoke/LambdaForm$MH+0x0000023d27004800
# instanceKlass java/lang/invoke/LambdaForm$MH+0x0000023d27004400
# instanceKlass java/lang/invoke/LambdaForm$MH+0x0000023d27004000
instanceKlass java/util/TreeMap$PrivateEntryIterator
instanceKlass java/util/TreeMap$Entry
instanceKlass java/lang/invoke/LambdaFormEditor$1
instanceKlass java/util/NavigableMap
instanceKlass java/util/SortedMap
instanceKlass  @bci com/sun/javafx/scene/control/behavior/TextInputControlBehavior$ContextMenuItem <init> (Ljava/lang/String;Ljavafx/event/EventHandler;)V 2 <appendix> form vmentry <vmtarget> ; # java/lang/invoke/LambdaForm$MH+0x0000023d27003c00
# instanceKlass java/lang/invoke/LambdaForm$MH+0x0000023d27003800
instanceKlass  @cpi jdk/internal/net/http/Http1Response 674 form vmentry <vmtarget> ; # java/lang/invoke/LambdaForm$DMH+0x0000023d27003400
instanceKlass  @cpi jdk/internal/net/http/ResponseSubscribers 235 form vmentry <vmtarget> ; # java/lang/invoke/LambdaForm$DMH+0x0000023d27003000
instanceKlass java/util/concurrent/atomic/AtomicBoolean
instanceKlass  @bci com/sun/javafx/application/LauncherImpl <clinit> ()V 0 <appendix> argL0 ; # com/sun/javafx/application/LauncherImpl$$Lambda+0x0000023d27002000
instanceKlass jdk/internal/misc/PreviewFeatures
instanceKlass jdk/internal/misc/MainMethodFinder
instanceKlass javafx/application/Preloader$PreloaderNotification
instanceKlass com/sun/javafx/application/ModuleAccess
instanceKlass com/sun/javafx/application/PlatformImpl$FinishListener
instanceKlass javafx/application/Application$Parameters
instanceKlass com/sun/javafx/application/LauncherImpl
instanceKlass sun/launcher/LauncherHelper$FXHelper
instanceKlass java/lang/NamedPackage
instanceKlass javafx/application/Application
instanceKlass jdk/internal/module/ModulePatcher$PatchedModuleReader
instanceKlass java/util/concurrent/locks/ReentrantReadWriteLock$WriteLock
instanceKlass java/util/concurrent/locks/ReentrantReadWriteLock$ReadLock
instanceKlass java/util/concurrent/locks/ReentrantReadWriteLock
instanceKlass java/util/concurrent/locks/ReadWriteLock
instanceKlass jdk/internal/module/ModuleReferences$SafeCloseModuleReader
instanceKlass jdk/internal/loader/BuiltinClassLoader$5
instanceKlass java/security/SecureClassLoader$DebugHolder
instanceKlass java/security/Permission
instanceKlass java/security/Guard
instanceKlass java/security/PermissionCollection
instanceKlass java/security/SecureClassLoader$1
instanceKlass java/io/FileInputStream$1
instanceKlass sun/nio/ByteBuffered
instanceKlass jdk/internal/loader/Resource
instanceKlass java/nio/charset/CoderResult
instanceKlass java/lang/Readable
instanceKlass jdk/internal/loader/URLClassPath$Loader
instanceKlass jdk/internal/loader/URLClassPath$3
instanceKlass java/security/PrivilegedExceptionAction
instanceKlass sun/net/util/URLUtil
instanceKlass sun/nio/cs/ArrayDecoder
instanceKlass java/nio/charset/CharsetDecoder
instanceKlass sun/launcher/LauncherHelper
instanceKlass jdk/internal/vm/PostVMInitHook$1
instanceKlass jdk/internal/util/EnvUtils
instanceKlass jdk/internal/vm/PostVMInitHook$2
instanceKlass jdk/internal/vm/PostVMInitHook
instanceKlass java/lang/invoke/StringConcatFactory
instanceKlass jdk/internal/module/ModuleBootstrap$SafeModuleFinder
instanceKlass java/lang/ModuleLayer$Controller
instanceKlass java/util/concurrent/CopyOnWriteArrayList
instanceKlass jdk/internal/module/ServicesCatalog$ServiceProvider
instanceKlass jdk/internal/loader/AbstractClassLoaderValue$Memoizer
instanceKlass jdk/internal/module/ModuleLoaderMap$Modules
instanceKlass jdk/internal/module/ModuleLoaderMap$Mapper
instanceKlass jdk/internal/module/ModuleLoaderMap
instanceKlass java/lang/module/ResolvedModule
instanceKlass java/util/SequencedSet
instanceKlass java/lang/ModuleLayer
instanceKlass java/util/stream/ForEachOps$ForEachOp
instanceKlass java/util/stream/ForEachOps
instanceKlass  @bci java/lang/module/ModuleFinder$2 findAll ()Ljava/util/Set; 50 <appendix> member <vmtarget> ; # java/lang/module/ModuleFinder$2$$Lambda+0x800000006
instanceKlass  @bci java/lang/module/ModuleFinder$2 findAll ()Ljava/util/Set; 38 <appendix> argL0 ; # java/lang/module/ModuleFinder$2$$Lambda+0x800000007
instanceKlass  @bci jdk/internal/module/ModulePath deriveModuleDescriptor (Ljava/util/jar/JarFile;)Ljava/lang/module/ModuleDescriptor; 373 <appendix> argL0 ; # jdk/internal/module/ModulePath$$Lambda+0x0000023d27044e20
instanceKlass  @bci jdk/internal/module/ModulePath deriveModuleDescriptor (Ljava/util/jar/JarFile;)Ljava/lang/module/ModuleDescriptor; 363 <appendix> member <vmtarget> ; # jdk/internal/module/ModulePath$$Lambda+0x80000005e
instanceKlass  @bci java/lang/module/ModuleDescriptor$Builder packages (Ljava/util/Set;)Ljava/lang/module/ModuleDescriptor$Builder; 17 <appendix> argL0 ; # java/lang/module/ModuleDescriptor$Builder$$Lambda+0x800000002
instanceKlass  @bci jdk/internal/module/ModulePath deriveModuleDescriptor (Ljava/util/jar/JarFile;)Ljava/lang/module/ModuleDescriptor; 324 <appendix> argL0 ; # jdk/internal/module/ModulePath$$Lambda+0x800000058
instanceKlass  @bci jdk/internal/module/ModulePath deriveModuleDescriptor (Ljava/util/jar/JarFile;)Ljava/lang/module/ModuleDescriptor; 314 <appendix> member <vmtarget> ; # jdk/internal/module/ModulePath$$Lambda+0x0000023d27044be8
instanceKlass java/util/HashMap$HashMapSpliterator
instanceKlass  @bci java/util/stream/Collectors partitioningBy (Ljava/util/function/Predicate;Ljava/util/stream/Collector;)Ljava/util/stream/Collector; 33 <appendix> member <vmtarget> ; # java/util/stream/Collectors$$Lambda+0x800000048
instanceKlass  @bci java/util/stream/Collectors partitioningBy (Ljava/util/function/Predicate;Ljava/util/stream/Collector;)Ljava/util/stream/Collector; 25 <appendix> member <vmtarget> ; # java/util/stream/Collectors$$Lambda+0x800000045
instanceKlass  @bci java/util/stream/Collectors partitioningBy (Ljava/util/function/Predicate;Ljava/util/stream/Collector;)Ljava/util/stream/Collector; 9 <appendix> member <vmtarget> ; # java/util/stream/Collectors$$Lambda+0x800000040
instanceKlass  @bci jdk/internal/module/ModulePath deriveModuleDescriptor (Ljava/util/jar/JarFile;)Ljava/lang/module/ModuleDescriptor; 255 <appendix> argL0 ; # jdk/internal/module/ModulePath$$Lambda+0x800000061
instanceKlass  @bci jdk/internal/module/ModulePath deriveModuleDescriptor (Ljava/util/jar/JarFile;)Ljava/lang/module/ModuleDescriptor; 245 <appendix> argL0 ; # jdk/internal/module/ModulePath$$Lambda+0x800000060
instanceKlass  @bci jdk/internal/module/ModulePath deriveModuleDescriptor (Ljava/util/jar/JarFile;)Ljava/lang/module/ModuleDescriptor; 235 <appendix> argL0 ; # jdk/internal/module/ModulePath$$Lambda+0x0000023d270449b8
instanceKlass  @bci jdk/internal/module/ModulePath deriveModuleDescriptor (Ljava/util/jar/JarFile;)Ljava/lang/module/ModuleDescriptor; 225 <appendix> argL0 ; # jdk/internal/module/ModulePath$$Lambda+0x80000005f
instanceKlass java/util/regex/ASCII
instanceKlass java/util/regex/IntHashSet
instanceKlass java/util/regex/Matcher
instanceKlass java/util/regex/MatchResult
instanceKlass  @bci java/util/regex/Pattern negate (Ljava/util/regex/Pattern$CharPredicate;)Ljava/util/regex/Pattern$CharPredicate; 1 <appendix> member <vmtarget> ; # java/util/regex/Pattern$$Lambda+0x800000032
instanceKlass  @bci java/util/regex/Pattern union (Ljava/util/regex/Pattern$CharPredicate;Ljava/util/regex/Pattern$CharPredicate;Z)Ljava/util/regex/Pattern$CharPredicate; 6 <appendix> member <vmtarget> ; # java/util/regex/Pattern$$Lambda+0x800000033
instanceKlass  @bci java/util/regex/Pattern Range (II)Ljava/util/regex/Pattern$CharPredicate; 23 <appendix> member <vmtarget> ; # java/util/regex/Pattern$$Lambda+0x80000002b
instanceKlass java/util/regex/Pattern$BitClass
instanceKlass java/util/regex/Pattern$TreeInfo
instanceKlass  @bci java/util/regex/CharPredicates ASCII_DIGIT ()Ljava/util/regex/Pattern$BmpCharPredicate; 0 <appendix> argL0 ; # java/util/regex/CharPredicates$$Lambda+0x800000026
instanceKlass java/util/regex/CharPredicates
instanceKlass  @bci java/util/regex/Pattern Single (I)Ljava/util/regex/Pattern$BmpCharPredicate; 1 <appendix> member <vmtarget> ; # java/util/regex/Pattern$$Lambda+0x80000002a
instanceKlass java/util/regex/Pattern$BmpCharPredicate
instanceKlass java/util/regex/Pattern$CharPredicate
instanceKlass java/util/regex/Pattern$Node
instanceKlass java/util/regex/Pattern
instanceKlass jdk/internal/module/ModulePath$Patterns
instanceKlass java/util/SequencedMap
instanceKlass java/util/jar/Attributes
instanceKlass java/util/jar/JarVerifier
instanceKlass java/io/RandomAccessFile$1
instanceKlass java/util/WeakHashMap$HashIterator
instanceKlass  @bci jdk/internal/module/ModuleReferences newJarModule (Ljdk/internal/module/ModuleInfo$Attributes;Ljdk/internal/module/ModulePatcher;Ljava/nio/file/Path;)Ljava/lang/module/ModuleReference; 18 <appendix> member <vmtarget> ; # jdk/internal/module/ModuleReferences$$Lambda+0x800000062
instanceKlass  @bci jdk/internal/module/ModuleReferences newJarModule (Ljdk/internal/module/ModuleInfo$Attributes;Ljdk/internal/module/ModulePatcher;Ljava/nio/file/Path;)Ljava/lang/module/ModuleReference; 9 <appendix> member <vmtarget> ; # jdk/internal/module/ModuleReferences$$Lambda+0x800000063
instanceKlass java/lang/module/ModuleReader
instanceKlass java/net/URI$Parser
instanceKlass sun/nio/fs/WindowsUriSupport
instanceKlass jdk/internal/module/ModuleReferences
instanceKlass jdk/internal/module/ModuleInfo$Attributes
instanceKlass java/util/Collections$UnmodifiableCollection$1
instanceKlass jdk/internal/module/Checks
instanceKlass  @bci jdk/internal/module/ModulePath jarPackages (Ljava/util/jar/JarFile;)Ljava/util/Set; 35 <appendix> argL0 ; # jdk/internal/module/ModulePath$$Lambda+0x800000059
instanceKlass  @bci jdk/internal/module/ModulePath jarPackages (Ljava/util/jar/JarFile;)Ljava/util/Set; 25 <appendix> member <vmtarget> ; # jdk/internal/module/ModulePath$$Lambda+0x80000005b
instanceKlass  @bci jdk/internal/module/ModulePath jarPackages (Ljava/util/jar/JarFile;)Ljava/util/Set; 14 <appendix> argL0 ; # jdk/internal/module/ModulePath$$Lambda+0x80000005a
instanceKlass  @bci jdk/internal/module/ModulePath jarPackages (Ljava/util/jar/JarFile;)Ljava/util/Set; 4 <appendix> argL0 ; # jdk/internal/module/ModulePath$$Lambda+0x0000023d27043758
instanceKlass  @bci java/util/zip/ZipFile jarStream ()Ljava/util/stream/Stream; 25 <appendix> member <vmtarget> ; # java/util/zip/ZipFile$$Lambda+0x800000051
instanceKlass java/util/function/IntFunction
instanceKlass java/util/Spliterators$AbstractSpliterator
instanceKlass java/lang/module/ModuleDescriptor$Builder
instanceKlass jdk/internal/module/ModuleInfo$ConstantPool$Entry
instanceKlass jdk/internal/module/ModuleInfo$ConstantPool
instanceKlass java/lang/invoke/VarHandle$AccessDescriptor
instanceKlass java/lang/invoke/VarForm
instanceKlass java/lang/invoke/VarHandleGuards
instanceKlass java/lang/ClassValue$Version
instanceKlass java/lang/ClassValue$Identity
instanceKlass java/lang/ClassValue
instanceKlass java/lang/invoke/VarHandles
instanceKlass jdk/internal/util/ByteArray
instanceKlass jdk/internal/module/ModuleInfo$CountingDataInput
instanceKlass jdk/internal/module/ModuleInfo
instanceKlass  @bci jdk/internal/module/ModulePath readJar (Ljava/nio/file/Path;)Ljava/lang/module/ModuleReference; 99 <appendix> member <vmtarget> ; # jdk/internal/module/ModulePath$$Lambda+0x0000023d27042438
instanceKlass sun/security/action/GetIntegerAction
instanceKlass sun/security/util/Debug
instanceKlass sun/security/util/SignatureFileVerifier
instanceKlass java/util/zip/ZipFile$InflaterCleanupAction
instanceKlass java/util/zip/Inflater$InflaterZStreamRef
instanceKlass java/util/zip/Inflater
instanceKlass java/util/zip/ZipEntry
instanceKlass java/util/zip/ZipFile$2
instanceKlass jdk/internal/perf/PerfCounter$CoreCounters
instanceKlass sun/util/locale/LocaleUtils
instanceKlass sun/util/locale/BaseLocale
instanceKlass java/util/Locale
instanceKlass java/nio/file/attribute/FileTime
instanceKlass java/lang/StringCoding
instanceKlass java/util/zip/ZipUtils
instanceKlass java/util/zip/ZipFile$Source$End
instanceKlass java/io/RandomAccessFile$2
instanceKlass jdk/internal/access/JavaIORandomAccessFileAccess
instanceKlass java/io/RandomAccessFile
instanceKlass java/io/DataInput
instanceKlass java/io/DataOutput
instanceKlass java/util/zip/ZipFile$Source$Key
instanceKlass java/util/zip/ZipFile$Source
instanceKlass java/util/zip/ZipCoder
instanceKlass java/util/zip/ZipFile$CleanableResource
instanceKlass sun/nio/fs/WindowsNativeDispatcher$CompletionStatus
instanceKlass sun/nio/fs/WindowsNativeDispatcher$AclInformation
instanceKlass sun/nio/fs/WindowsNativeDispatcher$Account
instanceKlass sun/nio/fs/WindowsNativeDispatcher$DiskFreeSpace
instanceKlass sun/nio/fs/WindowsNativeDispatcher$VolumeInformation
instanceKlass sun/nio/fs/WindowsNativeDispatcher$FirstStream
instanceKlass sun/nio/fs/WindowsNativeDispatcher$FirstFile
instanceKlass java/util/Enumeration
instanceKlass java/util/concurrent/ConcurrentHashMap$Traverser
instanceKlass jdk/internal/loader/NativeLibraries$3
instanceKlass jdk/internal/loader/NativeLibrary
instanceKlass java/util/ArrayDeque$DeqIterator
instanceKlass jdk/internal/loader/NativeLibraries$NativeLibraryContext$1
instanceKlass jdk/internal/loader/NativeLibraries$NativeLibraryContext
instanceKlass jdk/internal/loader/NativeLibraries$2
instanceKlass jdk/internal/loader/NativeLibraries$1
instanceKlass jdk/internal/loader/NativeLibraries$LibraryPaths
instanceKlass sun/nio/fs/WindowsNativeDispatcher
instanceKlass sun/nio/fs/NativeBuffer$Deallocator
instanceKlass sun/nio/fs/NativeBuffer
instanceKlass java/lang/ThreadLocal$ThreadLocalMap
instanceKlass java/lang/ThreadLocal
instanceKlass sun/nio/fs/NativeBuffers
instanceKlass sun/nio/fs/WindowsFileAttributes
instanceKlass java/nio/file/attribute/DosFileAttributes
instanceKlass sun/nio/fs/AbstractBasicFileAttributeView
instanceKlass sun/nio/fs/DynamicFileAttributeView
instanceKlass sun/nio/fs/WindowsFileAttributeViews
instanceKlass sun/nio/fs/Util
instanceKlass java/nio/file/attribute/BasicFileAttributeView
instanceKlass java/nio/file/attribute/FileAttributeView
instanceKlass java/nio/file/attribute/AttributeView
instanceKlass java/nio/file/Files
instanceKlass java/nio/file/CopyOption
instanceKlass java/nio/file/attribute/BasicFileAttributes
instanceKlass java/util/ImmutableCollections$ListItr
instanceKlass java/util/ListIterator
instanceKlass java/lang/module/ModuleFinder$1
instanceKlass java/lang/module/Resolver
instanceKlass java/lang/module/Configuration
instanceKlass  @bci jdk/internal/module/DefaultRoots exportsAPI (Ljava/lang/module/ModuleDescriptor;)Z 9 <appendix> argL0 ; # jdk/internal/module/DefaultRoots$$Lambda+0x800000056
instanceKlass  @bci java/lang/module/ModuleFinder$2 find (Ljava/lang/String;)Ljava/util/Optional; 62 <appendix> member <vmtarget> ; # java/lang/module/ModuleFinder$2$$Lambda+0x800000005
instanceKlass java/util/stream/Streams
instanceKlass java/util/stream/Stream$Builder
instanceKlass java/util/stream/Streams$AbstractStreamBuilderImpl
instanceKlass  @bci java/util/stream/FindOps$FindSink$OfRef <clinit> ()V 43 <appendix> argL0 ; # java/util/stream/FindOps$FindSink$OfRef$$Lambda+0x80000004d
instanceKlass  @bci java/util/stream/FindOps$FindSink$OfRef <clinit> ()V 38 <appendix> argL0 ; # java/util/stream/FindOps$FindSink$OfRef$$Lambda+0x80000004f
instanceKlass  @bci java/util/stream/FindOps$FindSink$OfRef <clinit> ()V 16 <appendix> argL0 ; # java/util/stream/FindOps$FindSink$OfRef$$Lambda+0x80000004e
instanceKlass  @bci java/util/stream/FindOps$FindSink$OfRef <clinit> ()V 11 <appendix> argL0 ; # java/util/stream/FindOps$FindSink$OfRef$$Lambda+0x800000050
instanceKlass java/util/stream/FindOps$FindOp
instanceKlass java/util/stream/FindOps$FindSink
instanceKlass java/util/stream/FindOps
instanceKlass  @bci java/lang/module/ModuleFinder$2 find (Ljava/lang/String;)Ljava/util/Optional; 43 <appendix> argL0 ; # java/lang/module/ModuleFinder$2$$Lambda+0x800000008
instanceKlass  @bci java/lang/module/ModuleFinder$2 find (Ljava/lang/String;)Ljava/util/Optional; 33 <appendix> member <vmtarget> ; # java/lang/module/ModuleFinder$2$$Lambda+0x800000009
instanceKlass java/util/AbstractList$RandomAccessSpliterator
instanceKlass java/util/stream/Sink$ChainedReference
instanceKlass java/util/stream/ReduceOps$AccumulatingSink
instanceKlass java/util/stream/TerminalSink
instanceKlass java/util/stream/Sink
instanceKlass java/util/function/Consumer
instanceKlass java/util/stream/ReduceOps$Box
instanceKlass java/util/stream/ReduceOps$ReduceOp
instanceKlass java/util/stream/TerminalOp
instanceKlass java/util/stream/ReduceOps
instanceKlass  @bci java/util/stream/Collectors castingIdentity ()Ljava/util/function/Function; 0 <appendix> argL0 ; # java/util/stream/Collectors$$Lambda+0x800000043
instanceKlass  @bci java/util/stream/Collectors toSet ()Ljava/util/stream/Collector; 14 <appendix> argL0 ; # java/util/stream/Collectors$$Lambda+0x800000041
instanceKlass java/util/function/BinaryOperator
instanceKlass  @bci java/util/stream/Collectors toSet ()Ljava/util/stream/Collector; 9 <appendix> argL0 ; # java/util/stream/Collectors$$Lambda+0x80000003a
instanceKlass java/util/function/BiConsumer
instanceKlass  @bci java/util/stream/Collectors toSet ()Ljava/util/stream/Collector; 4 <appendix> argL0 ; # java/util/stream/Collectors$$Lambda+0x800000046
instanceKlass java/util/stream/Collector
instanceKlass java/util/Collections$UnmodifiableCollection
instanceKlass java/util/stream/Collectors
instanceKlass  @bci jdk/internal/module/DefaultRoots compute (Ljava/lang/module/ModuleFinder;Ljava/lang/module/ModuleFinder;)Ljava/util/Set; 42 <appendix> argL0 ; # jdk/internal/module/DefaultRoots$$Lambda+0x800000053
instanceKlass  @bci jdk/internal/module/DefaultRoots compute (Ljava/lang/module/ModuleFinder;Ljava/lang/module/ModuleFinder;)Ljava/util/Set; 32 <appendix> member <vmtarget> ; # jdk/internal/module/DefaultRoots$$Lambda+0x800000057
instanceKlass  @bci jdk/internal/module/DefaultRoots compute (Ljava/lang/module/ModuleFinder;Ljava/lang/module/ModuleFinder;)Ljava/util/Set; 21 <appendix> argL0 ; # jdk/internal/module/DefaultRoots$$Lambda+0x800000054
instanceKlass java/util/concurrent/ForkJoinPool$ManagedBlocker
instanceKlass java/util/concurrent/locks/AbstractQueuedSynchronizer$Node
instanceKlass java/lang/ref/Cleaner$Cleanable
instanceKlass jdk/internal/ref/CleanerImpl
instanceKlass java/lang/ref/Cleaner$1
instanceKlass java/lang/ref/Cleaner
instanceKlass jdk/internal/ref/CleanerFactory$1
instanceKlass java/util/concurrent/ThreadFactory
instanceKlass jdk/internal/ref/CleanerFactory
instanceKlass  @bci jdk/internal/net/http/Http1HeaderParser addHeaderFromString (Ljava/lang/String;)V 147 <appendix> form vmentry <vmtarget> ; # java/lang/invoke/LambdaForm$MH+0x0000023d27000800
instanceKlass  @bci jdk/internal/module/DefaultRoots compute (Ljava/lang/module/ModuleFinder;Ljava/lang/module/ModuleFinder;)Ljava/util/Set; 11 <appendix> argL0 ; # jdk/internal/module/DefaultRoots$$Lambda+0x800000055
instanceKlass java/lang/invoke/LambdaProxyClassArchive
instanceKlass java/lang/invoke/InfoFromMemberName
instanceKlass java/lang/invoke/MethodHandleInfo
instanceKlass jdk/internal/org/objectweb/asm/ConstantDynamic
instanceKlass jdk/internal/org/objectweb/asm/Handle
instanceKlass sun/security/action/GetBooleanAction
instanceKlass java/lang/invoke/AbstractValidatingLambdaMetafactory
instanceKlass java/lang/invoke/BootstrapMethodInvoker
instanceKlass java/util/function/Predicate
instanceKlass java/lang/WeakPairMap$Pair$Lookup
instanceKlass java/lang/WeakPairMap$Pair
instanceKlass java/lang/WeakPairMap
instanceKlass java/lang/Module$ReflectionData
instanceKlass java/lang/invoke/LambdaMetafactory
# instanceKlass java/lang/invoke/LambdaForm$MH+0x0000023d27000400
instanceKlass java/lang/invoke/MethodHandles$Lookup$ClassDefiner
instanceKlass java/lang/invoke/MethodHandles$Lookup$ClassFile
instanceKlass jdk/internal/org/objectweb/asm/Handler
instanceKlass jdk/internal/org/objectweb/asm/Attribute
instanceKlass jdk/internal/org/objectweb/asm/FieldVisitor
instanceKlass java/util/ArrayList$Itr
instanceKlass sun/invoke/empty/Empty
instanceKlass sun/invoke/util/VerifyType
instanceKlass java/lang/invoke/InvokerBytecodeGenerator$ClassData
instanceKlass jdk/internal/org/objectweb/asm/AnnotationVisitor
instanceKlass jdk/internal/org/objectweb/asm/Frame
instanceKlass jdk/internal/org/objectweb/asm/Label
instanceKlass jdk/internal/org/objectweb/asm/Type
instanceKlass jdk/internal/org/objectweb/asm/MethodVisitor
instanceKlass sun/invoke/util/BytecodeDescriptor
instanceKlass jdk/internal/org/objectweb/asm/ByteVector
instanceKlass jdk/internal/org/objectweb/asm/Symbol
instanceKlass jdk/internal/org/objectweb/asm/SymbolTable
instanceKlass jdk/internal/org/objectweb/asm/ClassVisitor
instanceKlass java/lang/invoke/LambdaFormBuffer
instanceKlass java/lang/invoke/LambdaFormEditor$TransformKey
instanceKlass java/lang/invoke/LambdaFormEditor
instanceKlass java/lang/invoke/Invokers$Holder
instanceKlass java/lang/invoke/DelegatingMethodHandle$Holder
instanceKlass java/lang/invoke/DirectMethodHandle$2
instanceKlass java/lang/invoke/ClassSpecializer$Factory
instanceKlass java/lang/invoke/ClassSpecializer$SpeciesData
instanceKlass java/lang/invoke/ClassSpecializer$1
instanceKlass java/lang/invoke/ClassSpecializer
instanceKlass java/lang/invoke/InvokerBytecodeGenerator$1
instanceKlass java/lang/invoke/InvokerBytecodeGenerator
instanceKlass java/lang/invoke/LambdaForm$Holder
instanceKlass java/lang/invoke/LambdaForm$Name
instanceKlass java/lang/invoke/Invokers
instanceKlass sun/invoke/util/ValueConversions
instanceKlass java/lang/invoke/DirectMethodHandle$Holder
instanceKlass java/lang/Void
instanceKlass sun/invoke/util/Wrapper$Format
instanceKlass java/lang/invoke/MethodHandleImpl$1
instanceKlass jdk/internal/access/JavaLangInvokeAccess
instanceKlass java/lang/invoke/LambdaForm$NamedFunction
instanceKlass java/lang/invoke/MethodHandleImpl
instanceKlass jdk/internal/reflect/MethodHandleAccessorFactory$LazyStaticHolder
instanceKlass java/lang/invoke/MethodTypeForm
instanceKlass java/lang/invoke/MethodType$ConcurrentWeakInternSet
instanceKlass sun/reflect/annotation/AnnotationParser
instanceKlass java/lang/Class$3
instanceKlass java/lang/PublicMethods$Key
instanceKlass java/lang/PublicMethods$MethodList
instanceKlass java/util/EnumMap$1
instanceKlass java/util/stream/StreamOpFlag$MaskBuilder
instanceKlass java/util/stream/Stream
instanceKlass java/util/stream/BaseStream
instanceKlass java/util/stream/PipelineHelper
instanceKlass java/util/stream/StreamSupport
instanceKlass java/util/Spliterators$IteratorSpliterator
instanceKlass java/util/Spliterator$OfDouble
instanceKlass java/util/Spliterator$OfLong
instanceKlass java/util/Spliterator$OfInt
instanceKlass java/util/Spliterator$OfPrimitive
instanceKlass java/util/Spliterator
instanceKlass java/util/Spliterators$EmptySpliterator
instanceKlass java/util/Spliterators
instanceKlass jdk/internal/module/DefaultRoots
instanceKlass java/lang/module/ModuleFinder$2
instanceKlass jdk/internal/loader/BuiltinClassLoader$LoadedModule
instanceKlass jdk/internal/loader/AbstractClassLoaderValue
instanceKlass jdk/internal/module/ServicesCatalog
instanceKlass java/util/Deque
instanceKlass java/util/Queue
instanceKlass sun/net/util/IPAddressUtil$MASKS
instanceKlass sun/net/util/IPAddressUtil
instanceKlass java/net/URLStreamHandler
instanceKlass sun/net/www/ParseUtil
instanceKlass java/net/URL$3
instanceKlass jdk/internal/access/JavaNetURLAccess
instanceKlass java/net/URL$DefaultFactory
instanceKlass java/net/URLStreamHandlerFactory
instanceKlass jdk/internal/loader/URLClassPath
instanceKlass java/security/Principal
instanceKlass java/security/ProtectionDomain$Key
instanceKlass java/security/ProtectionDomain$JavaSecurityAccessImpl
instanceKlass jdk/internal/access/JavaSecurityAccess
instanceKlass java/lang/ClassLoader$ParallelLoaders
instanceKlass java/security/cert/Certificate
instanceKlass jdk/internal/loader/ArchivedClassLoaders
instanceKlass java/util/concurrent/ConcurrentHashMap$CollectionView
instanceKlass jdk/internal/loader/ClassLoaderHelper
instanceKlass jdk/internal/loader/NativeLibraries
instanceKlass java/lang/Module$EnableNativeAccess
instanceKlass jdk/internal/loader/BootLoader
instanceKlass jdk/internal/module/SystemModuleFinders$SystemModuleFinder
instanceKlass jdk/internal/module/SystemModuleFinders$3
instanceKlass jdk/internal/module/ModuleHashes$HashSupplier
instanceKlass jdk/internal/module/SystemModuleFinders$2
instanceKlass java/util/function/Supplier
instanceKlass java/lang/module/ModuleReference
instanceKlass jdk/internal/module/ModuleResolution
instanceKlass java/util/Collections$UnmodifiableMap
instanceKlass jdk/internal/module/ModuleHashes$Builder
instanceKlass jdk/internal/module/ModuleHashes
instanceKlass jdk/internal/module/ModuleTarget
instanceKlass java/util/ImmutableCollections$Set12$1
instanceKlass java/lang/reflect/AccessFlag$18
instanceKlass java/lang/reflect/AccessFlag$17
instanceKlass java/lang/reflect/AccessFlag$16
instanceKlass java/lang/reflect/AccessFlag$15
instanceKlass java/lang/reflect/AccessFlag$14
instanceKlass java/lang/reflect/AccessFlag$13
instanceKlass java/lang/reflect/AccessFlag$12
instanceKlass java/lang/reflect/AccessFlag$11
instanceKlass java/lang/reflect/AccessFlag$10
instanceKlass java/lang/reflect/AccessFlag$9
instanceKlass java/lang/reflect/AccessFlag$8
instanceKlass java/lang/reflect/AccessFlag$7
instanceKlass java/lang/reflect/AccessFlag$6
instanceKlass java/lang/reflect/AccessFlag$5
instanceKlass java/lang/reflect/AccessFlag$4
instanceKlass java/lang/reflect/AccessFlag$3
instanceKlass java/lang/reflect/AccessFlag$2
instanceKlass java/lang/reflect/AccessFlag$1
instanceKlass java/lang/module/ModuleDescriptor$Version
instanceKlass java/lang/module/ModuleDescriptor$Provides
instanceKlass java/lang/module/ModuleDescriptor$Opens
instanceKlass java/util/ImmutableCollections$SetN$SetNIterator
instanceKlass java/lang/module/ModuleDescriptor$Exports
instanceKlass java/lang/module/ModuleDescriptor$Requires
instanceKlass jdk/internal/module/Builder
instanceKlass jdk/internal/module/SystemModules$all
instanceKlass jdk/internal/module/SystemModules
instanceKlass jdk/internal/module/SystemModulesMap
instanceKlass java/net/URI$1
instanceKlass jdk/internal/access/JavaNetUriAccess
instanceKlass java/net/URI
instanceKlass jdk/internal/module/SystemModuleFinders
instanceKlass jdk/internal/module/ArchivedModuleGraph
instanceKlass java/util/Optional
instanceKlass java/lang/Runtime$Version
instanceKlass java/util/jar/JavaUtilJarAccessImpl
instanceKlass jdk/internal/access/JavaUtilJarAccess
instanceKlass java/util/zip/ZipFile$1
instanceKlass jdk/internal/access/JavaUtilZipFileAccess
instanceKlass java/util/zip/ZipFile
instanceKlass java/util/zip/ZipConstants
instanceKlass java/nio/Bits$1
instanceKlass jdk/internal/misc/VM$BufferPool
instanceKlass java/nio/Bits
instanceKlass sun/nio/ch/DirectBuffer
instanceKlass jdk/internal/perf/Perf
instanceKlass jdk/internal/perf/Perf$GetPerfAction
instanceKlass jdk/internal/perf/PerfCounter
instanceKlass java/lang/reflect/Array
instanceKlass java/util/jar/Attributes$Name
instanceKlass jdk/internal/module/ModulePath
instanceKlass java/lang/module/ModuleFinder
instanceKlass sun/nio/fs/WindowsPath
instanceKlass sun/nio/fs/WindowsPathParser$Result
instanceKlass sun/nio/fs/WindowsPathParser
instanceKlass java/nio/file/FileSystem
instanceKlass java/nio/file/OpenOption
instanceKlass java/nio/file/spi/FileSystemProvider
instanceKlass sun/nio/fs/DefaultFileSystemProvider
instanceKlass java/nio/file/FileSystems
instanceKlass java/nio/file/Path
instanceKlass java/nio/file/Watchable
instanceKlass jdk/internal/module/ArchivedBootLayer
instanceKlass jdk/internal/module/ModuleBootstrap$Counters
instanceKlass jdk/internal/module/ModulePatcher
instanceKlass java/io/FileSystem
instanceKlass java/io/DefaultFileSystem
instanceKlass java/io/File
instanceKlass java/lang/module/ModuleDescriptor$1
instanceKlass jdk/internal/access/JavaLangModuleAccess
instanceKlass sun/invoke/util/VerifyAccess
instanceKlass java/util/KeyValueHolder
instanceKlass java/util/ImmutableCollections$MapN$MapNIterator
instanceKlass java/lang/StrictMath
instanceKlass java/lang/invoke/MethodHandles$Lookup
instanceKlass java/lang/invoke/MemberName$Factory
instanceKlass java/lang/invoke/MethodHandles
instanceKlass java/lang/module/ModuleDescriptor
instanceKlass jdk/internal/module/ModuleBootstrap
instanceKlass java/lang/Character$CharacterCache
instanceKlass java/util/HexFormat
instanceKlass jdk/internal/util/ClassFileDumper
instanceKlass sun/security/action/GetPropertyAction
instanceKlass java/lang/invoke/MethodHandleStatics
instanceKlass java/util/concurrent/locks/AbstractQueuedSynchronizer$ConditionObject
instanceKlass java/util/concurrent/locks/Condition
instanceKlass jdk/internal/misc/Blocker
instanceKlass java/util/Collections
instanceKlass java/lang/Thread$ThreadIdentifiers
instanceKlass sun/io/Win32ErrorMode
instanceKlass jdk/internal/misc/OSEnvironment
instanceKlass java/lang/Integer$IntegerCache
instanceKlass jdk/internal/misc/Signal$NativeHandler
instanceKlass java/util/Hashtable$Entry
instanceKlass jdk/internal/misc/Signal
instanceKlass java/lang/Terminator$1
instanceKlass jdk/internal/misc/Signal$Handler
instanceKlass java/lang/Terminator
instanceKlass java/nio/ByteOrder
instanceKlass java/nio/Buffer$2
instanceKlass jdk/internal/access/JavaNioAccess
instanceKlass java/nio/Buffer$1
instanceKlass jdk/internal/misc/ScopedMemoryAccess
instanceKlass java/nio/charset/CodingErrorAction
instanceKlass sun/nio/cs/SingleByte
instanceKlass java/lang/StringUTF16
instanceKlass sun/nio/cs/MS1252$Holder
instanceKlass sun/nio/cs/ArrayEncoder
instanceKlass java/nio/charset/CharsetEncoder
instanceKlass java/io/Writer
instanceKlass java/io/PrintStream$1
instanceKlass jdk/internal/access/JavaIOPrintStreamAccess
instanceKlass jdk/internal/misc/InternalLock
instanceKlass java/io/OutputStream
instanceKlass java/io/Flushable
instanceKlass java/io/FileDescriptor$1
instanceKlass jdk/internal/access/JavaIOFileDescriptorAccess
instanceKlass java/io/FileDescriptor
instanceKlass jdk/internal/util/StaticProperty
instanceKlass jdk/internal/reflect/MethodHandleAccessorFactory
instanceKlass java/lang/reflect/Modifier
instanceKlass java/lang/Class$1
instanceKlass java/lang/Class$Atomic
instanceKlass java/lang/Class$ReflectionData
instanceKlass java/nio/charset/StandardCharsets
instanceKlass sun/nio/cs/HistoricallyNamedCharset
instanceKlass java/nio/charset/spi/CharsetProvider
instanceKlass java/nio/charset/Charset
instanceKlass java/util/HashMap$HashIterator
instanceKlass java/util/concurrent/locks/LockSupport
instanceKlass java/util/concurrent/ConcurrentHashMap$Node
instanceKlass java/util/concurrent/ConcurrentHashMap$CounterCell
instanceKlass java/util/concurrent/locks/ReentrantLock
instanceKlass java/util/concurrent/locks/Lock
instanceKlass java/lang/CharacterData
instanceKlass java/util/Arrays
instanceKlass jdk/internal/util/Preconditions$3
instanceKlass jdk/internal/util/Preconditions$2
instanceKlass jdk/internal/util/Preconditions$4
instanceKlass java/util/function/BiFunction
instanceKlass jdk/internal/util/Preconditions$1
instanceKlass java/util/function/Function
instanceKlass jdk/internal/util/Preconditions
instanceKlass java/lang/Runtime
instanceKlass java/lang/VersionProps
instanceKlass java/lang/StringConcatHelper
instanceKlass java/util/HashMap$Node
instanceKlass java/util/Map$Entry
instanceKlass jdk/internal/util/ArraysSupport
instanceKlass jdk/internal/util/SystemProps$Raw
instanceKlass jdk/internal/util/SystemProps
instanceKlass java/lang/System$2
instanceKlass jdk/internal/access/JavaLangAccess
instanceKlass java/lang/ref/NativeReferenceQueue$Lock
instanceKlass java/lang/ref/ReferenceQueue
instanceKlass java/lang/ref/Reference$1
instanceKlass jdk/internal/access/JavaLangRefAccess
instanceKlass jdk/internal/reflect/ReflectionFactory
instanceKlass java/lang/Math
instanceKlass java/lang/StringLatin1
instanceKlass jdk/internal/reflect/Reflection
instanceKlass jdk/internal/reflect/ReflectionFactory$GetReflectionFactoryAction
instanceKlass java/security/PrivilegedAction
instanceKlass jdk/internal/access/SharedSecrets
instanceKlass java/lang/reflect/ReflectAccess
instanceKlass jdk/internal/access/JavaLangReflectAccess
instanceKlass java/util/ImmutableCollections
instanceKlass java/util/Objects
instanceKlass java/util/Set
instanceKlass jdk/internal/misc/CDS
instanceKlass java/lang/Module$ArchivedData
instanceKlass jdk/internal/misc/VM
instanceKlass java/lang/String$CaseInsensitiveComparator
instanceKlass java/util/Comparator
instanceKlass java/io/ObjectStreamField
instanceKlass jdk/internal/vm/FillerObject
instanceKlass jdk/internal/vm/vector/VectorSupport$VectorPayload
instanceKlass jdk/internal/vm/vector/VectorSupport
instanceKlass java/lang/reflect/RecordComponent
instanceKlass java/util/Iterator
instanceKlass java/lang/Number
instanceKlass java/lang/Character
instanceKlass java/lang/Boolean
instanceKlass java/util/concurrent/locks/AbstractOwnableSynchronizer
instanceKlass java/lang/LiveStackFrame
instanceKlass java/lang/StackFrameInfo
instanceKlass java/lang/StackWalker$StackFrame
instanceKlass java/lang/StackStreamFactory$AbstractStackWalker
instanceKlass java/lang/StackWalker
instanceKlass java/nio/Buffer
instanceKlass java/lang/StackTraceElement
instanceKlass java/util/RandomAccess
instanceKlass java/util/List
instanceKlass java/util/SequencedCollection
instanceKlass java/util/AbstractCollection
instanceKlass java/util/Collection
instanceKlass java/lang/Iterable
instanceKlass java/util/concurrent/ConcurrentMap
instanceKlass java/util/AbstractMap
instanceKlass java/security/CodeSource
instanceKlass jdk/internal/loader/ClassLoaders
instanceKlass java/util/jar/Manifest
instanceKlass java/lang/Enum
instanceKlass java/net/URL
instanceKlass java/io/InputStream
instanceKlass java/io/Closeable
instanceKlass java/lang/AutoCloseable
instanceKlass jdk/internal/module/Modules
instanceKlass jdk/internal/misc/Unsafe
instanceKlass jdk/internal/misc/UnsafeConstants
instanceKlass java/lang/AbstractStringBuilder
instanceKlass java/lang/Appendable
instanceKlass java/lang/AssertionStatusDirectives
instanceKlass java/lang/invoke/MethodHandleNatives$CallSiteContext
instanceKlass jdk/internal/foreign/abi/ABIDescriptor
instanceKlass jdk/internal/foreign/abi/NativeEntryPoint
instanceKlass java/lang/invoke/CallSite
instanceKlass java/lang/invoke/MethodType
instanceKlass java/lang/invoke/TypeDescriptor$OfMethod
instanceKlass java/lang/invoke/LambdaForm
instanceKlass java/lang/invoke/MethodHandleNatives
instanceKlass java/lang/invoke/ResolvedMethodName
instanceKlass java/lang/invoke/MemberName
instanceKlass java/lang/invoke/VarHandle
instanceKlass java/lang/invoke/MethodHandle
instanceKlass jdk/internal/reflect/CallerSensitive
instanceKlass java/lang/annotation/Annotation
instanceKlass jdk/internal/reflect/FieldAccessor
instanceKlass jdk/internal/reflect/ConstantPool
instanceKlass jdk/internal/reflect/ConstructorAccessor
instanceKlass jdk/internal/reflect/MethodAccessor
instanceKlass jdk/internal/reflect/MagicAccessorImpl
instanceKlass jdk/internal/vm/StackChunk
instanceKlass jdk/internal/vm/Continuation
instanceKlass jdk/internal/vm/ContinuationScope
instanceKlass java/lang/reflect/Parameter
instanceKlass java/lang/reflect/Member
instanceKlass java/lang/reflect/AccessibleObject
instanceKlass java/lang/Module
instanceKlass java/util/Map
instanceKlass java/util/Dictionary
instanceKlass java/lang/ThreadGroup
instanceKlass java/lang/Thread$UncaughtExceptionHandler
instanceKlass java/lang/Thread$Constants
instanceKlass java/lang/Thread$FieldHolder
instanceKlass java/lang/Thread
instanceKlass java/lang/Runnable
instanceKlass java/lang/ref/Reference
instanceKlass java/lang/Record
instanceKlass java/security/AccessController
instanceKlass java/security/AccessControlContext
instanceKlass java/security/ProtectionDomain
instanceKlass java/lang/SecurityManager
instanceKlass java/lang/Throwable
instanceKlass java/lang/System
instanceKlass java/lang/ClassLoader
instanceKlass java/lang/Cloneable
instanceKlass java/lang/Class
instanceKlass java/lang/invoke/TypeDescriptor$OfField
instanceKlass java/lang/invoke/TypeDescriptor
instanceKlass java/lang/reflect/Type
instanceKlass java/lang/reflect/GenericDeclaration
instanceKlass java/lang/reflect/AnnotatedElement
instanceKlass java/lang/String
instanceKlass java/lang/constant/ConstantDesc
instanceKlass java/lang/constant/Constable
instanceKlass java/lang/CharSequence
instanceKlass java/lang/Comparable
instanceKlass java/io/Serializable
ciInstanceKlass java/lang/Object 1 1 124 7 1 10 12 1 1 10 7 12 1 1 1 10 7 12 1 1 1 10 12 1 1 8 1 10 12 1 1 10 7 12 1 1 1 10 12 1 10 12 1 1 10 7 12 1 1 1 10 12 1 10 12 1 7 1 10 7 12 1 1 1 10 12 1 1 10 12 1 100 1 8 1 10 12 1 3 8 1 7 1 5 0 1 1 1 1 1 1 1 1 1 1 1 1 1 1 1 1 100 1 1 1 1 1 1 1 1 1 1 7 1 1 1 1 1 1 1 1 1 1 3 1 1
ciInstanceKlass java/io/Serializable 1 0 7 100 1 100 1 1 1
ciInstanceKlass java/lang/System 1 1 834 10 7 12 1 1 1 9 7 12 1 1 1 10 12 1 10 12 1 1 10 12 1 1 10 12 1 9 12 1 1 10 7 12 1 1 1 11 100 12 1 1 1 10 100 12 1 1 1 10 12 1 1 10 12 1 1 100 1 8 1 10 12 1 10 7 12 1 1 1 10 7 12 1 1 1 18 12 1 1 10 7 12 1 1 1 7 1 10 12 1 1 10 7 12 1 1 1 10 12 1 10 7 12 1 1 1 9 100 12 1 1 1 10 7 12 1 1 1 11 7 12 1 1 1 10 12 1 1 10 7 12 1 1 1 7 1 10 10 12 1 1 8 1 10 12 1 8 1 10 12 1 9 12 1 1 8 1 10 7 12 1 1 1 10 12 1 1 100 1 8 1 10 9 12 1 1 8 1 10 12 1 1 10 100 12 1 1 1 8 1 10 12 1 7 1 10 12 1 8 1 10 12 1 10 12 1 1 100 1 10 12 10 12 1 9 12 1 1 9 12 1 1 10 7 12 1 1 1 10 7 12 1 1 1 10 12 1 1 10 12 1 10 12 1 10 7 12 1 1 1 10 12 1 100 1 100 1 8 1 10 12 1 10 12 1 1 7 1 10 12 1 100 1 8 1 10 10 12 1 100 1 8 1 10 8 1 10 7 12 1 1 8 1 10 12 100 1 8 1 10 10 12 1 1 10 7 12 1 1 1 100 1 18 12 1 100 1 9 100 12 1 1 1 10 12 1 100 1 10 12 1 1 10 12 1 1 10 7 12 1 1 1 10 12 1 1 10 12 1 10 12 1 10 12 1 1 10 12 1 7 1 10 12 1 9 7 12 1 1 1 10 7 12 1 1 1 10 12 1 10 12 1 10 7 12 1 1 1 7 1 8 1 10 9 12 1 9 12 1 10 12 1 10 7 12 1 1 10 12 1 10 12 1 1 8 1 10 12 1 1 8 1 11 12 1 10 12 11 12 1 1 11 7 12 1 1 1 11 7 12 1 1 11 12 1 1 7 1 11 12 1 10 12 1 8 1 10 12 1 1 8 1 8 1 8 1 8 1 11 12 1 10 12 1 10 12 1 10 12 1 8 1 10 12 1 1 8 1 9 12 1 8 1 10 7 12 1 1 8 1 7 1 9 7 12 1 1 1 10 12 1 7 1 9 12 10 9 12 7 1 10 12 9 12 1 1 8 1 10 12 1 1 8 1 10 7 12 1 1 10 12 1 10 12 1 1 11 7 12 1 1 10 12 10 7 12 1 1 1 9 12 1 1 7 1 8 1 10 12 1 1 10 7 12 1 1 1 7 1 10 12 1 1 10 12 1 8 1 8 1 10 8 1 8 1 8 1 8 1 10 10 7 12 1 1 10 12 1 10 12 1 1 10 12 1 1 10 12 1 10 100 12 1 1 1 10 7 1 8 1 10 10 10 12 1 1 10 12 1 1 8 1 10 12 1 8 1 8 1 10 12 1 10 7 12 1 1 1 10 12 1 1 7 1 10 10 12 1 10 12 1 9 12 1 1 3 1 3 1 1 1 1 1 1 1 1 1 1 1 1 100 1 1 100 1 1 1 1 1 1 1 1 1 1 1 100 1 7 1 1 1 1 1 1 1 1 1 1 1 1 1 1 1 1 1 1 1 1 1 1 1 1 1 1 1 1 1 1 1 1 1 1 1 1 1 1 1 1 1 1 1 1 1 1 1 1 1 1 1 1 1 1 1 1 1 1 100 1 1 1 1 1 1 1 1 1 1 1 1 1 1 1 1 1 1 1 1 1 1 1 1 1 1 1 1 1 1 1 1 1 100 1 1 16 15 10 12 1 1 16 15 10 12 16 1 15 10 100 12 1 1 1 1 1 1 1 1 1 100 1 100 1 1
staticfield java/lang/System in Ljava/io/InputStream; java/io/BufferedInputStream
staticfield java/lang/System out Ljava/io/PrintStream; java/io/PrintStream
staticfield java/lang/System err Ljava/io/PrintStream; java/io/PrintStream
ciInstanceKlass java/lang/SecurityManager 0 0 576 10 7 12 1 1 1 9 7 12 1 1 1 10 7 12 1 1 1 100 1 8 1 10 12 1 10 12 1 1 10 7 12 1 1 1 10 7 1 10 100 1 10 9 100 12 1 1 1 10 7 12 1 1 1 10 12 1 1 10 7 12 1 1 100 1 8 1 10 9 12 1 1 9 12 1 8 1 9 12 1 7 1 10 8 1 10 12 1 1 10 12 1 10 12 1 1 100 1 10 10 12 1 1 100 1 8 1 10 12 1 8 1 8 1 8 1 8 1 8 1 8 1 10 12 1 8 1 8 1 8 1 8 1 8 1 10 7 12 1 1 1 10 12 1 1 8 1 100 1 8 1 10 8 1 8 1 8 1 8 1 8 1 10 100 12 1 1 8 1 100 1 8 1 8 1 10 8 1 10 12 1 100 1 8 1 10 10 12 1 1 10 12 1 10 12 1 10 12 1 10 100 12 1 1 1 10 12 1 10 100 12 1 1 11 100 12 1 1 1 18 12 1 1 11 100 12 1 1 1 18 12 1 1 11 12 1 1 18 18 11 12 1 18 12 1 11 12 1 1 9 12 1 1 9 12 1 9 12 1 9 12 1 100 1 10 100 12 1 1 10 12 1 10 12 1 18 12 1 18 10 100 12 1 1 1 18 12 1 10 12 1 18 18 8 1 10 12 1 9 12 1 1 11 7 12 1 1 1 8 1 100 1 10 12 1 10 12 1 1 10 12 1 1 9 12 1 1 10 12 1 10 12 1 1 8 1 100 1 10 9 12 1 8 1 10 12 1 8 1 100 1 10 10 100 12 1 1 10 100 1 9 7 12 1 1 1 11 12 1 1 10 12 1 11 12 1 10 12 1 7 1 10 10 12 1 1 10 12 1 1 1 1 1 1 1 1 1 1 1 7 1 1 1 1 1 1 1 1 1 1 1 1 1 1 1 1 1 1 1 1 1 1 1 1 1 1 1 1 1 1 1 1 1 1 1 1 1 1 1 1 1 1 1 1 1 1 1 1 1 1 1 1 1 1 1 1 3 1 1 1 1 1 1 1 1 1 1 100 1 1 1 1 1 1 1 1 1 1 1 1 1 1 1 1 1 1 1 1 1 1 1 1 1 1 1 1 1 1 1 1 1 1 1 1 1 1 16 15 10 7 12 1 1 1 16 1 16 15 10 12 16 1 15 10 12 16 15 11 7 1 16 1 16 1 15 10 12 16 15 10 12 16 15 10 12 1 16 1 15 11 12 1 15 10 12 16 15 10 16 1 15 10 100 12 1 1 1 1 1 1 100 1 100 1 1
ciInstanceKlass java/security/AccessController 1 1 295 10 7 12 1 1 1 10 7 12 1 1 1 10 7 12 1 1 1 10 12 1 1 10 12 1 1 10 7 12 1 1 1 10 12 1 1 10 12 1 10 12 1 1 10 12 1 100 1 8 1 10 12 1 10 12 1 10 12 1 1 10 12 1 7 1 7 1 10 12 1 1 10 12 1 10 12 1 10 12 1 1 10 7 12 1 1 1 10 12 1 1 9 100 12 1 1 1 10 7 12 1 1 1 10 12 1 10 12 1 9 100 12 1 1 1 10 12 1 10 12 1 1 9 12 1 1 10 100 1 10 11 7 12 1 1 1 10 7 12 1 1 11 7 1 100 1 10 12 1 10 12 1 10 12 1 8 1 10 12 1 1 8 1 10 100 12 1 1 1 8 1 7 1 10 10 12 1 1 10 12 1 10 7 12 1 1 1 10 12 1 8 1 10 7 12 1 1 8 1 8 1 10 12 1 8 1 10 12 1 10 12 1 1 10 12 1 1 1 1 1 1 1 1 1 1 1 1 1 1 1 1 1 1 1 1 1 1 1 1 1 1 1 1 100 1 1 1 1 1 1 1 1 1 1 1 1 1 1 1 1 1 1 1 1 1 1 1 1 1 1 1 1 1 1 1 1 1 1 100 1 100 1 1 1 1 1 1 1 1 1 3 1 1 1
staticfield java/security/AccessController $assertionsDisabled Z 1
ciInstanceKlass java/security/ProtectionDomain 1 1 348 10 7 12 1 1 1 9 7 12 1 1 1 7 1 10 9 12 1 1 9 12 1 1 9 12 1 1 10 7 12 1 1 7 1 9 12 1 9 12 1 1 7 1 9 12 1 1 9 12 1 10 100 12 1 1 10 100 12 1 1 1 10 12 1 1 10 12 1 9 12 1 9 100 12 1 1 10 12 1 1 10 100 1 10 12 1 1 8 1 7 1 8 1 10 12 1 10 11 10 7 12 1 1 1 10 12 1 1 8 1 11 8 1 10 12 1 8 1 8 1 10 12 1 1 10 12 1 10 12 1 1 10 12 1 8 1 10 12 1 8 1 8 1 10 7 12 1 1 1 9 100 12 1 1 1 10 12 1 1 9 100 12 1 1 1 10 7 12 1 1 1 100 1 18 12 1 1 10 7 12 1 1 1 10 7 1 10 12 1 10 12 1 1 11 100 12 1 1 11 12 1 100 1 11 7 12 1 1 1 10 12 1 10 11 12 1 1 11 12 1 1 10 12 1 10 7 12 1 1 10 100 12 1 1 11 12 1 10 12 10 12 1 8 1 8 1 10 7 12 1 1 1 7 1 10 10 7 12 1 1 1 1 1 1 1 1 1 1 7 1 1 7 1 1 1 1 1 1 1 1 1 1 1 1 1 1 1 1 1 1 1 1 1 1 1 1 1 1 1 1 1 1 1 1 1 1 1 1 1 1 1 1 1 1 1 1 7 1 1 1 1 1 1 100 1 1 16 15 10 12 16 15 10 100 12 1 1 1 1 1 1 1 100 1 100 1 1
staticfield java/security/ProtectionDomain filePermCompatInPD Z 0
ciInstanceKlass java/security/CodeSource 1 1 398 10 7 12 1 1 1 9 7 12 1 1 1 9 12 1 1 9 12 1 1 9 12 1 1 10 7 12 1 1 1 9 12 1 1 10 100 12 1 1 10 100 10 7 12 1 1 1 10 100 12 1 1 1 10 12 1 1 7 1 10 10 100 12 1 1 1 10 100 12 1 1 1 10 12 1 1 100 1 10 12 1 1 10 12 1 1 10 12 1 1 10 12 1 10 10 10 12 1 1 10 7 12 1 1 1 10 12 1 10 12 1 10 12 1 8 1 10 12 1 10 12 1 10 12 1 1 10 12 1 8 1 10 12 1 1 10 7 1 10 10 12 1 1 8 1 10 12 1 10 12 1 10 12 1 8 1 8 1 9 12 1 1 100 1 8 1 10 12 1 10 12 1 1 8 1 10 12 1 8 1 8 1 8 1 10 100 12 1 1 10 12 1 1 10 12 1 10 12 1 1 10 12 1 1 10 12 1 1 100 1 100 1 10 12 1 10 12 10 12 1 1 10 100 12 1 1 10 12 1 7 1 10 12 10 100 12 1 1 1 10 8 1 10 12 1 10 12 1 10 12 1 1 100 1 10 12 1 1 100 1 7 1 8 1 8 1 10 10 12 1 1 10 100 12 1 1 1 7 1 10 12 10 12 1 1 11 7 12 1 1 10 10 12 1 11 10 12 1 8 1 100 1 10 12 1 10 12 1 1 10 12 1 11 12 1 1 7 1 1 1 1 5 0 1 1 1 1 1 1 1 1 1 1 1 1 1 1 1 1 1 1 1 1 1 1 1 1 1 1 1 1 1 1 1 1 1 1 1 1 1 1 1 1 1 1 1 1 1 1 1 1 1 1 1 1 1 1 1 1 1 1 1 1 1 1 1 1 1 1 100 1 1 1 1 1 1 1
ciInstanceKlass java/lang/Boolean 1 1 152 10 7 12 1 1 1 9 7 12 1 1 1 10 12 1 1 10 12 1 8 1 10 7 12 1 1 9 12 1 1 9 12 1 10 12 1 1 10 12 1 1 10 12 1 1 10 7 12 1 1 1 100 1 100 1 10 12 1 1 9 100 12 1 1 9 12 10 100 12 1 1 1 10 12 1 1 8 1 10 7 12 1 1 1 9 12 1 1 7 1 7 1 7 1 1 1 1 1 1 5 0 1 1 1 1 1 1 1 1 1 1 3 1 1 1 1 1 1 1 1 1 1 1 1 1 1 1 1 1 1 7 1 1 1 1 1 1 1 1 1 1 100 1 1 1 1 1 1 1 1 1
staticfield java/lang/Boolean TRUE Ljava/lang/Boolean; java/lang/Boolean
staticfield java/lang/Boolean FALSE Ljava/lang/Boolean; java/lang/Boolean
staticfield java/lang/Boolean TYPE Ljava/lang/Class; java/lang/Class
ciInstanceKlass java/lang/Comparable 1 0 12 100 1 100 1 1 1 1 1 1 1 1
ciInstanceKlass java/lang/constant/Constable 1 0 11 100 1 100 1 1 1 1 1 1 1
ciInstanceKlass java/util/Map 1 1 263 11 7 12 1 1 1 11 12 1 1 10 7 12 1 1 11 12 1 1 11 7 12 1 1 1 11 100 12 1 1 1 11 12 1 1 7 1 11 12 1 11 12 1 100 1 100 1 10 12 1 1 11 100 12 1 1 1 11 100 12 1 1 1 11 12 1 11 12 1 10 12 1 1 11 12 1 11 7 12 1 9 7 12 1 1 1 7 1 10 12 7 1 7 1 10 12 1 7 1 10 7 1 11 12 1 11 12 1 1 11 12 1 1 7 1 11 12 1 1 1 1 1 1 1 1 1 1 1 1 1 1 1 1 1 1 1 1 1 1 1 1 1 1 1 1 1 1 1 1 1 1 1 1 1 1 1 1 1 1 1 1 1 1 1 1 1 1 1 1 1 1 1 1 1 1 1 1 1 1 1 1 1 1 1 1 1 1 1 1 1 1 1 1 1 1 1 1 1 1 1 1 1 1 1 1 1 1 1 1 1 1 1 1 1 1 1 1 1 1 1 1 1 1 1 1 1 1 1 1 1 1 1 1 1 1 1 1 1 1 1 1 1 1 100 1 1 1 1 1 1 1 1 1 1 1 1 1 1 1 1 1 1
ciInstanceKlass java/lang/Class 1 1 1698 10 7 12 1 1 1 9 7 12 1 1 1 9 12 1 1 10 12 1 1 8 1 10 12 1 8 1 8 1 10 12 1 1 10 7 12 1 1 1 10 12 1 7 1 10 10 12 1 10 12 1 1 10 12 1 1 10 12 1 1 10 7 12 1 1 10 12 1 10 12 1 10 12 1 8 1 10 12 1 8 1 10 12 1 8 1 8 1 10 12 1 1 10 100 12 1 1 1 18 12 1 1 11 100 12 1 1 1 8 1 8 1 8 1 10 100 12 1 1 1 11 12 1 1 8 1 10 12 1 10 11 100 12 1 1 1 11 7 12 1 1 1 11 8 1 18 8 1 10 12 1 10 7 12 1 1 10 12 1 1 10 7 12 1 1 1 10 12 1 1 10 12 1 1 10 7 12 1 1 1 10 12 9 100 12 1 1 1 10 7 12 1 1 1 10 12 1 10 7 12 1 1 1 10 12 1 1 18 12 1 1 10 7 12 1 1 1 10 7 12 1 10 12 1 1 10 7 1 7 1 10 12 1 1 9 12 1 1 7 1 8 1 10 12 1 10 12 1 1 10 12 1 1 10 7 12 1 1 1 7 1 10 12 1 7 1 7 1 10 10 12 1 1 10 12 1 1 100 1 10 7 12 1 1 1 10 12 1 1 10 12 1 1 9 12 1 1 10 12 1 10 12 1 1 9 12 1 1 9 12 1 1 10 12 1 1 10 7 1 10 12 1 10 12 1 10 12 1 1 10 9 12 1 10 12 1 8 1 10 12 1 1 10 12 1 1 10 12 1 10 12 1 1 10 12 1 1 10 12 1 1 9 7 12 1 1 1 10 7 12 1 1 10 12 10 12 1 10 12 1 10 12 1 10 12 1 9 100 12 1 1 1 9 12 1 10 12 1 10 100 12 1 1 1 10 12 1 1 10 100 12 1 1 10 12 1 10 12 1 1 10 100 12 1 1 1 10 12 1 10 12 1 1 10 12 1 10 12 1 10 12 1 1 10 7 1 10 10 10 12 1 1 10 12 1 1 10 12 10 10 12 1 1 7 1 8 1 10 10 12 1 1 10 12 1 100 1 11 12 1 10 100 12 1 1 10 12 1 10 12 1 10 100 12 1 1 10 10 12 1 1 8 1 10 12 1 10 12 1 1 8 1 10 12 1 9 12 1 10 12 1 10 12 1 10 12 1 10 12 7 1 9 12 1 10 12 1 9 12 1 10 12 1 10 12 1 10 12 1 10 10 12 1 10 12 1 10 7 12 1 1 10 12 1 10 12 1 10 12 1 1 10 12 1 10 12 1 10 12 1 100 1 10 12 1 10 12 1 1 10 12 1 1 10 12 1 1 10 12 1 1 10 12 1 1 10 12 1 1 7 1 10 10 12 1 1 10 12 1 1 10 12 1 1 10 10 12 1 10 12 1 1 10 12 1 1 10 12 1 1 10 12 1 1 7 1 10 10 12 11 7 12 1 1 10 12 1 10 12 1 10 7 12 1 1 1 10 12 1 1 10 10 12 1 1 7 1 10 10 12 1 1 10 7 12 1 1 1 100 1 7 1 10 12 1 1 10 12 1 10 10 12 1 1 10 12 1 10 12 1 10 12 1 10 100 12 1 1 1 11 7 12 1 1 10 12 1 10 12 1 9 12 1 10 12 1 1 10 12 1 9 12 1 1 7 1 10 9 12 1 1 10 12 7 1 10 12 1 9 12 1 10 100 12 1 1 1 10 12 1 10 12 1 10 100 12 1 1 1 10 12 1 10 12 10 12 1 1 100 1 10 8 1 10 12 1 11 11 12 1 1 11 7 12 1 1 11 12 1 8 1 10 12 1 10 12 1 1 9 12 1 9 12 1 1 10 7 12 1 1 9 12 1 10 12 1 1 10 10 12 1 10 7 12 1 1 1 10 7 12 1 1 10 7 12 1 1 9 12 1 1 10 12 1 9 12 1 10 12 1 10 12 1 1 9 12 1 1 9 12 1 10 12 1 10 12 1 1 9 12 1 100 1 10 10 12 1 1 7 1 10 12 1 1 100 11 7 1 9 12 1 1 9 12 1 7 1 10 12 1 9 12 1 1 9 12 1 10 12 1 10 12 1 1 9 12 1 7 1 10 10 12 1 1 10 10 12 1 10 12 10 10 12 1 9 12 1 10 12 1 1 10 7 12 1 1 1 10 12 1 1 10 12 1 8 10 7 8 1 18 8 1 8 1 10 12 1 9 12 1 9 12 1 1 10 12 1 7 1 7 1 10 12 1 9 12 1 1 7 1 10 10 12 1 10 7 1 9 12 1 8 1 10 12 1 7 1 10 12 1 10 12 1 1 100 1 7 1 9 12 1 100 1 8 1 10 10 7 12 1 1 1 10 12 11 7 12 1 1 1 10 12 1 10 12 1 1 10 8 1 8 1 10 12 1 1 9 7 12 1 1 11 12 7 1 11 7 12 1 1 9 12 1 10 100 12 1 1 1 10 7 12 1 1 10 12 1 1 9 12 1 9 10 12 1 1 10 12 1 1 10 12 1 1 10 12 1 1 10 12 1 1 11 12 1 7 1 11 12 1 10 7 12 1 1 1 10 12 1 11 12 1 10 7 12 1 1 1 10 12 1 10 7 12 1 1 1 11 12 1 11 12 1 1 10 12 1 10 12 1 1 9 12 1 1 9 100 12 1 1 10 12 1 10 100 12 1 1 1 10 12 1 1 10 12 1 10 12 1 10 12 1 10 7 12 1 1 1 10 12 1 8 1 10 12 1 10 12 1 10 12 1 100 1 10 12 10 100 12 1 1 1 11 100 12 1 1 1 10 12 1 1 10 12 1 18 12 1 1 11 12 1 1 18 11 12 1 18 12 1 11 12 1 10 12 1 1 10 12 1 10 12 1 10 12 1 10 12 1 10 12 10 12 1 8 1 10 12 1 7 1 9 12 1 1 7 1 7 1 7 1 7 1 1 1 3 1 3 1 3 1 1 1 1 1 1 1 5 0 1 1 1 1 1 1 1 1 1 1 1 1 1 1 1 1 1 1 1 1 1 1 1 1 100 1 1 1 1 1 1 1 100 1 1 1 1 1 7 1 1 1 1 1 1 1 1 1 1 1 1 1 1 1 1 1 1 1 1 1 1 1 1 1 1 1 1 1 1 1 1 1 1 1 1 1 1 1 1 1 1 100 1 1 1 1 1 1 1 1 1 1 1 1 1 1 1 1 1 1 1 1 1 1 1 1 1 1 1 1 1 1 1 100 1 1 1 1 1 1 1 1 1 1 1 1 1 1 1 1 1 1 1 1 3 1 1 1 1 1 1 1 1 1 1 1 1 1 1 1 1 1 1 1 1 1 1 1 1 1 1 1 1 1 1 1 1 1 1 1 7 1 7 1 1 1 1 1 1 1 1 1 1 1 1 1 1 1 1 1 1 1 1 1 1 1 1 1 1 1 1 1 1 1 1 1 1 1 1 1 1 1 1 1 1 1 1 1 1 1 1 1 1 1 1 1 1 1 1 1 1 1 1 1 1 1 1 1 1 1 1 1 1 1 1 1 1 1 1 1 1 1 1 1 1 1 1 1 1 1 1 1 1 1 1 1 1 1 1 1 1 1 1 1 1 1 1 1 1 1 1 1 1 1 1 1 1 1 1 1 1 1 1 1 1 1 1 1 1 1 1 1 1 1 1 16 15 10 12 16 15 11 12 16 1 16 15 16 15 10 12 16 16 15 10 12 16 15 16 1 15 10 12 16 15 10 100 12 1 1 1 1 1 1 1 1 1 1 1 1 7 1 1 100 1 100 1 1 100 1 100 1 1 100 1 100 1 1
staticfield java/lang/Class EMPTY_CLASS_ARRAY [Ljava/lang/Class; 0 [Ljava/lang/Class;
staticfield java/lang/Class serialPersistentFields [Ljava/io/ObjectStreamField; 0 [Ljava/io/ObjectStreamField;
ciInstanceKlass java/lang/reflect/AnnotatedElement 1 1 164 11 7 12 1 1 1 11 12 1 1 7 1 10 100 12 1 1 1 10 12 1 1 10 12 1 1 10 12 1 10 100 12 1 1 1 11 12 1 1 11 7 12 1 1 10 7 12 1 1 1 10 12 1 10 100 12 1 1 1 18 12 1 1 11 100 12 1 1 18 12 1 18 12 1 1 10 100 12 1 1 1 11 100 12 1 1 1 7 1 10 100 12 1 1 1 1 1 1 1 1 1 1 1 1 1 1 1 1 1 1 1 1 1 1 1 1 1 100 1 1 1 1 1 1 1 1 1 1 1 16 15 16 1 16 1 15 11 12 16 16 1 15 10 100 12 1 1 1 16 1 15 10 100 12 1 1 1 1 100 1 100 1 1
ciInstanceKlass java/lang/invoke/TypeDescriptor 1 0 17 100 1 100 1 1 1 1 1 1 100 1 100 1 1 1 1
ciInstanceKlass java/lang/reflect/GenericDeclaration 1 0 30 7 1 7 1 7 1 1 1 1 1 1 1 1 100 1 8 1 1 12 10 1 1 1 8 1 1 1 8 1
ciInstanceKlass java/lang/reflect/Type 1 1 17 11 100 12 1 1 1 100 1 1 1 1 1 1 1 1 1
ciInstanceKlass java/lang/invoke/TypeDescriptor$OfField 1 0 21 100 1 100 1 100 1 1 1 1 1 1 1 1 1 1 1 1 1 1 1
ciInstanceKlass java/lang/StringBuilder 1 1 422 10 7 12 1 1 1 10 12 1 10 12 1 10 12 1 1 10 7 12 1 1 1 10 7 12 1 1 1 10 12 1 10 12 1 10 12 1 10 12 1 10 12 1 10 12 1 10 12 1 10 12 1 10 12 1 10 12 1 10 12 1 10 12 1 10 12 1 10 12 1 1 10 12 1 10 12 1 1 10 12 1 1 10 12 1 10 12 1 10 12 1 10 12 1 10 12 1 10 12 1 10 12 1 10 12 10 12 1 10 12 1 10 12 1 10 12 1 1 10 12 1 10 12 1 10 12 10 12 1 1 10 12 1 10 12 1 10 12 1 10 100 12 1 1 1 9 12 1 1 10 12 1 10 12 1 1 10 12 1 1 9 12 1 1 10 100 12 1 1 1 10 100 1 10 12 1 1 10 100 12 1 1 10 12 1 10 12 1 1 100 1 100 1 8 1 10 10 12 1 1 10 12 1 10 12 1 10 12 1 1 10 12 1 10 12 1 10 12 1 10 12 1 10 12 1 10 12 10 12 1 10 12 1 10 12 1 10 12 1 10 12 1 10 12 1 10 12 1 10 12 1 10 12 1 1 10 12 1 1 10 12 1 10 12 1 10 12 1 10 12 10 12 10 12 1 10 12 1 10 12 1 10 12 10 12 1 10 12 1 10 12 1 10 12 1 10 12 1 10 12 1 10 12 1 10 12 1 10 12 1 1 10 12 1 10 12 1 1 10 12 1 10 12 1 1 10 12 1 10 12 1 1 10 12 1 10 12 1 10 12 1 10 10 12 1 10 12 1 7 1 7 1 7 1 7 1 1 1 1 5 0 1 1 1 1 1 1 1 1 1 1 1 1 1 1 1 1 1 1 1 1 1 1 1 1 1 1 1 1 1 1 1 1 1 1 1 1 1 1 1 1 1 1 1 1 100 1 1 1 7 1 1 1 1 1 1 1 1 1 1 1
instanceKlass java/lang/StringBuilder
instanceKlass java/lang/StringBuffer
ciInstanceKlass java/lang/AbstractStringBuilder 1 1 605 7 1 10 7 12 1 1 1 9 7 12 1 1 1 9 12 1 9 12 1 1 9 12 1 1 10 7 12 1 1 1 10 12 1 1 7 1 3 3 10 12 1 10 12 1 1 11 7 1 100 1 7 1 10 8 1 10 12 1 10 12 1 10 12 1 1 10 12 1 10 12 1 9 12 1 10 12 1 9 12 1 1 10 12 1 1 10 7 12 1 1 1 10 10 12 1 10 12 1 10 12 1 1 10 12 1 1 10 7 12 1 1 1 10 7 12 1 1 1 7 1 8 1 10 10 12 1 1 100 1 10 12 10 12 1 1 10 10 12 1 1 10 12 1 1 10 12 1 1 10 12 1 1 10 10 7 12 1 1 1 10 12 1 100 1 10 10 7 12 1 1 1 9 12 1 1 9 12 1 10 12 1 1 10 10 12 1 1 10 12 10 12 1 10 12 1 1 10 12 1 1 10 12 1 1 10 12 1 10 12 1 1 10 12 1 1 10 12 1 10 12 1 1 8 1 10 12 1 1 10 12 1 10 12 1 10 12 1 10 12 1 10 12 1 10 12 1 10 7 12 1 1 10 12 1 10 12 1 10 100 12 1 1 1 100 1 100 1 10 12 1 10 100 12 1 1 10 12 1 10 12 1 10 12 1 10 12 1 1 10 12 1 10 12 1 1 10 12 1 1 10 10 7 12 1 1 1 10 12 1 10 12 1 10 12 1 1 10 12 1 10 12 1 10 12 1 10 12 1 10 12 1 10 12 1 10 12 1 10 12 1 10 12 1 1 10 12 1 10 12 1 10 12 10 12 1 1 18 12 1 1 100 1 10 100 12 1 1 1 18 10 12 1 1 10 12 1 10 12 1 1 11 12 1 1 10 12 1 10 12 10 12 1 10 10 10 12 1 10 5 0 10 10 12 1 1 100 1 8 1 10 10 12 1 1 10 100 12 1 1 1 10 12 1 10 12 1 1 100 1 10 12 100 1 10 100 1 10 7 1 1 1 1 1 1 1 1 1 1 1 100 1 1 1 1 1 1 1 1 1 1 1 1 1 1 1 1 1 1 1 1 1 1 1 1 1 1 1 1 1 1 1 1 1 1 1 1 1 1 1 1 1 1 1 1 1 1 1 1 1 1 1 1 1 1 1 1 1 1 1 1 1 1 1 1 1 1 1 1 1 1 1 1 1 1 1 1 1 1 1 1 1 1 1 1 1 1 1 1 1 1 1 1 1 1 1 1 1 1 1 1 100 1 1 1 1 1 1 1 1 1 1 1 1 1 1 1 1 1 100 1 1 1 1 1 1 7 1 1 16 1 15 10 12 16 15 10 12 15 10 100 12 1 1 1 1 1 1 1 100 1 100 1 1
staticfield java/lang/AbstractStringBuilder EMPTYVALUE [B 0
ciInstanceKlass java/lang/Appendable 1 0 14 100 1 100 1 1 1 1 100 1 1 1 1 1
ciInstanceKlass java/lang/CharSequence 1 1 131 11 7 12 1 1 1 18 12 1 1 100 1 10 100 12 1 1 1 18 10 100 12 1 1 1 11 12 1 1 11 7 1 11 12 1 1 10 100 12 1 1 1 11 12 1 1 100 1 10 12 1 1 10 100 12 1 1 1 100 1 10 10 12 1 1 7 1 1 1 1 1 1 1 1 1 1 1 1 1 1 1 1 1 1 1 1 1 1 1 1 1 1 1 1 1 1 1 1 1 16 1 15 11 12 16 15 11 12 15 10 100 12 1 1 1 1 1 100 1 100 1 1 100 1 1 100 1 100 1 1
ciInstanceKlass java/lang/AutoCloseable 1 0 12 100 1 100 1 1 1 1 100 1 1 1
ciInstanceKlass java/io/Closeable 1 0 14 100 1 100 1 100 1 1 1 1 100 1 1 1
instanceKlass sun/security/pkcs11/wrapper/PKCS11Exception
instanceKlass sun/security/ec/ECOperations$IntermediateValueException
instanceKlass sun/nio/fs/WindowsException
instanceKlass javafx/scene/transform/NonInvertibleTransformException
instanceKlass javafx/css/CssParser$ParseException
instanceKlass java/lang/CloneNotSupportedException
instanceKlass java/security/PrivilegedActionException
instanceKlass java/net/URISyntaxException
instanceKlass javax/xml/stream/XMLStreamException
instanceKlass com/sun/javafx/geom/transform/NoninvertibleTransformException
instanceKlass java/util/concurrent/ExecutionException
instanceKlass java/security/GeneralSecurityException
instanceKlass java/io/IOException
instanceKlass java/lang/InterruptedException
instanceKlass java/lang/ReflectiveOperationException
instanceKlass java/lang/RuntimeException
ciInstanceKlass java/lang/Exception 1 1 40 10 7 12 1 1 1 10 12 1 10 12 1 10 12 1 10 12 1 100 1 1 1 1 5 0 1 1 1 1 1 1 1 1 1 1 1 1 1 1
instanceKlass java/lang/Exception
instanceKlass java/lang/Error
ciInstanceKlass java/lang/Throwable 1 1 404 10 7 12 1 1 1 9 7 12 1 1 1 9 12 1 1 9 12 1 9 12 1 1 9 12 1 10 12 1 1 9 12 1 1 10 12 1 1 10 12 1 100 1 7 1 10 8 1 10 12 1 1 8 1 10 100 12 1 1 10 10 12 1 100 1 8 1 10 10 12 1 1 10 7 12 1 1 10 12 1 8 1 9 7 12 1 1 1 10 12 1 1 100 1 10 12 10 12 1 10 100 12 1 1 1 100 1 10 12 10 12 1 10 12 1 100 1 10 10 7 12 1 1 1 11 100 12 1 1 1 10 12 1 1 10 12 1 1 8 1 10 12 1 10 12 1 1 8 1 8 1 10 12 1 1 10 12 1 8 1 8 1 9 12 1 1 10 12 1 1 100 1 10 11 12 1 8 1 8 1 10 7 12 1 1 8 1 10 12 1 8 1 100 1 10 12 1 9 12 1 1 10 12 1 10 7 12 1 9 12 1 1 10 12 1 1 100 1 8 1 10 12 1 10 100 12 1 1 10 12 1 1 7 1 10 100 12 1 1 1 10 12 1 11 7 12 1 1 1 11 7 12 1 1 11 12 1 8 1 10 12 1 1 8 1 10 10 9 100 12 1 1 1 8 1 10 12 1 1 11 10 100 1 8 1 10 11 12 1 1 8 1 9 12 1 10 100 12 1 1 11 9 12 1 1 11 12 1 1 100 10 12 1 10 12 1 1 7 1 1 1 1 5 0 1 1 1 1 1 1 1 1 1 1 1 1 1 7 1 1 1 1 1 1 1 1 1 1 1 1 1 1 1 1 1 1 1 1 1 1 1 1 1 1 1 1 1 1 1 1 1 1 1 1 1 1 1 1 1 1 1 1 100 1 7 1 1 1 1 1 1 1 1 1 1 1 1 1 1 1 1 1 1
staticfield java/lang/Throwable UNASSIGNED_STACK [Ljava/lang/StackTraceElement; 0 [Ljava/lang/StackTraceElement;
staticfield java/lang/Throwable SUPPRESSED_SENTINEL Ljava/util/List; java/util/Collections$EmptyList
staticfield java/lang/Throwable EMPTY_THROWABLE_ARRAY [Ljava/lang/Throwable; 0 [Ljava/lang/Throwable;
staticfield java/lang/Throwable $assertionsDisabled Z 1
instanceKlass java/security/Provider
ciInstanceKlass java/util/Properties 1 1 690 10 7 12 1 1 1 100 1 10 7 12 1 1 7 1 10 12 1 9 12 1 1 9 12 1 1 9 12 1 1 10 7 12 1 1 1 10 12 1 1 8 1 10 7 12 1 1 1 7 1 10 12 1 10 12 1 1 8 1 10 12 1 7 1 10 12 10 12 1 1 9 12 1 1 10 12 1 1 7 1 10 12 1 10 12 1 10 12 1 1 100 1 8 1 10 12 1 10 12 1 10 12 1 1 10 12 1 7 1 3 10 10 100 12 1 1 1 10 12 1 10 12 1 1 8 1 10 12 1 10 12 1 1 8 1 10 100 12 1 1 10 12 1 1 10 12 1 10 12 1 1 100 1 10 12 1 10 12 1 1 100 1 9 100 12 1 1 1 10 12 1 10 12 1 1 10 12 1 1 10 12 1 1 100 1 9 12 1 1 7 1 7 1 10 12 1 7 1 11 7 12 1 1 1 11 12 1 1 11 7 12 1 1 1 11 7 12 1 1 1 11 12 1 1 11 12 1 11 12 1 10 12 1 1 8 1 10 12 1 10 100 12 1 1 10 12 1 100 1 10 10 12 1 10 12 1 100 1 10 10 12 1 1 10 7 12 1 1 9 100 12 1 1 10 12 1 1 10 100 12 1 1 1 100 1 100 1 100 1 10 8 1 8 1 10 12 1 10 12 1 10 12 1 1 10 10 12 1 1 10 12 1 1 7 1 10 10 12 1 11 7 12 1 1 10 7 12 1 1 1 8 1 10 100 12 1 1 11 11 7 1 8 1 10 100 1 11 10 12 1 10 10 12 1 10 12 1 1 10 12 1 1 10 12 1 1 10 12 1 10 12 1 10 10 12 1 10 12 1 10 12 1 10 10 12 1 1 10 12 1 1 10 10 12 1 10 12 1 10 12 1 10 12 1 10 12 1 1 10 12 1 1 10 12 1 10 12 1 10 12 1 1 10 12 10 12 1 1 10 12 1 1 10 12 1 10 12 1 1 10 12 1 1 10 12 10 11 12 1 4 11 10 12 1 1 10 100 12 1 1 11 12 1 10 12 1 1 10 100 12 1 1 10 12 1 100 1 8 1 10 12 1 10 10 100 12 1 1 1 100 1 6 0 10 12 1 1 11 100 12 1 1 1 10 12 1 10 12 1 1 1 1 1 5 0 1 1 1 1 1 1 1 1 1 1 1 1 1 1 1 1 1 1 1 1 1 1 1 1 1 1 1 1 1 1 1 1 1 1 1 1 1 1 1 100 1 1 1 1 1 1 1 1 1 1 1 1 1 1 1 1 1 1 1 1 100 1 1 1 1 1 1 1 1 1 1 1 1 7 1 7 1 1 1 1 1 100 1 1 1 1 1 1 1 1 1 1 1 1 1 1 1 1 1 1 1 1 1 1 1 1 1 1 1 1 1 1 1 1 1 1 1 1 1 1 1 1 1 1 1 1 1 1 1 1 1 1 1 1 1 1 1 1 1 1 1 1 1 1 1 1 1 1 1 1 1 1 1 1 1 1 1 1 1 7 1 1 1 1 1 1 1 1 1 1 1 100 1 1
staticfield java/util/Properties UNSAFE Ljdk/internal/misc/Unsafe; jdk/internal/misc/Unsafe
instanceKlass java/util/Hashtable
ciInstanceKlass java/util/Dictionary 1 1 36 10 7 12 1 1 1 100 1 1 1 1 1 1 1 1 1 1 1 1 1 1 1 1 1 1 1 1 1 1 1 1 1 1 1 1
instanceKlass java/util/Properties
ciInstanceKlass java/util/Hashtable 1 1 516 7 1 10 7 12 1 1 1 9 7 12 1 1 1 100 1 7 1 10 8 1 10 12 1 1 10 12 1 10 12 1 1 10 12 1 10 7 12 1 1 1 8 1 10 12 1 9 12 1 1 7 1 9 12 1 1 4 10 7 12 1 1 1 9 12 1 4 10 12 1 11 7 12 1 1 1 10 12 1 1 10 12 1 1 9 12 1 10 12 1 1 100 1 10 9 12 1 1 10 7 12 1 1 1 9 12 1 1 10 12 1 10 12 1 3 9 12 1 9 12 1 3 10 12 1 10 12 1 10 12 1 1 11 12 1 1 11 100 12 1 1 1 11 7 12 1 1 1 11 12 1 100 1 11 12 1 11 12 1 10 12 1 1 10 12 1 1 10 12 1 9 12 1 1 9 12 9 12 1 1 10 100 1 7 1 10 12 1 10 8 1 10 10 12 1 8 1 10 8 1 10 100 12 1 1 1 7 1 10 12 1 10 12 1 100 1 10 12 1 10 12 1 1 100 1 10 100 1 10 10 12 1 1 11 12 1 1 11 12 1 7 1 10 10 10 100 12 1 1 11 100 12 1 1 1 100 1 10 11 100 12 1 1 11 100 12 1 10 12 1 10 12 1 1 10 100 12 1 1 10 12 1 1 10 12 1 1 10 12 1 1 10 100 12 1 1 1 8 10 100 12 1 1 100 1 8 1 10 4 4 10 12 1 1 10 12 1 8 1 4 10 12 10 100 12 1 1 1 100 1 11 100 12 1 1 1 10 100 12 1 1 1 10 12 1 10 12 1 1 10 7 1 7 1 1 1 1 1 1 5 0 1 1 1 1 1 3 1 3 1 3 1 1 1 1 1 1 1 1 1 1 1 1 1 1 1 1 1 1 1 1 1 1 1 1 1 100 1 1 1 1 1 1 1 1 1 1 1 1 1 1 1 1 1 1 1 1 1 1 1 1 1 1 1 1 1 7 1 1 1 1 1 1 1 1 1 1 1 1 1 1 7 1 1 1 1 1 1 1 1 1 1 1 1 1 1 1 1 1 1 1 1 1 1 1 1 1 1 1 1 1 1 1 1 1 1 1 1 1 1 1 1 1 1 1 1 100 1 1 1 7 1 1 1 1 1 7 1 1 1 1 1 1 1 1 1 1 1 1 1 1 1 1 1 1
ciInstanceKlass java/lang/String 1 1 1444 10 7 12 1 1 1 8 1 9 7 12 1 1 1 9 12 1 1 9 12 1 1 9 12 1 1 10 12 1 10 12 1 1 10 12 1 1 9 12 1 10 7 12 1 1 1 10 7 1 10 7 12 1 1 1 10 12 1 1 10 12 1 1 10 12 1 10 12 1 1 10 12 1 10 7 12 1 1 1 7 1 9 7 12 1 1 1 10 7 12 1 1 1 10 7 12 1 1 1 10 12 1 1 10 12 1 1 10 12 1 1 10 12 1 1 9 7 12 1 1 10 12 9 7 12 1 1 10 12 1 1 3 10 12 1 1 7 1 11 12 1 1 11 12 1 11 12 1 1 10 7 12 1 1 1 10 12 1 1 9 7 12 1 1 1 10 12 1 1 10 12 1 11 12 1 1 10 12 1 1 10 12 10 12 1 1 10 7 12 1 1 1 10 12 1 1 10 12 1 1 100 1 7 1 10 12 1 10 12 1 10 12 1 1 100 1 10 12 1 1 100 1 10 12 1 1 10 12 1 1 10 12 1 10 10 12 1 100 1 100 1 100 1 10 12 1 10 12 1 1 10 12 1 1 10 12 1 10 12 1 1 10 12 1 1 10 100 12 1 1 100 1 11 10 7 12 1 1 11 12 1 11 12 1 10 12 1 1 10 12 1 10 12 10 12 1 1 10 10 7 12 1 1 1 10 7 12 1 1 10 12 1 1 10 7 12 1 1 10 12 1 10 12 1 1 10 12 1 1 10 12 1 10 12 1 10 12 1 1 100 1 10 12 1 1 10 12 10 12 1 10 12 1 1 10 12 1 1 10 7 12 1 1 1 10 12 1 10 12 1 1 10 12 1 10 12 1 3 3 10 12 1 1 10 12 1 10 12 1 1 10 12 1 1 10 12 1 1 10 12 1 10 12 1 1 10 12 1 1 10 12 1 10 12 1 10 12 1 10 12 1 1 10 12 1 10 12 1 10 12 1 10 12 1 10 12 1 10 12 1 10 7 1 10 8 1 10 12 1 1 10 12 1 8 1 10 12 1 1 10 12 10 12 1 8 1 10 10 12 1 1 10 12 1 1 10 12 1 1 10 7 1 10 10 12 1 10 12 1 10 12 1 10 10 12 1 10 12 1 10 12 1 10 12 1 10 12 1 10 12 1 10 12 1 1 10 12 1 1 10 12 1 1 10 10 12 1 1 10 10 12 1 100 1 10 10 12 1 1 10 12 1 1 10 7 1 10 12 1 10 12 1 10 7 12 1 1 1 10 12 1 10 12 1 1 10 12 1 11 7 1 11 12 10 12 1 10 12 1 1 10 12 1 1 10 10 12 1 10 12 1 9 12 1 1 11 7 12 1 1 1 10 12 10 10 12 1 10 12 1 1 10 10 12 1 10 12 1 10 12 1 1 10 12 1 1 10 10 12 1 1 10 12 1 10 10 12 1 10 12 10 10 12 10 10 12 1 10 12 1 10 10 12 10 7 12 1 1 1 10 12 10 10 12 10 12 1 10 12 10 12 10 10 12 1 10 12 1 1 10 12 1 1 10 10 12 1 10 7 12 1 1 1 10 12 1 1 10 10 7 12 1 1 1 11 10 12 1 10 12 1 1 10 12 1 1 10 7 12 1 1 1 10 12 1 10 12 1 10 12 1 10 12 1 10 12 1 10 12 1 100 1 7 1 8 1 10 10 10 12 1 10 12 1 1 8 1 10 12 1 3 3 10 12 1 10 12 1 1 10 12 7 1 10 10 12 1 1 10 12 1 10 12 1 10 12 1 1 10 12 1 1 11 7 12 1 1 1 7 1 10 12 1 10 12 1 1 8 1 10 12 1 1 10 12 1 11 7 12 1 1 1 11 7 12 1 1 11 12 1 10 12 1 10 12 1 1 10 10 7 12 1 1 1 10 12 1 10 12 1 10 10 12 10 12 1 1 10 10 12 1 10 10 12 1 10 10 12 1 10 10 12 1 10 12 1 1 10 10 12 1 8 1 10 12 1 1 18 12 1 1 11 100 12 1 1 1 7 1 3 18 12 1 18 12 1 8 1 10 100 12 1 1 1 11 12 1 1 10 12 10 10 12 1 10 11 12 1 1 10 12 1 1 11 12 1 18 3 11 10 12 1 11 11 10 12 1 10 12 1 1 8 1 10 12 1 10 12 1 10 12 1 1 10 10 12 1 11 100 12 1 7 1 100 1 10 12 7 1 10 10 7 12 1 1 1 100 1 10 7 1 10 10 12 1 10 10 12 1 8 1 10 10 12 1 8 1 8 1 10 12 1 10 12 1 10 10 12 10 7 12 1 1 10 7 12 1 1 10 7 12 1 1 8 1 10 12 1 10 12 1 10 9 12 1 10 12 9 7 12 1 1 1 10 12 1 10 12 1 10 12 1 10 12 1 10 12 1 8 1 10 100 12 1 1 1 10 12 10 12 1 1 10 12 10 10 12 10 12 7 1 9 12 1 1 7 1 10 7 1 7 1 7 1 7 1 1 1 1 1 1 5 0 1 1 1 1 1 3 1 3 1 1 1 1 1 1 1 1 1 1 1 1 1 1 1 100 1 1 1 1 1 1 1 1 1 1 1 1 1 1 1 1 1 1 1 1 1 1 1 1 1 1 1 1 1 1 1 100 1 1 1 1 1 1 1 1 1 1 1 7 1 1 1 1 1 1 1 1 1 1 1 1 1 1 1 1 1 1 1 1 1 1 1 1 1 1 1 1 1 1 1 1 1 1 1 1 1 1 1 1 1 1 1 1 1 1 1 1 1 1 1 1 1 1 1 1 1 1 1 1 1 1 1 1 1 1 1 1 1 1 1 1 1 1 1 1 1 1 1 1 1 1 1 1 1 1 1 1 1 1 1 1 1 1 1 1 1 1 1 1 1 1 1 1 1 1 1 1 1 1 1 1 1 1 1 1 1 1 1 1 1 1 1 1 1 1 1 1 1 1 1 1 1 1 1 1 1 1 1 1 1 1 1 1 1 1 1 1 1 1 1 1 1 1 1 1 1 1 1 1 1 1 1 1 1 1 1 1 1 1 1 1 1 1 1 100 1 1 1 1 1 1 1 1 1 1 1 1 1 1 1 1 1 1 1 1 1 1 1 100 1 1 1 1 1 1 1 1 1 1 1 1 1 1 1 7 1 1 1 1 1 1 1 1 1 1 1 1 1 1 1 16 15 10 12 16 15 10 12 15 10 12 15 10 12 15 10 100 12 1 1 1 1 1 1 1 100 1 100 1 1 1
staticfield java/lang/String COMPACT_STRINGS Z 1
staticfield java/lang/String serialPersistentFields [Ljava/io/ObjectStreamField; 0 [Ljava/io/ObjectStreamField;
staticfield java/lang/String CASE_INSENSITIVE_ORDER Ljava/util/Comparator; java/lang/String$CaseInsensitiveComparator
ciInstanceKlass java/lang/constant/ConstantDesc 1 0 37 100 1 100 1 1 1 1 100 1 1 1 1 100 1 100 1 100 1 100 1 100 1 100 1 100 1 100 1 100 1 1 100 1 100 1 1
ciInstanceKlass java/lang/InternalError 0 0 34 10 100 12 1 1 1 10 12 1 10 12 1 10 12 1 100 1 1 1 1 5 0 1 1 1 1 1 1 1 1 1 1 1
instanceKlass java/lang/AssertionError
instanceKlass java/lang/VirtualMachineError
instanceKlass java/lang/LinkageError
ciInstanceKlass java/lang/Error 1 1 40 10 7 12 1 1 1 10 12 1 10 12 1 10 12 1 10 12 1 100 1 1 1 1 5 0 1 1 1 1 1 1 1 1 1 1 1 1 1 1
instanceKlass java/lang/StackOverflowError
instanceKlass java/lang/OutOfMemoryError
instanceKlass java/lang/InternalError
ciInstanceKlass java/lang/VirtualMachineError 1 1 34 10 100 12 1 1 1 10 12 1 10 12 1 10 12 1 100 1 1 1 1 5 0 1 1 1 1 1 1 1 1 1 1 1
ciInstanceKlass java/util/Set 1 1 144 100 1 10 7 12 1 1 1 9 7 12 1 1 1 7 1 10 12 1 1 10 12 1 7 1 7 1 10 12 1 7 1 7 1 11 7 12 1 1 1 11 12 1 1 7 1 10 12 1 10 12 1 1 11 12 1 1 1 1 1 1 1 1 1 1 1 1 1 1 1 1 1 1 1 1 1 1 1 1 1 1 1 1 1 1 1 1 1 1 1 1 1 1 1 1 1 1 1 1 1 1 1 1 1 1 1 1 1 1 1 1 1 1 1 1 1 1 1 1 1 1 1 1 1 1 1 1 1 1 1 1 1 1 1 1 1 1 1 1 1 1 1 1
ciInstanceKlass java/util/Iterator 1 1 53 100 1 8 1 10 12 1 1 10 7 12 1 1 1 11 7 12 1 1 1 11 12 1 1 11 7 12 1 1 1 7 1 1 1 1 1 1 1 1 1 1 1 1 1 1 1 1 1 1 1 1 1
instanceKlass sun/security/ssl/SSLSocketImpl$AppInputStream
instanceKlass sun/nio/ch/ChannelInputStream
instanceKlass com/sun/imageio/plugins/common/InputStreamAdapter
instanceKlass com/sun/javafx/iio/png/PNGIDATChunkInputStream
instanceKlass java/io/SequenceInputStream
instanceKlass java/lang/ProcessBuilder$NullInputStream
instanceKlass java/util/zip/ZipFile$ZipFileInputStream
instanceKlass java/io/FilterInputStream
instanceKlass java/io/FileInputStream
instanceKlass java/io/ByteArrayInputStream
ciInstanceKlass java/io/InputStream 1 1 195 7 1 10 7 12 1 1 1 100 1 10 10 7 12 1 1 1 10 7 12 1 1 1 10 12 1 100 1 3 10 12 1 1 100 1 8 1 10 12 1 10 7 12 1 1 1 3 7 1 8 1 10 10 7 12 1 1 1 7 1 10 11 7 12 1 1 1 10 12 1 1 11 12 1 1 11 7 12 1 1 1 11 12 1 1 7 1 10 7 12 1 1 1 5 0 10 12 1 10 12 1 1 100 1 10 8 1 10 8 1 8 1 10 12 1 1 10 100 12 1 1 1 7 1 5 0 10 12 1 100 1 7 1 1 1 1 3 1 3 1 1 1 1 1 1 1 1 1 1 1 1 1 1 1 1 1 1 1 1 1 1 1 1 1 1 1 1 1 1 1 1 1 1 1 1 1 1 1 1 1 1 1 1 1 1 1 1 1 1 1 1 1 1 1
ciInstanceKlass jdk/internal/misc/Unsafe 1 1 1287 10 7 12 1 1 1 9 7 12 1 1 1 9 12 1 1 10 12 1 1 10 7 12 1 1 1 10 12 1 1 10 12 1 1 10 12 1 1 10 12 1 1 10 12 1 1 10 12 1 1 10 12 1 1 10 12 1 1 10 12 1 1 10 12 1 1 10 12 1 1 10 12 1 1 10 12 1 1 10 12 1 10 12 1 100 1 10 10 12 1 1 10 12 1 1 5 0 10 12 1 1 10 12 1 1 10 7 12 1 1 1 10 12 1 1 10 12 1 10 12 1 10 12 1 1 10 12 1 1 10 12 1 10 12 1 7 1 7 1 10 8 1 10 12 1 1 10 12 1 8 1 10 12 1 1 10 12 1 10 12 1 10 12 1 1 10 12 1 10 12 1 1 10 12 1 1 10 12 1 10 12 1 10 12 1 10 12 1 1 10 12 1 10 12 1 10 12 1 1 10 12 1 5 0 5 0 5 0 10 12 1 10 12 1 10 12 1 10 12 1 10 12 1 10 12 1 10 12 1 10 12 1 10 12 1 1 10 12 1 10 12 1 7 1 8 1 10 100 1 10 10 12 1 1 10 12 1 1 10 12 1 10 12 1 1 10 12 1 1 10 12 1 10 12 1 1 10 12 1 9 7 12 1 1 9 12 1 100 1 10 10 12 1 1 8 1 10 8 1 8 1 10 12 1 1 9 7 12 1 1 1 9 7 1 9 7 1 9 7 1 9 9 7 1 9 7 1 9 7 1 10 12 1 1 10 12 1 1 10 12 1 1 10 12 1 1 5 0 5 0 9 12 1 1 10 12 1 10 12 1 10 12 1 1 10 12 1 1 10 12 1 8 1 3 10 12 1 1 10 12 1 1 10 12 1 10 12 1 1 10 12 1 1 10 12 1 10 12 1 10 12 1 10 12 1 10 12 1 10 12 1 1 10 12 1 1 10 12 1 10 12 1 10 12 1 10 12 1 10 12 1 10 12 1 1 10 12 1 1 10 12 1 10 12 1 10 12 1 10 12 1 10 12 1 10 12 1 1 10 12 1 1 10 12 1 1 10 12 1 1 10 12 1 10 12 1 10 12 1 10 12 1 10 12 1 10 12 1 10 12 1 1 10 12 1 1 10 12 1 10 12 1 10 12 1 10 12 1 10 12 1 10 12 1 10 12 1 1 10 12 1 1 10 12 1 10 12 1 10 12 1 10 12 1 10 12 1 10 12 1 10 12 1 10 12 1 1 10 12 1 10 12 1 10 12 1 10 12 1 10 12 1 1 10 12 1 10 12 1 10 12 1 10 12 1 10 12 1 10 12 1 10 12 1 10 12 1 1 10 12 1 10 12 1 10 12 1 10 12 1 10 12 1 10 12 1 1 10 12 1 10 12 1 10 12 1 1 10 12 1 10 12 1 10 12 1 10 12 1 10 12 1 10 12 1 10 12 1 10 12 1 10 12 1 10 12 1 10 12 1 10 12 1 10 12 1 10 12 1 10 12 1 10 12 1 10 12 1 10 12 1 10 12 1 10 12 1 10 12 1 10 12 1 10 12 1 100 1 10 100 1 10 9 12 1 5 0 10 12 1 1 5 0 10 12 1 5 0 10 12 1 10 12 1 10 12 1 1 10 12 1 1 10 12 1 10 12 1 10 12 1 10 12 1 1 10 12 1 10 12 1 10 12 1 10 12 1 10 12 1 1 10 12 1 10 12 1 10 12 1 10 12 1 1 10 12 1 10 12 1 10 12 1 1 10 12 1 10 12 1 10 12 1 10 12 1 1 10 12 1 10 10 12 1 1 10 12 1 10 12 1 1 10 12 1 10 12 5 0 5 0 5 0 10 12 1 1 10 12 1 10 12 1 10 12 10 100 12 1 1 8 1 100 1 11 12 1 1 8 1 11 12 1 1 10 100 12 1 1 10 12 1 10 12 1 10 12 1 10 12 1 10 12 1 1 10 12 1 10 12 1 10 12 1 10 12 1 10 12 1 10 12 1 10 7 1 10 12 1 9 12 1 7 1 9 12 1 7 1 9 12 1 7 1 9 12 1 7 1 9 12 1 7 1 9 12 1 7 1 9 12 1 7 1 9 12 1 7 1 9 12 1 10 12 1 9 12 1 9 12 1 9 12 1 9 12 1 9 12 1 9 12 1 9 12 1 9 12 1 9 12 1 9 12 1 1 1 3 1 1 1 1 1 1 1 1 1 1 1 1 1 1 1 1 1 1 1 1 1 1 1 1 1 1 1 1 1 1 1 1 1 1 1 1 1 1 1 1 1 1 1 1 1 1 1 1 1 1 1 1 1 1 1 1 1 1 1 1 1 1 1 1 1 1 1 1 1 1 1 1 1 1 1 1 1 1 1 1 1 1 1 1 1 1 1 1 1 100 1 1 1 1 1 1 1 1 1 1 1 1 1 1 1 1 1 1 1 1 1 1 1 1 1 1 1 1 1 1 1 1 1 1 1 1 1 1 1 1 1 1 1 1 1 1 1 1 1 1 1 1 1 1 1 1 1 1 1 1 1 1 1 1 1 1 1 1 1 1 1 1 1 1 1 1 1 1 1 1 1 1 1 1 1 1 1 1 1 1 1 1 1 1 1 1 1 1 1 1 1 1 1 1 1 1 1 1 1 1 1 1 1 1 1 1 1 1 1 1 1 1 1 1 1 1 1 1 1 1 1 1 1 1 1 1 1 1 1 1 1 1 1 1 1 1 1 1 1 1 1 1 1 1 1 1 1 1 1 1 1 1 1 1 1 1 1 1 1 1 1 1 1 1 1 1 1 1 1 1 1 1 1 1 1 1 1 1 1 1 1 1 1 1 1 1 1 1 1 1 1 1 1 1 1 1 3 1 1 1 1 1 1 1 1 1 1 1 1 1 1 1 1 1 1 1 1 1
staticfield jdk/internal/misc/Unsafe theUnsafe Ljdk/internal/misc/Unsafe; jdk/internal/misc/Unsafe
staticfield jdk/internal/misc/Unsafe ARRAY_BOOLEAN_BASE_OFFSET I 16
staticfield jdk/internal/misc/Unsafe ARRAY_BYTE_BASE_OFFSET I 16
staticfield jdk/internal/misc/Unsafe ARRAY_SHORT_BASE_OFFSET I 16
staticfield jdk/internal/misc/Unsafe ARRAY_CHAR_BASE_OFFSET I 16
staticfield jdk/internal/misc/Unsafe ARRAY_INT_BASE_OFFSET I 16
staticfield jdk/internal/misc/Unsafe ARRAY_LONG_BASE_OFFSET I 16
staticfield jdk/internal/misc/Unsafe ARRAY_FLOAT_BASE_OFFSET I 16
staticfield jdk/internal/misc/Unsafe ARRAY_DOUBLE_BASE_OFFSET I 16
staticfield jdk/internal/misc/Unsafe ARRAY_OBJECT_BASE_OFFSET I 16
staticfield jdk/internal/misc/Unsafe ARRAY_BOOLEAN_INDEX_SCALE I 1
staticfield jdk/internal/misc/Unsafe ARRAY_BYTE_INDEX_SCALE I 1
staticfield jdk/internal/misc/Unsafe ARRAY_SHORT_INDEX_SCALE I 2
staticfield jdk/internal/misc/Unsafe ARRAY_CHAR_INDEX_SCALE I 2
staticfield jdk/internal/misc/Unsafe ARRAY_INT_INDEX_SCALE I 4
staticfield jdk/internal/misc/Unsafe ARRAY_LONG_INDEX_SCALE I 8
staticfield jdk/internal/misc/Unsafe ARRAY_FLOAT_INDEX_SCALE I 4
staticfield jdk/internal/misc/Unsafe ARRAY_DOUBLE_INDEX_SCALE I 8
staticfield jdk/internal/misc/Unsafe ARRAY_OBJECT_INDEX_SCALE I 4
staticfield jdk/internal/misc/Unsafe ADDRESS_SIZE I 8
instanceKlass jdk/internal/reflect/DelegatingClassLoader
instanceKlass java/security/SecureClassLoader
ciInstanceKlass java/lang/ClassLoader 1 1 1108 9 7 12 1 1 1 10 7 12 1 1 1 9 12 1 1 10 7 12 1 1 1 7 1 10 12 1 1 10 12 1 1 9 12 1 1 10 12 1 1 100 1 10 12 1 10 12 1 1 10 7 12 1 1 1 100 1 8 1 10 12 1 10 7 12 1 1 1 10 7 12 1 10 7 1 10 7 1 7 1 7 1 10 12 1 10 12 1 9 12 1 1 10 10 7 12 1 1 1 9 12 1 1 9 12 1 9 12 1 1 9 12 1 9 12 1 1 9 12 1 1 7 1 10 12 1 9 12 1 1 10 12 1 1 10 7 12 1 1 1 9 12 1 9 12 1 1 9 12 1 10 12 1 1 9 12 10 12 1 1 7 1 10 8 1 10 12 1 1 10 12 1 10 7 1 7 1 10 12 1 1 10 7 12 1 1 1 8 1 10 12 1 10 12 1 10 12 1 1 10 12 1 1 10 12 1 1 10 12 1 1 10 12 1 1 10 12 1 7 1 10 12 1 10 100 12 1 1 1 10 12 1 1 10 12 1 10 12 1 10 12 1 10 12 1 10 12 1 1 10 10 12 1 10 12 1 10 100 12 1 1 10 12 1 1 10 12 1 1 10 12 1 100 1 10 12 1 7 1 10 12 1 10 7 12 1 1 1 10 10 12 1 1 10 12 1 1 7 1 8 1 10 8 1 10 12 1 10 12 1 100 1 8 1 10 12 1 1 10 12 1 1 10 10 12 1 1 10 12 1 1 10 12 1 1 10 7 1 10 12 1 1 10 12 1 1 10 12 1 1 10 12 1 1 10 12 1 1 10 12 1 1 10 12 1 10 7 12 1 1 1 10 12 1 10 12 1 10 12 1 1 10 12 1 10 12 1 10 12 1 10 12 1 1 10 12 1 10 12 1 1 8 1 9 12 1 10 12 1 1 8 1 8 1 10 7 12 1 1 100 1 10 10 12 10 12 1 10 12 1 10 12 1 10 12 1 1 10 7 12 1 1 10 12 1 10 7 1 7 1 10 12 1 1 10 12 1 10 7 1 10 12 1 100 1 18 12 1 10 100 12 1 1 1 10 100 12 1 1 1 10 7 12 1 1 10 12 1 10 12 1 100 1 10 12 1 8 1 10 10 12 1 1 10 12 1 10 12 1 1 100 1 10 12 1 10 12 1 1 10 7 12 1 1 10 12 1 8 1 100 1 10 10 12 1 9 12 1 10 7 12 1 1 10 12 1 7 1 8 1 10 12 1 10 8 1 8 1 10 12 1 1 10 12 1 1 10 12 1 1 10 7 12 1 1 7 1 100 1 10 12 1 1 7 1 7 1 10 7 12 1 1 10 12 1 10 12 1 1 10 12 1 10 12 1 1 10 12 1 1 9 100 12 1 1 1 10 12 1 1 10 12 1 10 12 1 10 12 1 1 10 12 1 8 1 7 1 18 12 1 1 10 12 1 1 10 12 1 10 12 1 10 12 1 8 1 10 12 1 10 12 1 18 12 1 11 100 12 1 1 1 100 1 10 12 1 1 10 12 1 10 11 12 1 1 10 18 10 12 1 1 11 7 12 1 18 12 1 11 12 1 1 10 12 10 12 1 1 10 12 1 1 7 1 8 1 10 10 12 1 8 1 8 1 10 100 12 1 1 10 12 1 100 1 10 10 12 1 8 1 8 1 8 1 10 12 1 10 12 1 1 10 12 1 10 7 12 1 1 1 11 7 12 1 1 100 1 10 11 10 12 1 10 12 1 10 12 1 1 9 7 12 1 1 9 12 1 1 9 12 9 12 1 9 12 1 9 12 1 8 10 12 1 1 10 7 12 1 1 1 10 12 1 1 10 12 1 1 10 12 1 10 10 12 1 11 12 1 1 10 100 12 1 1 1 100 1 10 12 1 10 12 1 10 12 1 1 1 1 1 1 1 1 1 1 1 1 1 1 1 1 1 1 1 1 1 1 1 1 1 1 1 1 100 1 1 1 1 1 1 1 1 1 1 1 1 1 1 1 1 1 1 1 1 1 100 1 1 1 1 1 1 1 1 1 1 100 1 1 1 1 1 1 1 1 1 1 1 1 1 1 1 1 1 1 1 1 1 1 1 1 1 1 1 1 1 1 1 1 1 1 1 1 1 1 1 1 1 100 1 1 1 1 1 1 1 1 1 1 1 1 1 1 1 1 1 1 1 7 1 1 1 1 1 1 1 1 1 1 1 1 1 1 1 1 1 1 1 1 1 1 1 1 1 1 1 1 1 1 1 1 1 1 1 1 1 1 1 1 1 1 1 1 1 1 1 1 1 1 100 1 1 1 1 1 1 1 1 1 1 1 1 1 1 1 1 1 1 1 1 1 1 1 1 1 1 1 1 1 1 1 1 1 1 1 1 1 1 1 1 1 1 1 1 1 1 16 1 15 10 12 16 1 16 15 10 12 16 1 16 1 15 10 12 16 15 10 12 16 15 10 12 16 15 10 7 12 1 1 1 1 1 100 1 100 1 1
staticfield java/lang/ClassLoader nocerts [Ljava/security/cert/Certificate; 0 [Ljava/security/cert/Certificate;
staticfield java/lang/ClassLoader $assertionsDisabled Z 1
ciInstanceKlass java/lang/reflect/Constructor 1 1 439 10 100 12 1 1 1 10 100 12 1 1 9 7 12 1 1 1 10 12 1 1 10 12 1 1 10 100 12 1 1 9 12 1 1 10 7 12 1 1 1 9 12 1 1 9 12 1 1 9 12 1 9 12 1 1 9 12 1 9 12 1 1 9 12 1 1 9 12 1 100 1 8 1 10 12 1 10 12 1 9 12 1 1 10 7 12 1 1 10 7 12 1 1 1 10 12 1 1 10 12 1 1 10 12 1 7 1 100 1 8 1 10 10 12 1 10 12 1 10 12 1 1 10 12 1 1 9 100 12 1 1 1 10 7 12 1 1 10 12 1 1 10 12 1 10 12 1 1 10 7 12 1 1 1 10 100 12 1 1 10 12 1 1 10 12 1 10 7 12 1 1 1 8 1 10 10 12 1 100 1 8 1 10 12 1 10 12 1 1 10 12 1 1 10 12 1 10 12 1 10 12 1 1 10 12 1 1 9 12 1 1 10 12 1 1 10 12 1 1 10 12 1 1 11 7 12 1 1 1 10 12 1 1 10 12 1 10 12 1 10 12 1 8 1 9 12 1 1 10 7 12 1 1 1 10 7 12 1 1 10 12 1 1 10 12 1 1 10 12 1 1 10 12 1 1 10 12 1 9 7 12 1 1 10 12 1 10 12 1 10 12 1 100 1 8 1 10 10 12 1 1 10 12 1 10 10 12 1 1 10 12 1 1 10 100 12 1 1 1 11 100 12 1 1 1 10 12 1 1 9 100 12 1 1 1 10 100 12 1 1 1 10 12 1 1 1 1 1 1 1 1 1 1 1 1 1 1 1 1 1 1 1 1 1 1 1 1 1 1 1 1 1 1 1 1 1 1 1 1 1 1 1 1 1 1 1 1 1 1 1 1 1 1 1 1 100 1 100 1 100 1 100 1 1 1 1 1 1 1 1 1 1 1 1 1 1 1 1 1 1 1 1 1 1 1 1 1 1 1 1 1 1 1 1 1 100 1 1
instanceKlass java/lang/reflect/Executable
instanceKlass java/lang/reflect/Field
ciInstanceKlass java/lang/reflect/AccessibleObject 1 1 400 10 7 12 1 1 1 9 100 12 1 1 1 10 7 12 1 1 1 10 7 12 1 1 10 7 12 1 1 1 10 100 12 1 1 1 10 12 1 1 10 12 1 1 9 12 1 1 7 1 10 7 12 1 1 1 11 12 1 7 1 10 12 1 7 1 100 1 10 12 1 10 12 1 1 10 12 1 1 10 12 1 1 10 12 1 1 7 1 10 7 12 1 1 1 10 12 1 1 11 10 7 12 1 1 1 10 12 1 1 10 12 1 10 12 1 10 12 1 1 10 12 1 8 1 7 1 7 1 10 10 12 1 1 8 1 10 12 1 10 12 1 8 1 8 1 8 1 8 1 8 1 8 1 8 1 8 1 8 1 100 1 10 12 1 10 12 1 9 12 1 1 10 12 1 1 10 12 1 10 7 1 100 1 8 1 10 8 1 10 12 1 8 1 10 12 1 10 12 1 1 10 100 1 8 1 10 11 7 12 1 1 1 10 12 1 1 10 12 1 1 10 12 1 1 9 12 1 1 100 1 10 12 1 7 1 10 12 1 10 12 1 1 10 100 1 10 12 1 10 12 10 12 1 10 12 1 10 12 1 1 10 12 1 9 12 1 10 100 12 1 1 8 1 10 100 12 1 1 1 8 1 10 7 12 1 1 1 9 12 1 7 1 10 7 1 10 10 7 12 1 1 1 7 1 10 10 7 12 1 1 1 7 1 9 12 1 1 1 1 1 1 1 1 1 1 1 1 1 1 1 1 1 1 1 1 1 1 1 1 1 1 1 1 1 1 1 1 1 1 1 1 1 1 1 1 1 1 1 1 1 1 1 1 1 1 1 1 1 1 1 1 1 1 1 1 1 1 1 1 1 1 1 1 1 1 1 1 1 1 1 1 1 1 1 1 1 1 1 1
staticfield java/lang/reflect/AccessibleObject reflectionFactory Ljdk/internal/reflect/ReflectionFactory; jdk/internal/reflect/ReflectionFactory
instanceKlass java/lang/reflect/Constructor
instanceKlass java/lang/reflect/Method
ciInstanceKlass java/lang/reflect/Executable 1 1 581 10 7 12 1 1 1 10 7 12 1 1 1 10 7 12 1 1 1 11 7 12 1 1 1 10 7 12 1 1 1 10 12 1 1 10 7 12 1 1 1 10 7 12 1 1 1 10 12 1 8 1 10 10 12 1 1 10 12 1 1 10 100 12 1 1 1 18 12 1 1 11 100 12 1 1 1 8 1 8 1 8 1 10 100 12 1 1 1 11 12 1 1 7 1 8 1 8 1 10 12 1 7 1 8 1 10 12 1 8 1 11 100 12 1 1 1 7 1 11 7 12 1 1 1 11 12 1 8 1 18 8 1 10 12 1 10 12 1 1 18 8 1 10 12 1 100 1 10 12 1 10 12 1 11 12 1 10 12 1 1 8 1 8 1 10 12 1 1 10 12 1 1 10 10 12 1 9 100 12 1 1 1 10 100 12 1 1 1 10 12 1 10 12 1 1 10 100 12 1 1 10 12 1 10 12 1 10 12 1 10 7 12 1 1 7 1 10 100 12 1 1 1 10 12 1 1 10 7 12 1 1 10 12 1 10 12 1 1 9 100 12 1 1 1 10 100 10 12 1 8 1 10 12 1 10 12 1 3 100 1 8 1 10 12 1 10 12 1 10 10 12 1 10 12 1 1 8 1 8 1 8 1 9 12 1 1 9 12 1 10 12 1 100 1 8 1 10 12 1 10 12 1 10 12 1 1 10 12 1 1 10 12 1 10 12 10 12 1 7 1 10 12 1 10 12 1 1 100 1 10 7 12 1 1 1 7 1 10 7 12 1 1 1 10 12 1 1 11 7 12 1 1 10 12 1 10 100 12 1 1 1 10 12 1 1 9 12 1 10 12 1 1 10 12 1 10 12 1 1 9 100 12 1 1 1 10 100 12 1 1 1 10 12 1 10 12 1 1 9 12 1 10 10 10 10 100 12 1 1 1 10 12 1 9 12 1 10 12 1 1 9 12 1 7 1 7 1 1 1 1 1 1 1 1 1 1 1 1 1 1 1 1 1 1 1 1 1 1 1 1 1 1 1 1 1 1 1 1 1 1 1 1 100 1 1 1 1 1 1 1 1 1 1 1 1 1 1 1 1 1 1 1 100 1 1 1 1 1 1 1 1 1 1 1 1 1 1 1 1 1 1 1 1 1 1 1 1 1 1 1 1 1 1 1 1 1 1 1 1 1 1 1 1 1 1 1 7 1 1 1 1 1 1 1 1 1 1 1 1 1 1 1 1 1 1 1 1 1 1 7 1 1 16 15 16 1 16 1 15 10 12 16 15 10 100 12 1 1 1 1 1 1 100 1 1 100 1 100 1 1
ciInstanceKlass java/lang/reflect/Member 1 1 37 100 1 10 12 1 1 100 1 100 1 1 1 1 3 1 3 1 1 1 1 1 1 1 1 1 1 1 1 1 1 1 1 1 1 1 1
instanceKlass jdk/internal/net/http/HttpClientImpl$SelectorManager
instanceKlass com/sun/scenario/effect/ImageData$1
instanceKlass com/sun/scenario/effect/impl/ImagePool$1
instanceKlass com/sun/prism/impl/PrismTrace$1
instanceKlass java/util/logging/LogManager$Cleaner
instanceKlass com/sun/glass/ui/InvokeLaterDispatcher
instanceKlass com/sun/javafx/tk/quantum/PerformanceTrackerHelper$1$1
instanceKlass com/sun/javafx/tk/quantum/QuantumToolkit$1
instanceKlass java/util/concurrent/ForkJoinWorkerThread
instanceKlass jdk/internal/misc/InnocuousThread
instanceKlass java/lang/ref/Finalizer$FinalizerThread
instanceKlass java/lang/ref/Reference$ReferenceHandler
instanceKlass java/lang/BaseVirtualThread
ciInstanceKlass java/lang/Thread 1 1 870 10 7 12 1 1 1 9 12 1 1 10 7 12 1 1 10 12 1 10 100 12 1 1 100 1 8 1 10 12 1 1 9 12 1 9 12 1 1 9 12 1 1 7 1 10 12 1 1 10 12 1 10 7 12 1 1 1 10 12 9 12 1 1 10 12 1 7 1 10 12 1 100 1 8 1 10 9 7 12 1 1 1 10 12 1 1 10 12 1 1 10 12 1 1 10 12 1 10 12 1 1 3 8 1 7 1 5 0 10 7 12 1 1 1 9 12 1 10 12 1 1 10 7 12 1 1 1 10 7 12 1 1 1 10 12 1 1 10 12 1 1 9 12 1 1 10 7 1 8 1 10 7 1 10 12 1 9 12 1 1 10 7 12 1 1 1 10 10 12 1 1 9 100 12 1 1 1 10 12 1 1 10 12 1 1 10 7 12 1 1 10 12 1 10 12 1 10 7 12 1 1 9 12 1 10 7 12 1 1 1 10 12 1 1 9 12 1 1 9 12 1 1 10 7 12 1 1 1 9 12 1 1 10 100 12 1 1 10 100 12 1 1 1 10 12 1 10 12 1 10 7 12 1 1 9 12 1 8 1 9 7 12 1 1 9 12 1 1 5 0 100 1 10 100 1 10 100 1 10 7 1 10 8 1 10 12 1 1 10 7 12 1 10 12 1 10 12 1 100 1 8 1 10 10 12 1 10 12 1 1 10 100 12 1 1 1 10 100 12 1 1 1 10 12 1 7 1 9 12 1 1 100 1 10 10 12 1 9 12 1 1 10 12 1 1 10 12 1 1 10 12 1 10 12 1 9 12 1 1 10 10 12 1 1 10 12 1 1 11 7 12 1 1 10 7 12 1 1 9 12 1 9 12 1 1 9 12 1 1 10 100 12 1 1 10 12 1 1 9 7 12 1 1 1 10 7 12 1 1 10 12 1 10 12 1 100 1 10 10 12 9 12 1 1 10 12 1 11 100 12 1 1 10 12 1 10 12 1 10 12 1 9 12 1 10 10 12 1 10 12 1 1 9 12 1 9 12 10 12 1 8 1 10 12 1 10 12 1 10 12 1 10 12 1 10 12 1 1 10 12 1 10 12 1 1 10 12 1 10 12 1 10 12 1 10 12 1 10 12 1 1 9 7 12 1 1 1 8 1 10 9 12 1 10 12 1 7 1 8 1 10 10 12 1 8 1 10 12 1 1 9 12 10 12 8 1 10 10 12 1 10 12 1 8 1 10 12 1 10 8 1 10 100 12 1 1 10 12 1 1 100 1 8 1 10 9 12 1 9 12 1 1 10 12 1 1 10 10 12 1 10 12 1 100 10 7 12 1 1 1 9 12 1 10 12 1 1 10 12 1 1 10 100 12 1 1 1 11 7 12 1 1 1 9 100 12 1 1 1 10 100 12 1 1 1 7 1 10 12 1 100 1 10 12 1 10 12 1 1 10 12 1 1 8 1 9 12 1 10 12 1 10 12 1 1 11 7 12 1 1 1 10 12 1 1 1 1 3 1 3 1 3 1 3 1 1 1 1 1 1 1 1 1 1 1 1 1 1 1 1 1 1 1 1 1 7 1 1 1 1 1 1 1 1 1 1 1 1 1 1 1 1 1 1 1 1 1 1 100 1 1 1 1 1 1 1 1 1 1 1 1 1 1 1 1 7 1 7 1 1 1 1 1 1 1 1 1 1 1 1 1 1 1 1 1 1 1 1 1 1 1 1 1 1 1 1 1 1 1 1 1 1 1 1 1 1 1 1 1 1 1 1 1 1 1 1 1 1 1 1 1 1 1 1 1 1 1 1 1 1 1 1 1 1 1 1 1 1 1 1 1 1 1 1 100 100 1 1 1 1 1 1 1 1 1 1 1 1 1 1 1 1 1 1 1 1 1 1 1 1 1 1 100 1 100 1 100 1 100 1 100 1 1 100 1 1 1 1 1 1 1 1 1 1 1 1 1 1 1
staticfield java/lang/Thread NEW_THREAD_BINDINGS Ljava/lang/Object; java/lang/Class
staticfield java/lang/Thread EMPTY_STACK_TRACE [Ljava/lang/StackTraceElement; 0 [Ljava/lang/StackTraceElement;
ciInstanceKlass java/lang/Runnable 1 1 11 100 1 100 1 1 1 1 1 1 1
ciInstanceKlass java/net/URL 1 1 771 10 7 12 1 1 1 10 12 1 10 7 12 1 1 9 12 1 1 9 12 1 10 7 12 1 1 1 10 12 1 1 10 12 1 1 9 12 1 1 10 7 12 1 1 1 8 1 10 12 1 1 7 1 10 10 12 1 1 8 1 10 12 1 1 9 12 1 7 1 8 1 10 12 1 10 12 1 8 1 9 12 1 10 12 1 1 9 12 1 10 12 1 10 12 1 9 12 1 9 12 1 8 1 9 12 1 10 12 1 1 8 1 9 12 1 1 10 12 1 1 10 7 12 1 1 1 8 1 10 12 1 7 1 10 12 1 10 12 1 10 12 1 10 12 1 1 10 12 1 1 8 1 10 12 1 1 10 12 1 8 1 9 12 1 8 1 10 12 1 10 7 12 1 1 1 7 1 10 12 1 10 12 1 1 10 7 12 1 1 1 100 1 8 1 10 10 12 1 8 1 10 12 1 1 10 12 1 10 12 1 10 12 1 10 12 1 10 12 1 10 12 1 8 1 10 12 1 8 1 10 10 100 1 10 10 12 1 8 1 10 7 12 1 1 1 10 12 1 9 100 12 1 1 1 10 7 12 1 1 1 9 12 1 1 10 12 1 10 100 12 1 1 1 100 1 100 1 10 12 1 10 12 1 10 12 1 10 12 1 10 12 1 10 12 10 10 12 1 10 12 1 10 12 1 1 8 1 9 100 12 1 1 1 10 100 12 1 1 1 10 12 1 1 9 100 12 1 1 1 10 12 1 1 100 1 10 12 1 10 12 1 10 10 12 1 1 10 12 1 1 10 12 1 10 12 1 10 12 1 10 7 12 1 1 1 10 12 1 1 10 12 1 9 12 1 1 9 12 1 1 7 1 8 1 10 10 12 1 9 12 1 1 10 7 12 1 1 8 1 10 7 12 1 1 8 1 10 12 1 1 10 12 1 8 1 8 1 10 7 12 1 1 1 7 1 10 7 12 1 1 1 10 12 1 10 12 1 7 1 10 9 7 12 1 1 1 10 7 12 1 1 10 12 1 1 10 12 1 8 1 7 1 10 10 7 12 1 1 1 10 12 1 8 9 7 12 1 1 1 10 12 1 1 10 12 1 10 12 1 1 10 7 12 1 1 11 7 12 1 1 10 12 1 10 12 1 9 12 1 10 12 1 1 10 100 12 1 1 10 100 12 1 1 1 8 10 100 12 1 1 100 1 10 8 8 10 12 1 8 8 8 100 1 10 12 1 9 12 1 1 10 12 1 10 12 1 1 10 12 1 10 12 10 12 1 1 10 12 1 1 10 10 10 12 1 10 12 1 10 12 1 10 12 1 10 12 1 10 10 12 1 100 1 8 1 10 10 10 12 1 1 10 12 1 10 12 1 1 8 1 7 1 10 10 7 1 10 12 1 9 7 12 1 1 1 9 12 1 1 7 1 10 10 7 12 1 1 1 7 1 1 1 1 1 5 0 1 1 1 1 1 1 1 1 1 1 1 1 1 1 1 1 1 1 1 1 1 1 1 1 1 1 1 1 1 1 1 1 1 1 1 1 1 1 1 1 1 1 1 1 1 1 1 1 7 1 1 1 1 1 1 1 1 1 1 1 1 1 1 1 1 1 1 1 1 1 1 1 1 1 1 1 1 1 1 1 1 1 1 1 1 1 100 1 1 1 1 1 1 1 1 1 1 1 1 1 1 1 1 1 100 1 1 1 1 1 1 1 1 1 1 1 1 1 1 1 1 1 1 1
staticfield java/net/URL defaultFactory Ljava/net/URLStreamHandlerFactory; java/net/URL$DefaultFactory
staticfield java/net/URL streamHandlerLock Ljava/lang/Object; java/lang/Object
staticfield java/net/URL serialPersistentFields [Ljava/io/ObjectStreamField; 7 [Ljava/io/ObjectStreamField;
ciMethod java/lang/System getSecurityManager ()Ljava/lang/SecurityManager; 264 0 34165 0 -1
ciInstanceKlass java/lang/Module 1 1 1070 10 7 12 1 1 1 9 7 12 1 1 1 10 7 12 1 1 1 9 12 1 9 12 1 1 9 12 1 1 10 12 1 1 10 12 1 10 12 1 1 10 7 12 1 1 1 7 1 10 7 12 1 1 1 10 12 1 1 11 7 12 1 1 1 10 12 1 1 10 7 12 1 1 1 10 12 1 1 10 7 12 1 1 1 9 100 12 1 1 1 10 7 12 1 1 1 10 12 1 8 1 10 7 12 1 1 1 10 7 12 1 1 1 10 7 12 1 1 1 10 12 1 10 12 1 9 12 1 1 10 100 12 1 1 100 1 7 1 10 8 1 10 12 1 1 10 12 1 10 12 10 12 1 10 7 12 1 1 8 1 8 1 10 8 1 8 1 9 12 1 1 8 1 10 100 12 1 1 1 10 12 1 9 12 1 1 11 12 1 9 7 12 1 1 10 7 12 1 1 1 10 7 12 1 1 1 10 12 1 1 8 1 10 12 1 1 10 12 1 10 12 1 1 9 7 12 1 1 1 10 12 1 1 10 12 1 1 9 12 1 10 12 1 10 12 1 9 12 1 1 11 7 12 1 1 10 12 1 1 9 12 1 9 12 1 10 12 1 10 12 1 100 1 8 1 10 10 12 1 1 10 12 1 8 1 10 12 1 1 8 1 8 1 10 12 1 1 10 12 1 10 12 1 1 18 12 1 1 10 12 1 1 11 12 1 9 12 1 11 12 10 100 12 1 1 100 1 8 1 10 11 12 1 1 10 7 12 1 1 1 10 12 1 10 12 1 1 11 12 1 1 11 7 12 1 1 11 12 1 1 9 12 1 11 12 1 10 12 1 1 10 12 1 1 9 12 1 10 12 10 7 12 1 1 10 7 1 18 12 1 1 11 100 12 1 1 1 18 12 1 11 12 1 1 10 100 12 1 1 1 11 12 1 1 10 7 12 1 1 7 1 11 12 1 7 1 7 1 10 12 1 10 7 12 1 1 1 10 11 7 12 1 8 1 10 10 12 1 1 10 7 12 1 1 10 12 1 10 12 1 7 1 10 12 1 10 11 12 1 1 10 12 10 12 1 1 9 12 1 1 100 1 10 10 12 1 1 11 7 1 10 12 1 1 11 12 1 10 10 12 1 11 10 12 1 1 10 12 1 1 10 12 1 1 10 7 12 1 1 10 12 1 10 12 1 1 10 10 12 1 1 10 12 1 18 12 1 11 12 1 18 12 1 10 12 1 10 12 1 10 12 7 1 10 12 1 10 12 1 10 12 1 9 12 1 7 1 10 10 10 10 12 1 10 12 1 10 12 1 10 12 1 1 10 12 1 1 10 12 1 9 12 1 18 12 1 1 10 7 12 1 1 1 100 1 8 1 10 12 1 1 10 12 1 1 10 7 12 1 1 7 1 10 12 1 1 7 1 8 1 10 12 1 1 100 1 11 12 1 1 10 100 12 1 1 1 18 12 1 1 11 100 12 1 1 1 100 1 10 12 1 10 12 1 1 7 1 7 1 10 12 8 1 10 12 1 1 10 12 1 1 10 7 12 1 1 10 12 1 1 10 12 1 10 12 10 12 1 1 7 1 10 10 12 1 1 10 7 12 1 1 1 100 1 10 12 1 1 10 7 12 1 1 8 1 18 12 1 1 100 1 100 1 9 12 1 1 9 12 1 9 12 1 11 100 12 1 1 1 100 1 11 12 1 1 100 1 10 12 1 8 1 10 12 1 10 12 10 12 1 8 1 10 10 100 12 1 1 7 1 10 10 12 1 10 7 12 1 1 9 12 1 9 12 1 9 12 1 9 12 1 10 12 11 12 1 10 12 1 7 1 1 1 1 1 1 1 1 1 1 1 1 1 1 1 1 1 1 1 100 1 1 1 1 1 1 1 1 1 1 1 1 1 1 1 1 1 1 1 1 1 1 1 1 1 1 1 1 1 1 1 1 1 1 1 1 1 1 1 1 1 1 1 1 1 1 1 1 1 1 1 1 1 1 1 1 1 1 1 1 1 1 1 1 1 1 1 1 1 1 1 1 1 1 1 1 1 1 1 1 1 1 1 1 1 1 1 1 1 1 1 1 1 1 1 100 100 1 1 1 1 1 1 1 1 1 1 1 1 1 1 1 1 1 1 1 1 1 1 1 1 1 1 1 100 1 7 1 1 1 1 1 1 1 1 1 1 1 1 1 1 1 1 1 1 1 1 100 1 1 1 1 1 1 1 1 1 1 1 1 1 1 1 1 1 1 1 1 1 1 1 16 15 10 12 16 16 15 10 12 16 16 15 10 16 1 15 10 12 16 1 15 10 12 16 1 16 15 10 12 16 16 1 15 10 12 16 15 10 7 12 1 1 1 15 10 100 12 1 1 1 1 1 1 1 1 1 1 1 100 1 100 1 1 100 1 100 1 1
staticfield java/lang/Module ALL_UNNAMED_MODULE Ljava/lang/Module; java/lang/Module
staticfield java/lang/Module ALL_UNNAMED_MODULE_SET Ljava/util/Set; java/util/ImmutableCollections$Set12
staticfield java/lang/Module EVERYONE_MODULE Ljava/lang/Module; java/lang/Module
staticfield java/lang/Module EVERYONE_SET Ljava/util/Set; java/util/ImmutableCollections$Set12
staticfield java/lang/Module $assertionsDisabled Z 1
ciInstanceKlass java/lang/Math 1 1 460 7 1 10 7 12 1 1 1 10 7 12 1 1 1 10 12 1 10 12 1 10 12 1 10 12 1 10 12 1 6 0 6 0 10 12 1 10 12 1 10 12 1 10 12 1 10 12 1 10 12 1 1 10 12 1 10 12 1 10 12 1 10 12 1 10 12 1 10 7 12 1 1 1 100 1 3 3 3 10 7 12 1 1 1 100 1 5 0 5 0 5 0 5 0 5 0 9 100 12 1 1 1 10 100 12 1 1 1 100 1 8 1 10 12 1 8 1 10 12 1 1 10 12 1 1 7 1 5 0 5 0 7 1 3 5 0 3 5 0 10 12 1 10 12 1 10 12 1 10 12 1 10 12 1 8 1 10 12 1 8 1 10 12 1 1 10 12 1 1 9 12 1 1 9 12 1 100 1 7 1 10 10 12 1 1 8 1 10 12 1 10 12 1 1 10 10 12 1 10 12 1 10 12 1 10 12 1 1 8 1 8 1 10 12 1 1 10 12 1 10 12 10 12 10 12 1 10 12 1 10 12 1 10 12 1 10 12 6 0 10 12 1 9 12 1 1 100 1 10 10 12 1 100 1 10 12 1 10 12 1 1 10 12 1 10 12 1 10 12 10 12 1 1 10 12 1 1 10 12 1 1 10 12 6 0 10 12 1 1 10 12 10 12 1 4 10 12 1 10 12 1 10 12 10 12 1 10 12 1 10 12 1 10 12 1 10 12 1 10 12 1 5 0 6 0 4 6 0 4 6 0 4 10 12 1 9 12 1 1 10 12 9 12 1 10 7 12 1 1 1 4 6 0 1 1 6 0 1 6 0 1 6 0 1 1 1 1 1 1 1 1 1 1 1 1 1 1 1 1 1 1 1 1 1 1 1 1 1 1 1 1 1 1 1 1 1 1 1 1 1 1 1 1 1 1 1 1 1 1 1 1 1 1 1 1 1 1 1 1 1 1 1 1 1 1 1 1 1 1 1 1 1 1 1 1 1 1 1 1 1 1 1 1 1 1 1 1 1 1 1 1 1 1 1 1 1 1 1 1
staticfield java/lang/Math negativeZeroFloatBits J -2147483648
staticfield java/lang/Math negativeZeroDoubleBits J -9223372036854775808
staticfield java/lang/Math $assertionsDisabled Z 1
ciInstanceKlass java/lang/Character 1 1 604 7 1 7 1 100 1 9 12 1 1 8 1 9 12 1 1 7 1 9 12 1 1 10 7 12 1 1 1 10 100 12 1 1 1 10 100 12 1 1 1 10 7 12 1 1 1 9 7 12 1 1 1 10 12 1 10 12 1 1 10 12 1 1 10 7 12 1 1 10 12 1 1 3 3 3 3 3 10 12 1 1 10 12 1 3 11 7 12 1 1 1 11 12 1 1 10 12 1 1 10 12 1 1 100 1 10 10 12 1 3 10 12 1 1 10 12 1 10 12 1 1 100 1 8 1 10 12 1 1 10 12 1 10 12 1 10 12 1 10 100 12 1 1 1 10 12 1 10 12 1 10 12 1 1 10 12 1 10 7 12 1 1 10 10 12 1 10 10 12 1 10 12 1 1 10 12 1 10 10 12 1 10 12 1 10 12 1 10 12 1 10 12 1 10 12 1 10 12 1 10 12 10 10 12 10 10 12 1 10 10 12 1 10 10 12 1 10 10 12 1 10 12 1 10 12 1 10 12 1 10 12 1 10 12 1 10 12 1 10 10 12 1 10 10 12 1 10 10 12 1 1 10 10 12 1 10 5 0 10 12 1 10 12 1 10 10 12 1 10 10 12 1 1 10 10 12 1 10 10 12 1 9 12 1 1 100 1 10 10 12 1 10 12 1 1 3 10 100 12 1 1 1 10 12 1 10 100 12 1 1 7 1 10 10 12 1 1 10 12 1 1 10 12 1 1 8 1 10 12 1 9 100 12 1 1 1 10 12 1 10 10 12 1 10 12 1 1 10 12 1 10 10 12 1 1 10 10 12 1 1 7 1 8 1 10 12 1 1 10 7 12 1 1 1 8 1 10 12 1 1 9 12 1 1 7 1 7 1 7 1 1 1 1 3 1 3 1 3 1 3 1 1 1 1 1 3 1 1 3 1 3 1 3 1 3 1 3 1 3 1 3 1 3 1 3 1 3 1 3 1 3 1 3 1 3 1 3 1 3 1 3 1 3 1 3 1 3 1 3 1 3 1 3 1 3 1 3 1 3 1 3 1 3 1 1 1 1 1 1 1 1 1 1 1 1 1 1 1 1 1 1 1 3 1 1 1 1 1 1 1 3 1 1 3 1 1 1 1 1 3 1 1 5 0 1 1 1 1 1 1 1 1 1 1 1 1 1 1 1 1 1 1 1 1 1 1 1 1 1 1 1 1 1 1 1 1 1 1 1 1 1 1 1 1 1 1 1 1 1 1 1 1 1 1 1 1 1 1 1 1 1 1 1 1 1 1 1 1 1 1 1 1 1 1 1 1 1 1 1 1 1 1 1 1 1 1 1 1 1 1 1 1 1 1 100 1 100 1 1 1 1 1 1
staticfield java/lang/Character TYPE Ljava/lang/Class; java/lang/Class
staticfield java/lang/Character $assertionsDisabled Z 1
ciInstanceKlass java/lang/OutOfMemoryError 1 1 26 10 100 12 1 1 1 10 12 1 100 1 1 1 1 5 0 1 1 1 1 1 1 1 1 1
ciInstanceKlass java/lang/Integer 1 1 453 7 1 7 1 7 1 7 1 10 12 1 1 9 12 1 1 9 12 1 1 10 100 12 1 1 1 10 12 1 1 10 100 12 1 1 1 10 10 12 1 1 10 7 12 1 1 1 10 12 1 10 12 1 1 10 7 12 1 1 1 10 12 1 1 10 12 1 1 10 12 1 10 12 1 10 12 1 1 10 10 12 1 9 12 1 1 9 12 1 7 1 8 1 10 12 1 7 1 10 12 1 8 1 10 12 1 1 10 12 1 8 1 10 12 1 8 1 10 12 1 1 3 10 12 1 1 3 10 12 1 1 10 12 1 1 10 7 12 1 1 1 11 7 1 10 12 1 1 11 10 12 1 1 8 1 10 12 1 1 8 1 7 1 10 12 1 1 10 12 1 1 5 0 8 1 10 12 1 10 12 1 10 12 1 10 12 1 1 7 1 9 12 1 1 9 12 1 1 10 12 1 10 7 1 9 12 1 10 12 1 10 12 1 10 12 1 1 10 7 12 1 1 1 100 1 100 1 10 12 1 1 10 12 1 1 8 1 8 1 10 12 1 1 8 1 8 1 8 1 8 1 8 1 8 1 10 12 1 10 12 1 5 0 3 3 3 3 10 12 1 10 12 1 3 10 12 1 10 100 12 1 1 1 10 12 1 1 10 12 1 1 8 1 10 7 12 1 1 1 9 12 1 1 7 1 7 1 7 1 1 1 1 3 1 1 1 3 1 3 1 1 5 0 1 1 1 1 1 1 1 1 1 100 1 1 1 1 1 1 1 1 1 1 1 1 1 1 1 1 1 1 1 1 1 1 1 1 1 1 1 1 1 1 1 1 1 1 1 1 1 1 1 1 3 1 1 1 1 1 1 1 1 1 1 1 1 1 1 1 1 7 1 1 1 1 1 1 1 1 1 1 1 1 1 1 1 1 1 1 1 1 1 1 1 1 1 1 1 1 1 1 1 1 1 1 1 1 1 1 1 1 1 1 1 1 1 1 7 1 1 1 1 1 1 1 1 1 100 1 100 1 1
staticfield java/lang/Integer TYPE Ljava/lang/Class; java/lang/Class
staticfield java/lang/Integer digits [C 36
staticfield java/lang/Integer DigitTens [B 100
staticfield java/lang/Integer DigitOnes [B 100
instanceKlass java/util/concurrent/atomic/Striped64
instanceKlass java/math/BigDecimal
instanceKlass java/math/BigInteger
instanceKlass java/util/concurrent/atomic/AtomicLong
instanceKlass java/util/concurrent/atomic/AtomicInteger
instanceKlass java/lang/Long
instanceKlass java/lang/Integer
instanceKlass java/lang/Short
instanceKlass java/lang/Byte
instanceKlass java/lang/Double
instanceKlass java/lang/Float
ciInstanceKlass java/lang/Number 1 1 37 10 7 12 1 1 1 10 100 12 1 1 1 100 1 1 1 1 5 0 1 1 1 1 1 1 1 1 1 1 1 1 1 1 1 1 1
ciInstanceKlass java/lang/Thread$FieldHolder 1 1 48 10 7 12 1 1 1 9 7 12 1 1 1 9 12 1 1 9 12 1 1 9 12 1 1 9 12 1 1 1 1 1 1 1 1 1 1 100 1 100 1 1 1 1 100 1 1 1
ciInstanceKlass java/lang/Thread$Constants 0 0 59 7 1 10 7 12 1 1 1 100 1 10 10 7 12 1 1 1 7 1 8 1 10 12 1 9 7 12 1 1 1 7 1 7 1 10 12 1 10 12 1 9 12 1 1 1 1 1 1 1 1 1 1 1 1 1 1 1 1
ciInstanceKlass java/lang/ThreadGroup 1 1 411 10 7 12 1 1 1 9 7 12 1 1 1 8 1 9 12 1 1 7 1 9 12 1 1 9 12 1 1 10 7 12 1 1 1 10 12 1 1 10 12 1 10 12 1 10 12 1 10 12 1 1 10 12 1 1 10 12 1 10 12 1 1 10 12 1 10 12 1 10 100 12 1 1 1 10 12 1 1 18 12 1 1 11 7 12 1 1 1 10 7 12 1 1 1 10 7 12 1 10 12 1 1 10 12 1 1 10 12 1 1 10 100 12 1 1 1 10 12 1 11 12 1 1 11 7 12 1 1 11 12 1 1 10 12 1 1 10 12 1 10 12 1 11 12 1 11 12 1 1 100 1 10 10 12 1 100 1 10 18 12 1 1 11 7 12 1 1 1 11 12 1 1 9 12 1 1 10 12 1 1 8 1 10 7 12 1 1 1 10 100 12 1 1 1 10 12 1 1 11 12 10 12 1 1 10 12 1 1 11 7 1 9 12 1 7 1 10 8 1 10 12 1 1 10 12 1 1 8 1 10 12 1 10 7 12 1 1 1 10 12 1 1 10 7 1 8 1 10 8 1 10 12 1 10 12 1 8 1 9 12 1 1 9 12 1 10 100 12 1 1 1 100 9 12 1 1 7 1 9 12 1 10 12 10 12 1 1 100 10 12 9 12 1 10 12 1 100 1 10 11 12 1 1 7 1 10 10 12 1 10 12 1 1 1 1 1 1 1 1 1 1 1 1 1 1 1 1 1 1 3 1 1 1 1 1 1 1 1 1 1 1 1 100 1 1 1 1 1 1 1 1 1 1 1 1 1 1 1 1 1 1 1 1 1 1 1 1 1 1 1 1 1 1 1 1 1 1 1 1 1 1 1 1 1 1 1 16 15 10 12 16 16 15 10 12 16 15 10 100 12 1 1 1 1 1 100 1 100 1 1
staticfield java/lang/ThreadGroup $assertionsDisabled Z 1
ciInstanceKlass java/lang/Thread$UncaughtExceptionHandler 1 0 16 100 1 100 1 1 1 1 1 1 1 1 100 1 1 1
ciInstanceKlass java/security/AccessControlContext 1 1 374 9 7 12 1 1 1 9 12 1 1 10 100 12 1 1 1 8 1 10 100 12 1 1 1 10 7 12 1 1 1 9 12 1 9 12 1 1 9 12 1 1 10 7 12 1 1 7 1 10 12 1 11 7 12 1 1 1 11 12 1 11 12 1 11 12 1 1 7 1 11 12 1 1 10 12 1 10 7 12 1 1 1 9 100 12 1 1 1 10 7 12 1 1 1 11 100 12 1 1 1 10 7 1 100 1 8 1 10 12 1 10 12 1 1 7 1 10 7 12 1 1 1 9 12 1 9 12 1 9 12 1 9 12 1 1 9 12 1 1 9 12 1 9 12 1 10 7 12 1 1 1 9 12 1 10 12 1 1 10 12 1 1 8 1 10 12 1 1 10 12 1 1 10 7 12 1 1 1 7 1 10 10 12 1 1 10 7 12 1 1 1 10 8 1 10 7 12 1 1 8 1 10 7 12 1 1 8 1 8 1 10 12 1 8 1 10 12 1 8 1 10 12 1 10 12 1 10 12 1 1 8 1 8 1 100 1 10 12 1 10 12 1 1 100 1 10 12 1 8 1 10 12 1 10 12 1 10 8 1 10 12 1 1 10 12 1 1 10 12 1 1 10 12 1 1 10 12 1 10 12 1 11 10 12 1 10 12 1 1 10 10 10 12 1 1 1 1 1 1 1 1 1 1 1 1 1 1 1 1 1 1 1 1 1 1 1 1 100 1 1 1 1 1 1 1 1 1 1 1 1 1 1 1 1 1 1 1 1 1 1 1 1 1 1 1 1 1 1 1 1 1 1 1 1 1 1 1 1 1 1 1 1 1 1 1 1 1 1 1 1 3 1 1
instanceKlass java/lang/ThreadBuilders$BoundVirtualThread
instanceKlass java/lang/VirtualThread
ciInstanceKlass java/lang/BaseVirtualThread 0 0 36 10 100 12 1 1 1 100 1 1 1 1 1 1 1 1 1 1 1 1 1 1 1 1 1 1 1 1 100 1 100 1 1 100 1 1
ciInstanceKlass java/lang/VirtualThread 0 0 907 9 7 12 1 1 1 10 7 12 1 1 1 10 100 12 1 1 1 10 7 12 1 1 1 9 12 1 1 9 12 1 1 100 1 10 12 1 9 12 1 1 18 12 1 1 9 12 1 1 10 12 1 1 100 1 10 12 1 10 12 1 1 10 12 1 1 10 12 1 1 10 12 1 10 7 12 1 10 12 1 10 12 1 10 12 1 10 12 1 11 100 12 1 1 1 100 1 10 12 1 1 10 100 12 1 1 1 10 100 12 1 1 1 10 12 1 100 1 10 10 12 1 10 12 1 1 9 12 1 1 10 12 1 1 9 12 1 1 10 12 1 9 12 1 1 9 12 1 100 1 10 10 12 1 10 100 12 1 1 10 9 10 10 12 1 1 10 12 1 1 10 100 12 1 1 10 100 1 10 9 10 10 12 1 7 1 10 12 1 1 10 12 1 10 12 1 10 12 1 1 9 12 1 10 12 1 10 12 1 9 12 1 1 10 12 1 10 12 1 9 12 1 1 10 12 1 10 12 1 10 12 1 11 100 12 1 1 10 12 1 1 10 12 1 1 10 12 1 1 9 12 1 10 100 1 10 12 1 1 10 12 1 1 10 12 1 10 12 1 10 12 1 10 12 9 12 1 1 10 100 12 1 1 10 12 1 10 12 1 1 10 100 12 1 1 10 12 1 100 1 8 1 10 12 1 10 12 1 1 10 12 1 10 12 1 10 100 12 1 1 10 12 1 10 12 1 1 10 12 1 10 12 1 1 10 7 12 1 1 10 12 1 1 10 12 1 1 100 1 10 10 12 1 7 1 9 12 1 1 10 7 12 1 1 10 9 12 1 1 18 9 100 12 1 1 1 11 100 12 1 1 1 11 100 1 11 12 10 12 1 10 12 1 1 10 12 1 100 1 10 10 12 1 10 12 1 1 10 12 1 1 10 12 1 10 12 1 10 12 1 9 12 1 1 11 100 12 1 1 10 12 9 100 12 1 1 1 9 12 1 10 12 1 1 9 12 1 9 12 1 9 12 1 7 1 10 10 12 1 1 10 12 1 10 12 7 1 7 1 10 8 1 10 12 1 1 10 12 1 10 12 1 10 10 12 1 8 1 10 10 12 1 10 12 1 10 7 12 1 1 8 1 8 1 10 9 100 12 1 1 1 10 12 1 1 10 12 1 10 10 10 12 9 12 1 10 12 1 1 9 12 1 10 12 1 1 9 12 1 10 12 1 1 18 12 1 1 18 12 1 10 7 12 1 1 1 8 1 10 100 12 1 1 1 10 7 12 1 1 1 18 12 1 10 100 12 1 1 1 100 1 10 12 1 8 1 10 12 1 8 1 10 12 1 1 8 1 8 1 10 100 12 1 1 8 1 10 12 1 8 1 8 1 10 100 12 1 1 1 10 12 1 10 12 1 1 10 12 1 18 12 1 1 18 12 1 1 5 0 9 12 1 10 12 1 18 12 1 100 1 10 12 10 7 12 1 1 10 12 1 1 7 1 8 1 10 10 12 1 10 12 1 1 10 12 1 9 12 1 8 10 12 1 1 8 8 9 12 1 8 10 12 1 1 3 1 3 1 3 1 3 1 3 1 3 1 3 1 3 1 3 1 3 1 3 1 3 3 1 3 1 1 1 1 1 1 1 1 1 1 1 1 1 1 7 1 1 1 1 1 1 1 1 1 1 1 1 1 1 7 1 1 1 1 1 1 1 1 1 1 1 7 1 1 1 1 1 1 1 1 1 1 1 1 1 1 1 1 1 1 1 1 1 1 1 1 1 1 1 1 1 1 1 1 1 1 1 1 1 1 1 100 1 1 1 1 1 1 1 1 1 1 1 1 1 1 1 1 1 1 1 1 1 1 1 1 1 1 1 1 1 1 1 1 1 1 1 100 1 1 1 1 1 1 1 1 1 1 1 1 1 1 100 1 1 16 15 10 12 15 16 15 10 12 16 15 10 12 16 16 15 10 12 16 15 10 12 16 15 10 12 16 15 10 12 16 1 15 10 100 12 1 1 1 1 1 1 1 7 1 1 100 1 100 1 1
ciInstanceKlass java/lang/ThreadBuilders$BoundVirtualThread 0 0 132 10 7 12 1 1 1 9 7 12 1 1 1 10 7 12 1 1 1 9 12 1 1 10 12 1 1 10 12 1 1 9 12 1 1 10 7 12 1 1 1 10 12 1 1 7 1 8 1 10 12 1 10 12 1 1 10 12 1 1 10 12 1 1 10 7 12 1 1 1 8 1 10 12 1 8 1 10 12 1 1 10 100 12 1 1 9 100 12 1 1 1 10 12 1 1 10 10 12 1 1 1 1 1 1 1 1 1 1 1 1 1 1 1 1 1 1 1 1 1 1 1 1 1 1 1 1 100 1 1 1 1
ciInstanceKlass jdk/internal/vm/ContinuationScope 0 0 50 10 100 12 1 1 1 10 100 12 1 1 1 100 1 9 100 12 1 1 1 10 12 1 1 10 100 12 1 1 1 10 12 1 1 10 12 1 1 1 1 1 1 1 1 1 1 1 1 1
ciInstanceKlass jdk/internal/vm/StackChunk 0 0 32 10 100 12 1 1 1 9 100 12 1 1 1 9 12 1 1 9 12 1 1 1 1 1 1 1 1 1 1 1 1 1
ciInstanceKlass java/lang/Float 1 1 279 7 1 7 1 10 7 12 1 1 1 10 7 12 1 1 1 4 7 1 10 12 1 1 10 12 1 1 8 1 8 1 10 7 12 1 1 1 10 12 1 1 10 12 1 1 10 7 1 4 10 7 12 1 1 9 12 1 1 10 12 1 1 10 12 1 10 10 12 1 1 10 12 1 10 12 1 3 3 100 1 4 4 4 3 10 12 1 1 9 12 1 1 100 1 10 3 3 4 4 10 12 1 3 3 3 10 12 1 1 10 12 1 1 10 12 1 10 100 12 1 1 1 10 12 1 1 10 12 1 1 10 7 12 1 1 1 8 1 10 12 1 1 9 12 1 1 7 1 7 1 7 1 1 1 1 4 1 4 1 1 1 4 1 1 3 1 3 1 3 1 3 1 3 1 1 1 1 5 0 1 1 1 1 1 1 1 1 1 1 100 1 1 1 1 1 1 1 1 1 1 1 1 1 3 1 1 1 1 1 1 1 1 1 1 1 1 1 1 1 1 1 1 1 1 1 1 1 1 1 1 1 1 1 1 1 1 1 1 1 1 1 1 1 1 1 1 1 1 1 1 1 1 1 1 1 1 1 1 1 1 1 1 1 1 1 7 1 1 1 1 1 1 1 100 1 100 1 1
staticfield java/lang/Float TYPE Ljava/lang/Class; java/lang/Class
staticfield java/lang/Float $assertionsDisabled Z 1
ciInstanceKlass java/lang/Double 1 1 290 7 1 7 1 10 7 12 1 1 1 10 12 1 1 10 7 1 10 12 1 1 10 7 12 1 1 1 6 0 8 1 10 12 1 1 8 1 10 12 1 1 8 1 6 0 10 12 1 1 100 1 5 0 5 0 8 1 8 1 10 7 12 1 1 1 10 7 12 1 1 1 8 1 10 12 1 1 8 1 8 1 8 1 10 12 1 1 10 12 1 10 12 1 1 10 12 1 10 12 1 10 12 1 1 10 12 1 10 7 1 6 0 10 7 12 1 1 9 12 1 1 10 12 1 10 12 1 10 12 1 10 12 1 10 12 1 5 0 10 12 1 1 10 12 1 10 12 1 10 100 12 1 1 1 10 12 1 1 10 12 1 1 8 1 10 7 12 1 1 1 9 12 1 1 7 1 7 1 7 1 1 1 6 0 1 6 0 1 6 0 1 1 1 6 0 1 1 3 1 3 1 3 1 3 1 3 1 1 1 1 5 0 1 1 1 1 1 1 1 1 1 1 1 1 1 1 1 1 100 1 1 1 1 1 1 1 1 1 1 1 1 3 1 1 1 1 1 1 1 1 1 1 1 1 1 1 1 1 1 1 1 1 1 1 1 1 1 1 1 1 1 1 1 1 1 1 7 1 1 1 1 1 1 1 100 1 100 1 1
staticfield java/lang/Double TYPE Ljava/lang/Class; java/lang/Class
ciMethod java/lang/Double isInfinite (D)Z 578 0 9267 0 -1
ciMethod java/lang/Double isNaN (D)Z 534 0 42353 0 96
ciInstanceKlass java/lang/Byte 1 1 213 7 1 100 1 10 7 12 1 1 1 9 12 1 1 8 1 9 12 1 1 7 1 10 12 1 1 10 12 1 1 10 100 12 1 1 1 10 100 12 1 1 1 9 100 12 1 1 1 10 12 1 1 100 1 7 1 10 12 1 1 8 1 10 12 1 1 8 1 10 12 1 10 12 1 10 12 1 10 12 1 1 10 12 1 10 12 1 10 12 1 1 10 8 1 8 1 10 7 1 9 12 1 1 10 12 1 1 10 12 1 1 10 12 1 1 10 12 1 5 0 10 12 1 1 8 1 10 7 12 1 1 1 9 12 1 1 7 1 7 1 1 1 3 1 3 1 1 1 1 3 1 3 1 1 5 0 1 1 1 1 1 1 1 1 1 1 1 1 1 1 1 1 1 1 1 1 1 1 1 1 1 1 1 1 1 1 1 1 1 1 1 1 1 1 1 1 1 1 1 1 1 1 1 1 1 1 1 1 1 1 1 1
staticfield java/lang/Byte TYPE Ljava/lang/Class; java/lang/Class
ciInstanceKlass java/lang/Short 1 1 222 7 1 7 1 100 1 10 7 12 1 1 1 10 12 1 1 100 1 7 1 10 12 1 1 8 1 10 12 1 1 8 1 10 12 1 10 12 1 10 12 1 10 12 1 1 10 12 1 1 10 12 1 9 12 1 1 8 1 9 12 1 1 7 1 10 12 1 1 10 12 1 10 100 12 1 1 1 10 100 12 1 1 1 9 100 12 1 1 1 10 12 1 10 12 1 1 10 8 1 8 1 10 7 1 9 12 1 1 10 12 1 1 10 12 1 1 10 12 1 1 10 12 1 3 3 5 0 10 12 1 1 8 1 10 7 12 1 1 1 9 12 1 1 7 1 7 1 1 1 3 1 3 1 1 1 1 3 1 3 1 1 5 0 1 1 1 1 1 1 1 1 1 1 1 1 1 1 1 1 1 1 1 1 1 1 1 1 1 1 1 3 1 1 1 1 1 1 1 1 1 1 1 1 1 1 1 1 1 1 1 1 1 1 1 1 1 1 1 1 1 1
staticfield java/lang/Short TYPE Ljava/lang/Class; java/lang/Class
ciInstanceKlass java/lang/Long 1 1 524 7 1 7 1 7 1 7 1 10 12 1 1 9 12 1 1 9 7 12 1 1 1 10 100 12 1 1 1 10 12 1 1 10 100 12 1 1 1 10 10 12 10 12 1 10 12 1 10 12 1 5 0 5 0 7 1 10 12 1 1 10 12 1 1 10 12 1 10 12 1 10 12 1 10 12 1 1 10 100 12 1 1 10 12 1 10 12 1 1 10 12 1 1 10 12 1 1 10 12 1 1 10 100 12 1 1 1 10 12 1 1 10 12 1 10 12 1 10 12 1 10 12 1 1 10 10 12 1 5 0 5 0 9 12 1 1 9 12 1 5 0 100 1 8 1 10 12 1 8 1 10 12 1 8 1 8 1 10 12 1 1 5 0 10 12 1 1 5 0 10 12 1 1 10 12 1 1 10 100 12 1 1 1 11 7 1 10 12 1 1 11 10 12 1 1 8 1 10 12 1 1 8 1 7 1 10 12 1 1 10 12 1 8 1 8 1 11 12 1 1 10 12 1 10 12 1 10 12 1 5 0 5 0 9 7 12 1 1 1 10 12 1 10 12 1 1 8 1 8 1 10 12 1 1 8 1 8 1 8 1 8 1 8 1 8 1 10 12 1 10 7 1 9 12 1 1 10 12 1 10 12 1 1 10 12 1 1 10 7 12 1 1 1 100 1 100 1 10 12 1 1 10 12 1 1 5 0 10 12 1 10 12 1 5 0 5 0 5 0 10 12 1 1 10 12 1 5 0 5 0 10 12 1 10 12 1 10 100 12 1 1 1 10 12 1 1 10 12 1 1 8 1 10 7 12 1 1 1 9 12 1 1 7 1 7 1 7 1 1 1 1 5 0 1 1 1 1 3 1 3 1 5 0 1 1 1 1 1 1 1 1 1 100 1 1 1 1 1 1 1 1 1 1 1 1 1 1 1 1 1 1 1 1 1 1 1 1 1 1 1 1 1 1 1 1 1 1 1 1 1 1 1 1 1 1 1 1 1 1 1 1 1 1 1 1 1 1 1 3 1 1 1 1 1 1 1 1 1 1 1 1 1 1 1 7 1 1 1 1 1 1 1 1 1 1 1 1 1 1 1 1 1 1 1 1 1 1 1 1 1 1 1 1 1 1 1 1 1 1 1 1 1 1 1 1 1 1 1 7 1 1 1 1 1 1 1 1 1 100 1 100 1 1
staticfield java/lang/Long TYPE Ljava/lang/Class; java/lang/Class
ciInstanceKlass jdk/internal/vm/vector/VectorSupport 0 0 573 100 1 10 100 12 1 1 1 9 12 1 1 10 12 1 1 100 1 10 12 1 11 100 12 1 1 1 11 100 12 1 1 1 11 100 12 1 1 11 100 12 1 1 11 100 12 1 1 1 11 100 12 1 1 11 100 12 1 1 11 100 12 1 1 11 100 12 1 1 11 100 12 1 1 11 100 12 1 1 11 100 12 1 1 1 11 100 12 1 1 11 100 12 1 1 1 11 100 12 1 1 1 11 100 12 1 1 11 100 12 1 1 1 11 100 12 1 1 100 1 10 12 1 1 11 100 12 1 1 11 100 12 1 1 11 100 12 1 1 11 100 12 1 1 11 100 12 1 1 11 100 12 1 1 9 12 1 1 10 100 12 1 1 11 100 12 1 1 10 12 1 1 10 100 12 1 1 1 10 12 1 10 12 1 1 10 12 1 1 1 1 1 3 1 3 1 3 1 3 1 3 1 3 1 3 1 3 1 3 1 3 1 3 1 3 1 3 1 3 1 3 1 3 1 3 1 3 1 3 1 3 1 3 1 3 1 3 1 3 1 3 1 3 1 3 1 3 1 3 1 3 1 3 1 3 1 3 1 3 1 3 1 3 1 3 1 3 1 3 1 3 1 3 1 3 1 3 1 3 1 3 1 3 1 3 1 3 1 3 1 3 1 3 1 3 1 3 1 1 1 1 1 1 1 1 1 1 1 1 1 1 1 1 1 1 1 1 1 1 1 1 1 1 1 1 1 1 1 1 1 1 1 1 1 1 1 1 1 1 1 1 1 1 1 1 1 1 1 1 1 1 1 1 1 1 1 1 1 1 1 1 1 1 1 1 1 1 1 1 1 1 1 1 1 1 1 1 1 1 1 1 1 1 1 1 1 1 1 1 1 1 1 1 1 1 1 1 1 1 1 1 1 1 1 1 1 1 1 1 1 1 1 1 1 1 1 1 1 1 1 1 1 1 1 1 1 1 1 1 1 1 1 1 1 1 1 1 1 1 1 1 1 1 1 1 1 1 1 1 1 1 1 1 1 1 1 1 1 1 1 1 1 1 1 1 1 1 1 1 1 1 1 1 1 1 1 1 1 1 1 1 1 1 1 1 1 1 1 1 1 1 1 1 1 1 1 1 1 1 1 1 1 1 1 1 1 1 1 1 1 1 1 1 1 1 1 1 1 1 1 1 1 1 1 1 1 1 1 1 1 1 1 100 1 100 1 100 1 100 1 100 1 1 1 1 1 1 1 1 1 1 1 1 1 1 1 1 1 1 1 1 1 1 1 1 1 1 1 1 1 1 1
instanceKlass jdk/internal/vm/vector/VectorSupport$VectorShuffle
instanceKlass jdk/internal/vm/vector/VectorSupport$VectorMask
instanceKlass jdk/internal/vm/vector/VectorSupport$Vector
ciInstanceKlass jdk/internal/vm/vector/VectorSupport$VectorPayload 0 0 32 10 100 12 1 1 1 9 100 12 1 1 1 10 100 12 1 1 1 1 1 1 1 1 1 1 1 1 1 1 1 1
ciInstanceKlass jdk/internal/vm/vector/VectorSupport$Vector 0 0 28 10 100 12 1 1 1 100 1 1 1 1 1 1 1 1 1 1 1 1 1 1 1 100 1 1 1 1
ciInstanceKlass jdk/internal/vm/vector/VectorSupport$VectorMask 0 0 28 10 100 12 1 1 1 100 1 1 1 1 1 1 1 1 1 1 1 1 1 1 1 100 1 1 1 1
ciInstanceKlass jdk/internal/vm/vector/VectorSupport$VectorShuffle 0 0 28 10 100 12 1 1 1 100 1 1 1 1 1 1 1 1 1 1 1 1 1 1 1 100 1 1 1 1
ciInstanceKlass jdk/internal/vm/FillerObject 0 0 16 10 100 12 1 1 1 100 1 1 1 1 1 1 1 1
instanceKlass java/lang/ref/PhantomReference
instanceKlass java/lang/ref/FinalReference
instanceKlass java/lang/ref/WeakReference
instanceKlass java/lang/ref/SoftReference
ciInstanceKlass java/lang/ref/Reference 1 1 190 9 7 12 1 1 1 9 7 12 1 1 10 12 1 1 10 12 1 1 9 12 1 1 10 12 1 1 9 12 1 1 9 12 1 1 7 1 10 12 1 10 7 12 1 1 10 12 1 10 12 1 1 10 12 1 7 1 8 1 10 12 1 1 7 1 10 12 1 1 10 12 1 1 10 12 1 9 12 1 10 12 1 1 10 12 1 10 12 1 9 12 1 7 1 100 1 10 12 9 12 1 9 12 1 100 1 10 10 12 1 10 10 7 12 1 1 7 1 10 10 7 12 1 1 1 1 1 1 1 1 1 1 1 1 1 1 1 1 1 1 1 7 1 1 1 100 1 1 1 1 1 1 1 1 1 1 1 1 1 1 1 1 1 1 1 1 1 1 1 1 1 1 1 1 1 1 1 1 1 1 1 7 1 7 1 7 1 1 1
staticfield java/lang/ref/Reference processPendingLock Ljava/lang/Object; java/lang/Object
staticfield java/lang/ref/Reference $assertionsDisabled Z 1
ciMethod java/lang/ref/Reference refersToImpl (Ljava/lang/Object;)Z 532 0 24877 0 96
ciMethod java/lang/ref/Reference refersTo0 (Ljava/lang/Object;)Z 256 0 128 0 -1
ciMethod java/lang/ref/Reference refersTo (Ljava/lang/Object;)Z 532 0 35937 0 0
instanceKlass sun/security/util/MemoryCache$SoftCacheEntry
instanceKlass sun/util/locale/provider/LocaleResources$ResourceReference
instanceKlass sun/util/resources/Bundles$BundleReference
instanceKlass java/util/ResourceBundle$BundleReference
instanceKlass sun/util/locale/LocaleObjectCache$CacheEntry
instanceKlass java/lang/invoke/LambdaFormEditor$Transform
ciInstanceKlass java/lang/ref/SoftReference 1 1 47 10 7 12 1 1 1 9 7 12 1 1 1 9 12 1 10 12 1 10 12 1 1 1 1 1 1 1 1 1 1 1 1 1 1 1 1 1 1 1 1 100 1 1 1 1 1
instanceKlass javax/crypto/JceSecurity$WeakIdentityWrapper
instanceKlass com/sun/util/reentrant/ReentrantContextProvider$HardReference
instanceKlass com/sun/javafx/util/WeakReferenceQueue$ListEntry
instanceKlass java/lang/WeakPairMap$WeakRefPeer
instanceKlass java/util/ResourceBundle$KeyElementReference
instanceKlass java/util/logging/LogManager$LoggerWeakRef
instanceKlass java/util/logging/Level$KnownLevel
instanceKlass java/lang/ClassValue$Entry
instanceKlass java/lang/ThreadLocal$ThreadLocalMap$Entry
instanceKlass java/lang/invoke/MethodType$ConcurrentWeakInternSet$WeakEntry
instanceKlass java/util/WeakHashMap$Entry
ciInstanceKlass java/lang/ref/WeakReference 1 1 31 10 7 12 1 1 1 10 12 1 100 1 1 1 1 1 1 1 1 1 1 1 1 1 1 1 1 1 1 1 1
instanceKlass java/lang/ref/Finalizer
ciInstanceKlass java/lang/ref/FinalReference 1 1 50 10 7 12 1 1 1 10 7 12 1 1 1 10 12 1 1 7 1 8 1 10 12 1 1 1 1 1 1 1 1 1 1 1 1 1 1 1 1 1 1 1 1 1 1 1 1 1 7 1
instanceKlass jdk/internal/ref/PhantomCleanable
instanceKlass jdk/internal/ref/Cleaner
ciInstanceKlass java/lang/ref/PhantomReference 1 1 39 10 100 12 1 1 1 10 7 12 1 1 1 1 1 1 1 1 1 1 1 1 1 1 1 1 1 1 1 1 1 1 1 1 1 1 1 1 1
ciInstanceKlass java/lang/ref/Finalizer 1 1 155 9 7 12 1 1 1 10 7 12 1 1 1 9 12 1 1 9 12 1 1 9 12 1 9 12 1 9 12 1 1 10 12 1 7 1 8 1 10 12 1 10 12 1 1 9 12 1 100 1 10 12 1 7 1 11 7 12 1 1 10 12 1 7 1 10 12 1 100 1 10 12 1 10 7 12 1 1 1 10 100 12 1 1 1 100 1 10 10 12 1 7 1 10 12 1 7 1 10 12 1 1 10 12 1 1 10 12 1 10 7 12 1 1 1 7 1 10 7 1 10 10 12 1 1 1 1 1 1 1 1 1 1 1 1 1 1 1 1 1 1 1 1 1 1 1 1 1 1 1 1 1 1 1 1
staticfield java/lang/ref/Finalizer lock Ljava/lang/Object; java/lang/Object
staticfield java/lang/ref/Finalizer ENABLED Z 1
staticfield java/lang/ref/Finalizer $assertionsDisabled Z 1
instanceKlass com/sun/scenario/effect/impl/state/LinearConvolveRenderState$PassType
instanceKlass com/sun/prism/shape/ShapeRep$InvalidationType
instanceKlass jdk/internal/net/http/PlainHttpConnection$ConnectState
instanceKlass jdk/internal/net/http/Http1HeaderParser$State
instanceKlass jdk/internal/net/http/Http1Response$State
instanceKlass jdk/internal/net/http/Http1Exchange$State
instanceKlass jdk/internal/icu/util/CodePointTrie$ValueWidth
instanceKlass jdk/internal/icu/util/CodePointTrie$Type
instanceKlass java/text/Normalizer$Form
instanceKlass com/sun/glass/ui/EventLoop$State
instanceKlass javafx/scene/control/skin/ButtonBarSkin$Spacer
instanceKlass javafx/scene/control/ButtonBar$ButtonData
instanceKlass java/util/stream/MatchOps$MatchKind
instanceKlass javafx/scene/control/SelectionMode
instanceKlass javafx/scene/control/skin/ComboBoxMode
instanceKlass javafx/scene/control/skin/TextInputControlSkin$Direction
instanceKlass javafx/scene/control/skin/TextInputControlSkin$TextUnit
instanceKlass javafx/stage/PopupWindow$AnchorLocation
instanceKlass org/fxmisc/richtext/GenericStyledAreaBehavior$DragState
instanceKlass org/fxmisc/wellbehaved/event/InputHandler$Result
instanceKlass org/fxmisc/richtext/NavigationActions$SelectionPolicy
instanceKlass org/fxmisc/richtext/model/TwoDimensional$Bias
instanceKlass org/reactfx/util/AccumulatorSize
instanceKlass org/fxmisc/richtext/Caret$CaretVisibility
instanceKlass org/fxmisc/flowless/VirtualFlow$Gravity
instanceKlass javafx/scene/control/Alert$AlertType
instanceKlass javafx/scene/layout/Priority
instanceKlass javafx/scene/control/ScrollPane$ScrollBarPolicy
instanceKlass java/net/StandardProtocolFamily
instanceKlass sun/security/ssl/SignatureScheme$SigAlgParamSpec
instanceKlass sun/security/ssl/SignatureScheme
instanceKlass sun/security/ssl/ClientAuthType
instanceKlass sun/security/ssl/SSLHandshake
instanceKlass java/net/http/HttpClient$Version
instanceKlass java/net/http/HttpClient$Redirect
instanceKlass java/security/DrbgParameters$Capability
instanceKlass sun/security/rsa/RSAUtil$KeyType
instanceKlass sun/security/ssl/NamedGroup
instanceKlass sun/security/ssl/NamedGroup$NamedGroupSpec
instanceKlass sun/security/ssl/CipherSuite$KeyExchange
instanceKlass sun/security/ssl/CipherSuite$MacAlg
instanceKlass sun/security/ssl/CipherSuite$HashAlg
instanceKlass java/nio/file/AccessMode
instanceKlass sun/security/ssl/CipherType
instanceKlass sun/security/ssl/SSLCipher
instanceKlass sun/security/ssl/CipherSuite
instanceKlass java/security/CryptoPrimitive
instanceKlass sun/security/util/DisabledAlgorithmConstraints$Constraint$Operator
instanceKlass sun/security/ssl/ProtocolVersion
instanceKlass java/lang/invoke/MethodHandleImpl$ArrayAccess
instanceKlass java/net/Proxy$Type
instanceKlass sun/awt/AppContext$State
instanceKlass com/sun/javafx/tk/FileChooserType
instanceKlass com/sun/javafx/sg/prism/NGCanvas$InitType
instanceKlass javafx/scene/shape/FillRule
instanceKlass java/awt/desktop/UserSessionEvent$Reason
instanceKlass sun/font/EAttribute
instanceKlass sun/awt/OSInfo$OSType
instanceKlass sun/java2d/StateTrackable$State
instanceKlass javafx/scene/Scene$DragDetectedState
instanceKlass com/sun/javafx/sg/prism/NGNode$RenderRootResult
instanceKlass com/sun/scenario/effect/impl/state/RenderState$EffectCoordinateSpace
instanceKlass com/sun/scenario/effect/Effect$AccelType
instanceKlass com/sun/scenario/effect/impl/Renderer$RendererState
instanceKlass com/sun/javafx/geom/Path2D$CornerPrefix
instanceKlass com/sun/javafx/geom/transform/BaseTransform$Degree
instanceKlass com/sun/prism/CompositeMode
instanceKlass com/sun/prism/Texture$Usage
instanceKlass com/sun/prism/Texture$WrapMode
instanceKlass com/sun/javafx/sg/prism/NodeEffectInput$RenderType
instanceKlass com/sun/scenario/effect/AbstractShadow$ShadowMode
instanceKlass com/sun/javafx/sg/prism/CacheFilter$ScrollCacheState
instanceKlass com/sun/javafx/animation/KeyValueType
instanceKlass com/jfoenix/controls/JFXRippler$RipplerPos
instanceKlass com/jfoenix/controls/JFXRippler$RipplerMask
instanceKlass com/sun/javafx/scene/control/inputmap/KeyBinding$OptionalBoolean
instanceKlass com/sun/javafx/geom/BaseBounds$BoundsType
instanceKlass javafx/scene/text/FontSmoothingType
instanceKlass com/sun/javafx/cursor/CursorType
instanceKlass com/sun/prism/paint/Paint$Type
instanceKlass com/sun/scenario/effect/Blend$Mode
instanceKlass com/sun/javafx/sg/prism/NGNode$DirtyFlag
instanceKlass com/sun/javafx/tk/quantum/SwipeGestureRecognizer$SwipeRecognitionState
instanceKlass com/sun/glass/ui/GestureSupport$GestureState$StateId
instanceKlass com/sun/javafx/tk/FocusCause
instanceKlass javafx/scene/input/KeyCombination$ModifierValue
instanceKlass com/sun/javafx/logging/PlatformLogger$Level
instanceKlass javafx/scene/input/MouseButton
instanceKlass javafx/scene/Scene$DirtyBits
instanceKlass javafx/animation/Animation$Status
instanceKlass com/sun/javafx/effect/EffectDirtyBits
instanceKlass javafx/fxml/FXMLLoader$SupportedType
instanceKlass java/lang/reflect/ProxyGenerator$PrimitiveTypeInfo
instanceKlass java/lang/annotation/RetentionPolicy
instanceKlass javafx/geometry/Side
instanceKlass javafx/scene/control/ContentDisplay
instanceKlass javafx/geometry/Pos
instanceKlass javafx/scene/text/FontWeight
instanceKlass javafx/scene/text/FontPosture
instanceKlass com/jfoenix/controls/JFXButton$ButtonType
instanceKlass javafx/scene/layout/BackgroundRepeat
instanceKlass javafx/scene/effect/BlurType
instanceKlass javafx/scene/paint/CycleMethod
instanceKlass javafx/css/SizeUnits
instanceKlass com/sun/javafx/css/Combinator
instanceKlass javafx/scene/control/OverrunStyle
instanceKlass com/sun/javafx/sg/prism/NGShape$Mode
instanceKlass javafx/scene/text/TextAlignment
instanceKlass javafx/scene/text/TextBoundsType
instanceKlass javafx/scene/shape/StrokeLineCap
instanceKlass javafx/scene/shape/StrokeLineJoin
instanceKlass javafx/scene/shape/StrokeType
instanceKlass javafx/scene/input/KeyCode
instanceKlass javafx/scene/AccessibleAttribute$ToggleState
instanceKlass com/sun/prism/PixelFormat$DataType
instanceKlass com/sun/prism/PixelFormat
instanceKlass javafx/scene/image/PixelFormat$Type
instanceKlass com/sun/javafx/iio/ImageStorage$ImageType
instanceKlass javafx/css/StyleOrigin
instanceKlass javafx/scene/AccessibleAction
instanceKlass javafx/geometry/Orientation
instanceKlass javafx/scene/effect/BlendMode
instanceKlass javafx/scene/input/TransferMode
instanceKlass com/sun/javafx/scene/traversal/TraversalMethod
instanceKlass com/sun/javafx/scene/traversal/Direction
instanceKlass javafx/scene/AccessibleAttribute
instanceKlass javafx/geometry/VPos
instanceKlass javafx/geometry/HPos
instanceKlass sun/util/locale/provider/LocaleProviderAdapter$Type
instanceKlass java/util/Locale$Category
instanceKlass java/time/temporal/ChronoUnit
instanceKlass java/time/temporal/ChronoField
instanceKlass javafx/scene/AccessibleRole
instanceKlass com/sun/javafx/scene/LayoutFlags
instanceKlass com/sun/javafx/scene/DirtyBits
instanceKlass javafx/scene/DepthTest
instanceKlass javafx/scene/CacheHint
instanceKlass com/sun/javafx/scene/CssFlags
instanceKlass com/sun/org/apache/xerces/internal/impl/XMLScanner$NameType
instanceKlass jdk/xml/internal/JdkProperty$ImplPropMap
instanceKlass javax/xml/catalog/CatalogFeatures$Feature
instanceKlass com/sun/org/apache/xerces/internal/utils/XMLSecurityPropertyManager$Property
instanceKlass com/sun/org/apache/xerces/internal/utils/XMLSecurityPropertyManager$State
instanceKlass com/sun/org/apache/xerces/internal/utils/XMLSecurityManager$NameMap
instanceKlass jdk/xml/internal/JdkProperty$State
instanceKlass com/sun/org/apache/xerces/internal/utils/XMLSecurityManager$Limit
instanceKlass com/sun/javafx/application/PlatformImpl$HighContrastScheme
instanceKlass javafx/application/ConditionalFeature
instanceKlass javafx/geometry/NodeOrientation
instanceKlass javafx/stage/Modality
instanceKlass javafx/stage/StageStyle
instanceKlass java/lang/ProcessBuilder$Redirect$Type
instanceKlass jdk/internal/util/OperatingSystem
instanceKlass sun/util/logging/PlatformLogger$Level
instanceKlass java/lang/System$Logger$Level
instanceKlass jdk/internal/logger/BootstrapLogger$LoggingBackend
instanceKlass com/sun/prism/impl/ps/BaseShaderContext$SpecialShaderType
instanceKlass com/sun/prism/impl/ps/BaseShaderContext$MaskType
instanceKlass com/sun/prism/GraphicsPipeline$ShaderType
instanceKlass com/sun/prism/GraphicsPipeline$ShaderModel
instanceKlass com/sun/prism/impl/PrismSettings$RasterizerType
instanceKlass sun/security/util/KnownOIDs
instanceKlass java/lang/StackStreamFactory$WalkerState
instanceKlass java/lang/StackWalker$ExtendedOption
instanceKlass java/lang/StackWalker$Option
instanceKlass java/util/regex/Pattern$Qtype
instanceKlass java/util/zip/ZipCoder$Comparison
instanceKlass java/nio/file/LinkOption
instanceKlass java/util/stream/Collector$Characteristics
instanceKlass java/util/stream/StreamShape
instanceKlass java/util/concurrent/TimeUnit
instanceKlass java/lang/invoke/MethodHandles$Lookup$ClassOption
instanceKlass java/lang/invoke/VarHandle$AccessType
instanceKlass java/lang/invoke/VarHandle$AccessMode
instanceKlass java/lang/invoke/MethodHandleImpl$Intrinsic
instanceKlass java/lang/invoke/LambdaForm$BasicType
instanceKlass java/lang/invoke/LambdaForm$Kind
instanceKlass sun/invoke/util/Wrapper
instanceKlass java/util/stream/StreamOpFlag$Type
instanceKlass java/util/stream/StreamOpFlag
instanceKlass java/io/File$PathStatus
instanceKlass java/lang/module/ModuleDescriptor$Requires$Modifier
instanceKlass java/lang/reflect/AccessFlag$Location
instanceKlass java/lang/reflect/AccessFlag
instanceKlass java/lang/module/ModuleDescriptor$Modifier
instanceKlass sun/nio/fs/WindowsPathType
instanceKlass java/nio/file/StandardOpenOption
instanceKlass java/lang/reflect/ClassFileFormatVersion
instanceKlass java/lang/Thread$State
ciInstanceKlass java/lang/Enum 1 1 204 9 7 12 1 1 1 9 12 1 1 10 7 12 1 1 1 9 12 1 10 7 12 1 1 1 100 1 10 10 12 1 1 10 12 1 7 1 10 10 7 12 1 1 10 12 1 1 18 12 1 1 10 100 12 1 1 1 10 12 1 1 11 7 12 1 1 1 100 1 8 1 10 12 1 100 1 7 1 10 8 1 10 12 1 1 10 12 1 1 8 1 10 12 1 10 100 1 8 1 10 10 12 1 1 10 100 12 1 1 1 7 1 7 1 7 1 1 1 1 1 1 1 1 1 1 1 1 1 1 1 1 1 1 1 1 1 1 1 1 1 1 1 1 1 1 1 1 1 1 1 1 1 1 1 1 1 1 1 1 1 1 1 3 1 1 1 1 100 1 7 1 1 100 1 1 1 1 1 1 1 1 1 1 1 16 15 10 12 16 15 10 100 12 1 1 1 1 1 100 1 100 1 1
ciInstanceKlass java/lang/reflect/Method 1 1 472 9 7 12 1 1 1 10 7 12 1 1 1 10 7 12 1 1 9 12 1 1 10 12 1 1 10 12 1 1 10 7 12 1 1 10 7 12 1 1 1 9 12 1 1 9 12 1 9 12 1 1 9 12 1 9 12 1 9 12 1 1 9 12 1 9 12 1 1 9 12 1 9 12 1 9 12 1 1 100 1 8 1 10 12 1 10 12 1 9 12 1 1 8 1 10 7 12 1 1 10 7 12 1 1 1 10 12 1 1 10 12 1 1 10 12 1 10 12 1 1 10 12 1 1 9 100 12 1 1 1 10 12 1 1 10 12 10 7 12 1 1 10 12 1 1 10 12 1 10 12 1 10 12 1 10 7 12 1 1 1 10 12 1 1 10 7 1 10 7 12 1 1 1 10 7 12 1 1 10 12 1 1 10 12 1 1 10 12 1 10 7 12 1 1 1 10 12 1 10 8 1 10 12 1 10 12 1 7 1 8 1 8 1 8 1 10 12 1 10 12 1 1 10 12 1 1 10 10 12 1 1 10 12 1 11 7 1 10 12 1 9 12 1 1 10 12 1 1 10 12 1 10 12 1 1 10 12 1 1 11 7 12 1 1 1 11 12 1 9 12 1 1 10 12 1 10 12 1 10 12 1 10 12 1 10 12 1 10 12 1 9 12 1 1 10 7 12 1 1 1 10 7 12 1 1 10 12 1 1 10 100 12 1 1 1 10 100 12 1 1 1 10 100 12 1 1 1 11 100 12 1 1 1 10 100 12 1 1 1 100 1 100 1 100 1 10 12 1 10 12 1 1 10 12 1 100 1 8 1 10 12 1 10 10 12 1 1 10 12 1 1 10 12 1 1 10 12 1 1 8 1 10 12 1 1 1 1 1 1 1 1 1 1 1 1 1 1 1 1 1 1 1 1 1 1 1 1 1 1 1 1 1 1 1 1 1 1 1 1 1 1 1 1 1 1 1 1 1 1 1 1 1 1 1 1 1 100 1 100 1 100 1 1 1 1 1 1 1 1 1 1 1 1 1 1 1 1 1 1 1 1 1 1 1 1 1 1 1 1 1 1
ciInstanceKlass java/lang/reflect/Field 1 1 457 9 7 12 1 1 1 10 12 1 1 10 100 12 1 1 1 10 100 12 1 1 9 12 1 1 10 12 1 1 10 12 1 1 10 100 12 1 1 10 7 12 1 1 1 9 12 1 1 9 12 1 9 12 1 9 12 1 1 9 12 1 1 9 12 1 9 12 1 1 9 12 1 1 100 1 8 1 10 12 1 10 12 1 9 12 1 1 9 12 1 10 12 1 10 7 12 1 1 10 12 1 1 10 12 1 1 10 12 1 10 12 1 1 9 100 12 1 1 1 10 100 12 1 1 1 100 1 10 12 1 1 10 12 1 1 10 12 1 1 10 12 1 10 12 1 10 7 1 10 7 12 1 1 7 1 10 8 1 10 12 1 1 10 12 1 1 8 1 10 12 10 12 1 8 1 8 1 10 11 7 1 9 12 1 10 12 1 1 10 12 1 1 11 7 12 1 1 1 10 12 1 11 12 1 1 11 12 1 1 11 12 1 1 11 12 1 1 11 12 1 1 11 12 1 1 11 12 1 1 11 12 1 1 11 12 1 1 11 12 1 1 11 12 1 1 11 12 1 1 11 12 1 1 11 12 1 1 11 12 1 1 11 12 1 1 11 12 1 1 10 12 1 10 7 12 1 1 10 12 1 10 12 1 10 12 1 9 12 1 1 10 7 12 1 1 1 10 12 1 1 10 12 1 10 7 12 1 1 10 12 1 1 11 7 1 10 12 1 7 1 10 100 12 1 1 1 10 7 12 1 1 1 9 12 1 10 7 12 1 1 1 11 7 12 1 1 1 10 12 1 1 10 12 1 1 9 100 12 1 1 10 100 12 1 1 1 10 12 1 1 7 1 1 1 1 1 1 1 1 1 1 1 1 1 1 1 1 1 1 1 1 1 1 1 1 1 1 1 1 1 1 1 1 1 1 1 1 1 1 1 100 1 1 1 1 1 1 1 1 1 1 1 1 1 1 1 1 1 1 1 1 1 1 1 1 1 1 1 1 1 1 1 1 7 1 1 1 1 1 1 1 1 1 100 1 1
ciInstanceKlass java/lang/reflect/Parameter 0 0 243 10 7 12 1 1 1 9 7 12 1 1 1 9 12 1 1 9 12 1 1 9 12 1 10 12 1 1 10 12 1 1 10 7 12 1 1 1 7 1 10 10 12 1 1 11 7 12 1 1 1 10 12 1 10 100 12 1 1 1 10 12 1 1 10 12 1 10 12 1 8 1 8 1 10 7 12 1 1 1 10 12 1 10 12 9 100 12 1 1 1 10 100 12 1 1 1 10 12 1 8 1 10 12 1 9 12 1 1 10 12 1 1 9 12 1 1 10 12 1 1 10 12 1 1 10 12 1 1 10 12 1 10 10 12 1 10 100 12 1 1 1 10 12 1 1 11 7 12 1 1 10 7 12 1 1 7 1 10 100 12 1 1 1 10 12 1 1 10 12 1 1 10 12 1 1 10 12 1 1 9 12 1 100 1 10 11 12 1 1 11 12 1 1 7 1 1 1 1 1 1 1 1 1 1 1 1 1 1 1 1 1 1 1 1 1 1 1 1 1 1 1 1 1 1 1 1 1 1 1 1 1 1 1 1 1 100 1 1 1 1 1 1
ciInstanceKlass java/lang/reflect/RecordComponent 0 0 196 10 7 12 1 1 1 9 7 12 1 1 1 9 12 1 1 9 12 1 10 12 1 1 10 12 1 1 10 100 12 1 1 1 10 12 1 1 9 12 1 1 10 12 1 1 10 12 1 1 10 12 1 10 100 12 1 1 10 100 12 1 1 9 12 1 1 10 100 12 1 1 1 11 100 12 1 1 1 10 9 100 12 1 1 1 10 100 12 1 1 1 9 12 1 1 10 100 12 1 1 1 10 12 1 1 11 7 12 1 1 10 7 12 1 1 7 1 9 12 1 9 12 1 1 9 12 1 10 100 12 1 1 1 10 12 1 1 10 12 1 1 7 1 10 10 12 1 10 12 1 1 8 1 10 12 1 10 12 1 9 12 1 7 1 1 1 1 1 1 1 1 1 1 1 1 1 1 1 1 1 1 1 1 1 1 7 1 1 1 1 1 1 100 1 1
ciInstanceKlass java/lang/StringBuffer 1 1 483 10 7 12 1 1 1 10 12 1 10 12 1 10 12 1 1 9 7 12 1 1 1 10 12 1 1 10 12 1 10 12 1 1 9 12 1 1 10 12 1 10 12 1 1 10 12 1 1 10 12 1 10 12 1 1 10 12 1 10 12 1 1 10 12 1 1 10 7 12 1 1 1 10 12 1 1 10 12 1 10 12 1 10 12 1 10 12 1 10 12 1 10 12 1 10 12 1 10 12 1 10 12 1 10 12 1 10 12 1 10 12 1 10 12 1 10 12 1 1 10 12 1 10 12 1 1 10 12 1 1 10 10 12 1 1 10 12 1 10 12 1 10 12 1 10 12 1 10 12 1 10 12 1 10 12 10 12 1 10 12 1 10 12 1 10 12 1 1 10 12 1 10 12 1 10 10 12 1 1 10 12 1 10 12 1 10 12 1 10 10 100 12 1 1 1 10 10 12 1 1 9 12 1 1 10 100 12 1 1 10 100 1 8 10 100 12 1 1 1 8 10 12 1 8 1 10 12 1 10 12 1 10 100 12 1 1 1 10 100 12 1 1 1 7 1 10 12 100 1 8 1 10 10 12 1 1 10 12 1 1 10 12 1 10 12 1 10 12 1 1 10 12 1 10 12 1 10 12 1 10 12 1 10 12 1 10 12 10 12 1 10 12 1 10 12 1 10 12 1 10 12 1 10 12 1 10 12 1 10 12 1 10 12 1 10 12 1 10 12 10 12 10 12 1 10 12 1 10 12 1 10 12 10 12 1 10 12 1 10 12 1 10 12 1 10 12 1 10 12 1 10 12 1 10 12 1 10 12 1 10 12 1 10 12 1 7 1 10 12 1 9 7 12 1 1 1 9 7 1 9 12 1 1 7 1 7 1 7 1 7 1 1 1 1 5 0 1 1 1 1 1 1 1 1 1 1 1 1 1 1 1 1 1 1 1 1 1 1 1 1 1 1 1 1 1 1 1 1 1 1 1 1 1 1 1 1 1 1 1 1 1 1 1 1 1 1 1 1 1 1 1 1 1 1 1 1 1 100 1 1 1 1 1 7 1 1 1 1 1 1 1 1 1 1 1 1 1 1 1 1 1 1
staticfield java/lang/StringBuffer serialPersistentFields [Ljava/io/ObjectStreamField; 3 [Ljava/io/ObjectStreamField;
instanceKlass com/sun/javafx/reflect/MethodUtil
instanceKlass jdk/internal/loader/BuiltinClassLoader
instanceKlass java/net/URLClassLoader
ciInstanceKlass java/security/SecureClassLoader 1 1 102 10 7 12 1 1 1 7 1 10 12 1 9 7 12 1 1 1 10 12 1 10 12 1 10 12 1 1 10 12 1 1 10 12 1 7 1 10 7 1 10 12 1 7 1 10 12 1 11 7 12 1 1 1 7 1 11 12 1 10 12 1 1 1 1 1 1 1 1 1 1 1 1 1 1 1 1 1 1 1 1 1 1 1 1 1 1 1 1 1 1 1 1 1 1 1 1 100 1 1 1 1
ciInstanceKlass java/net/URLClassLoader 0 0 600 10 7 12 1 1 1 100 1 10 12 1 9 7 12 1 1 1 10 7 12 1 1 1 9 12 1 1 100 1 10 12 1 9 12 1 1 10 12 1 10 10 12 1 10 100 12 1 1 1 10 12 1 1 10 7 12 1 1 1 10 100 12 1 1 1 100 1 10 12 1 1 10 12 1 1 10 12 1 1 100 1 100 1 10 7 12 1 1 1 100 1 8 1 10 12 1 10 7 12 1 1 1 10 12 1 1 10 12 1 1 11 100 12 1 1 1 11 7 12 1 1 1 11 12 1 1 7 1 11 12 1 11 7 12 1 1 10 12 1 11 12 1 11 12 1 1 11 10 12 1 1 10 12 1 1 10 12 1 1 100 1 10 12 1 10 12 1 1 7 1 100 1 10 12 1 1 7 1 10 10 12 1 1 10 100 12 1 1 10 12 1 100 1 7 1 10 8 1 10 12 1 1 8 1 10 12 1 1 10 10 12 1 8 1 8 1 10 12 1 1 10 7 12 1 1 1 10 100 12 1 1 1 10 12 1 1 10 12 1 1 10 12 1 1 10 12 1 10 12 1 100 1 100 1 8 1 10 12 1 10 12 1 1 10 12 1 1 7 1 10 12 1 10 100 12 1 1 1 10 12 1 1 10 12 1 1 10 12 1 1 10 12 1 10 100 12 1 1 1 10 12 1 1 8 1 10 12 1 1 11 100 12 1 1 1 9 100 12 1 1 1 10 100 12 1 1 1 9 12 1 9 12 1 9 12 1 9 12 1 9 12 1 9 12 1 10 7 12 1 1 1 8 1 10 12 1 1 100 1 10 10 12 1 10 12 1 1 10 12 1 1 100 1 10 12 1 10 12 1 1 10 12 1 10 12 1 1 100 1 10 100 12 1 1 9 100 12 1 1 1 10 12 1 8 1 100 1 8 1 10 12 1 10 12 1 8 1 10 12 1 10 12 1 9 12 1 1 10 100 12 1 1 10 12 1 10 12 1 10 100 1 8 1 10 100 1 10 12 1 10 100 12 1 100 1 10 12 1 10 12 1 100 1 10 10 7 12 1 1 1 1 1 1 1 1 1 1 1 1 1 1 1 1 1 1 1 1 1 1 1 1 1 1 1 1 1 1 1 1 1 1 1 1 1 7 1 100 1 7 1 7 1 1 1 1 1 1 1 1 1 1 1 1 1 1 1 1 1 1 1 1 1 1 1 1 1 1 1 1 1 1 1 1 1 1 1 1 1 1 1 1 1 1 1 1 1 1 100 1 1 1 1 1 1 1 1 1 1 1 1 1 1 1 1 1 1 1 1 1 1 1 1 1 1 1 1 1 1 1 1 1 1 1 1 1 100 1 1 1
ciInstanceKlass java/util/jar/Manifest 1 1 339 10 7 12 1 1 1 7 1 10 9 7 12 1 1 1 7 1 10 9 12 1 1 9 12 1 1 10 12 1 10 12 1 1 10 12 1 1 10 12 1 1 10 12 1 1 11 7 1 11 12 1 1 10 12 1 1 10 100 12 1 1 1 100 1 7 1 10 8 1 10 12 1 1 10 12 1 1 10 12 1 10 12 1 11 100 1 10 12 1 10 12 1 1 11 12 1 1 10 12 1 11 12 1 1 11 100 12 1 1 1 11 7 12 1 1 11 12 1 1 100 1 10 12 1 8 1 11 12 1 7 1 10 12 1 1 11 12 1 10 12 1 10 12 1 10 7 12 1 1 1 8 1 10 12 1 1 10 9 100 12 1 1 1 10 12 1 1 10 100 12 1 10 12 1 10 12 1 9 100 12 1 1 1 8 1 10 12 1 8 1 8 1 7 1 10 12 1 10 12 1 10 12 1 1 100 1 8 1 10 12 1 1 8 1 10 10 12 1 1 8 1 10 12 1 1 10 7 12 1 1 1 10 12 1 10 11 12 1 1 10 12 1 10 100 12 1 1 1 10 12 1 1 10 12 1 10 12 1 1 11 10 12 1 11 10 12 1 7 1 1 1 1 1 1 1 1 1 1 1 1 1 1 1 1 1 1 1 1 1 1 1 1 1 1 1 1 1 1 1 1 1 1 1 1 1 1 1 1 1 1 1 100 1 1 1 1 1 1 1 1 1 1 1 1 1 1 7 1 1 1 1 1 1 1 1 1 1 1
ciInstanceKlass java/io/ByteArrayInputStream 1 1 117 10 7 12 1 1 1 9 7 12 1 1 1 9 12 1 1 9 12 1 9 12 1 10 100 12 1 1 1 10 7 12 1 1 1 10 7 12 1 1 1 10 7 12 1 1 1 10 12 1 1 3 10 100 1 10 100 12 1 1 1 9 12 1 1 100 1 10 10 7 12 1 1 1 1 1 1 1 1 1 1 1 1 1 1 1 1 1 1 1 1 1 1 1 1 1 1 1 1 1 1 1 100 1 1 1 1 1 1 1 1 1 1 1 1 1 1
staticfield java/io/ByteArrayInputStream $assertionsDisabled Z 1
instanceKlass java/nio/DoubleBuffer
instanceKlass java/nio/ShortBuffer
instanceKlass java/nio/FloatBuffer
instanceKlass java/nio/IntBuffer
instanceKlass java/nio/CharBuffer
instanceKlass java/nio/LongBuffer
instanceKlass java/nio/ByteBuffer
ciInstanceKlass java/nio/Buffer 1 1 256 100 1 10 7 12 1 1 1 9 7 12 1 1 1 9 12 1 9 12 1 1 9 12 1 9 12 1 1 10 12 1 1 10 12 1 1 10 12 100 1 7 1 10 8 1 10 12 1 1 10 12 1 8 1 8 1 10 12 1 1 10 12 1 8 1 9 12 1 1 100 1 8 1 10 12 1 8 1 8 1 9 12 10 12 1 8 1 8 1 8 1 10 12 1 8 1 8 1 8 1 100 1 10 100 1 10 100 1 10 9 12 1 1 10 7 12 1 1 1 100 1 10 12 1 1 10 12 1 10 100 12 1 1 10 7 12 1 1 1 10 7 12 1 1 1 9 12 1 1 10 7 12 1 1 1 9 12 1 1 7 1 10 10 12 1 1 7 1 10 10 7 12 1 1 1 1 1 3 1 1 1 1 1 1 1 1 1 1 1 1 1 1 100 1 1 1 1 1 1 1 7 1 1 1 1 1 1 1 1 1 1 1 1 1 1 1 1 1 1 1 1 1 1 1 1 1 1 1 1 1 1 1 1 1 1 1 1 1 1 1 100 1 100 1 100 1 100 1 100 1 100 1 100 1 1
staticfield java/nio/Buffer UNSAFE Ljdk/internal/misc/Unsafe; jdk/internal/misc/Unsafe
staticfield java/nio/Buffer SCOPED_MEMORY_ACCESS Ljdk/internal/misc/ScopedMemoryAccess; jdk/internal/misc/ScopedMemoryAccess
staticfield java/nio/Buffer IOOBE_FORMATTER Ljava/util/function/BiFunction; jdk/internal/util/Preconditions$4
staticfield java/nio/Buffer $assertionsDisabled Z 1
ciInstanceKlass java/util/Objects 1 1 184 10 7 12 1 1 1 100 1 8 1 10 12 1 10 12 1 1 10 7 12 1 1 1 10 12 1 1 10 12 1 10 7 12 1 1 1 10 12 1 1 10 7 12 1 1 1 7 1 10 10 12 1 1 10 7 12 1 1 10 12 1 1 8 1 10 7 12 1 1 1 10 7 12 1 1 1 10 11 100 12 1 1 1 100 1 10 10 12 1 8 1 10 12 1 8 1 7 1 11 12 1 1 8 1 10 7 12 1 1 1 10 12 1 1 10 12 1 10 12 1 10 12 1 10 12 1 1 1 1 1 1 1 1 1 1 1 1 1 1 1 1 1 1 1 1 1 1 1 1 1 1 1 1 1 1 1 1 1 1 1 1 1 1 1 1 1 1 1 1 1 1 1 1 1 1 1 1 1 1 1 1 1 1
ciInstanceKlass jdk/internal/util/Preconditions 1 1 194 10 7 12 1 1 1 11 7 12 1 1 1 11 100 12 1 1 1 7 1 100 1 10 7 12 1 1 1 10 12 1 8 1 7 1 10 7 12 1 1 1 10 12 1 1 8 1 8 1 10 7 12 1 1 7 1 10 12 1 8 1 10 7 12 1 1 1 8 1 10 12 1 1 10 12 1 1 11 12 1 8 1 8 1 11 12 1 1 8 1 8 1 8 1 10 12 1 1 10 12 1 1 10 12 1 10 12 1 10 12 1 10 12 7 1 10 10 12 1 1 9 12 1 1 7 1 10 9 12 1 7 1 10 9 12 1 1 1 1 1 1 1 1 1 1 1 1 1 1 1 1 1 1 1 1 1 1 1 1 1 1 1 1 1 1 1 1 1 1 1 1 1 1 1 1 1 1 1 1 1 1 1 1 1 1 1 1 1 1 1 1 1 1
staticfield jdk/internal/util/Preconditions SIOOBE_FORMATTER Ljava/util/function/BiFunction; jdk/internal/util/Preconditions$4
staticfield jdk/internal/util/Preconditions AIOOBE_FORMATTER Ljava/util/function/BiFunction; jdk/internal/util/Preconditions$4
staticfield jdk/internal/util/Preconditions IOOBE_FORMATTER Ljava/util/function/BiFunction; jdk/internal/util/Preconditions$4
ciMethod java/util/Objects checkIndex (II)I 534 0 33221 0 -1
instanceKlass org/reactfx/util/FingerTree$Branch$1
instanceKlass javafx/scene/control/skin/VirtualFlow$ArrayLinkedList
instanceKlass org/reactfx/collection/SubList
instanceKlass org/reactfx/util/Lists$2
instanceKlass sun/security/jca/ProviderList$ServiceList
instanceKlass java/util/Collections$CopiesList
instanceKlass com/sun/javafx/UnmodifiableArrayList
instanceKlass java/util/AbstractList$SubList
instanceKlass java/util/Collections$SingletonList
instanceKlass java/util/Vector
instanceKlass javafx/collections/ObservableListBase
instanceKlass javafx/collections/FXCollections$EmptyObservableList
instanceKlass java/util/Arrays$ArrayList
instanceKlass sun/security/jca/ProviderList$3
instanceKlass java/util/AbstractSequentialList
instanceKlass java/util/ArrayList$SubList
instanceKlass java/util/Collections$EmptyList
instanceKlass java/util/ArrayList
ciInstanceKlass java/util/AbstractList 1 1 218 10 7 12 1 1 1 9 7 12 1 1 1 10 12 1 1 10 12 1 1 100 1 10 10 12 1 1 11 7 12 1 1 1 11 12 1 1 11 12 1 10 7 12 1 1 1 10 12 1 11 12 1 11 12 1 11 12 1 10 12 1 1 10 12 1 1 11 7 12 1 1 1 11 7 1 11 7 1 10 12 1 7 1 10 12 1 10 12 1 1 7 1 7 1 10 12 1 100 1 10 100 1 7 1 10 8 1 10 12 1 1 10 12 1 10 12 1 1 10 12 1 8 1 100 1 8 1 8 1 8 1 10 7 1 11 10 10 12 1 11 12 1 10 12 1 1 8 1 8 1 1 1 1 1 1 1 1 1 1 1 1 1 1 1 1 1 1 1 1 1 1 1 1 1 1 1 1 1 1 1 1 1 1 1 1 1 1 1 1 1 1 1 1 1 1 1 1 1 1 1 1 1 1 1 1 1 1 100 1 100 1 1 1 1 1 1 1
ciInstanceKlass java/lang/Iterable 1 1 62 10 7 12 1 1 1 11 7 12 1 1 1 11 7 12 1 1 1 11 12 1 1 11 7 12 1 1 1 10 100 12 1 1 1 100 1 1 1 1 1 1 1 1 1 1 1 1 1 1 1 1 1 1 1 1 1 1 1 1 1 1
ciInstanceKlass java/util/Collection 1 1 115 11 100 12 1 1 1 100 1 11 7 12 1 1 1 10 100 12 1 1 1 11 12 1 1 11 100 12 1 1 1 11 12 1 1 11 100 12 1 1 1 11 12 1 1 10 100 12 1 1 1 11 12 1 10 7 12 1 1 1 100 1 100 1 1 1 1 1 1 1 1 1 1 1 1 1 1 1 1 1 1 1 1 1 1 1 1 1 1 1 1 1 1 1 1 1 1 1 1 1 1 1 1 1 1 1 1 1 1 1 1 1 1 1 1
ciInstanceKlass java/util/SequencedCollection 1 1 109 100 1 10 12 1 1 11 7 12 1 1 1 11 7 12 1 1 1 11 12 1 1 11 12 1 7 1 7 1 1 1 1 1 1 1 1 1 1 1 1 1 1 1 1 1 1 1 1 1 1 1 1 1 1 1 1 1 100 1 8 1 1 12 10 1 1 1 8 1 1 1 8 1 1 1 8 1 1 1 8 1 1 8 1 1 1 8 1 1 8 1 1 1 8 1 1 8 1 1 1 8 1 1 8 1 1 8 1
ciInstanceKlass java/util/List 1 1 251 10 100 12 1 1 1 11 100 12 1 1 1 11 100 12 1 1 1 11 12 1 1 11 100 12 1 1 11 12 1 1 11 12 1 1 10 100 12 1 1 1 7 1 7 1 10 12 1 1 100 1 10 7 12 1 1 1 11 12 1 1 11 12 1 11 12 1 100 1 10 12 1 11 12 1 1 11 12 1 1 11 12 1 10 100 12 1 1 1 9 7 12 1 1 1 7 1 10 12 10 12 1 7 1 10 12 1 1 10 12 1 10 12 1 1 11 12 1 1 100 1 1 1 1 1 1 1 1 1 1 1 1 1 1 1 1 1 1 1 1 1 1 1 1 1 1 1 1 1 1 1 1 1 1 1 1 1 1 1 1 1 1 1 1 100 1 100 1 1 1 1 1 1 1 1 1 1 1 1 1 1 1 1 1 1 1 1 1 1 1 1 1 1 1 1 1 1 1 1 1 1 1 1 1 1 1 1 1 1 1 1 1 1 1 1 1 1 1 1 1 1 1 1 1 1 1 1 1 1 1 1 1 1 1 1 1 1 1 1 1 1 1 1 100 1 1 100 1 1 1
ciMethod java/util/List size ()I 0 0 1 0 -1
ciMethod java/util/List get (I)Ljava/lang/Object; 0 0 1 0 -1
ciMethod java/util/List clear ()V 0 0 1 0 -1
ciMethod java/util/List isEmpty ()Z 0 0 1 0 -1
ciMethod java/util/List addAll (Ljava/util/Collection;)Z 0 0 1 0 -1
instanceKlass java/util/concurrent/ConcurrentLinkedDeque
instanceKlass java/util/EnumMap$Values
instanceKlass java/util/LinkedHashMap$LinkedValues
instanceKlass java/util/WeakHashMap$Values
instanceKlass java/util/IdentityHashMap$Values
instanceKlass java/util/AbstractQueue
instanceKlass java/util/HashMap$Values
instanceKlass java/util/ArrayDeque
instanceKlass java/util/AbstractSet
instanceKlass java/util/ImmutableCollections$AbstractImmutableCollection
instanceKlass java/util/AbstractList
ciInstanceKlass java/util/AbstractCollection 1 1 160 10 7 12 1 1 1 10 7 12 1 1 1 10 12 1 1 11 7 12 1 1 1 11 12 1 1 10 12 1 1 10 100 12 1 1 1 10 12 1 1 10 12 1 1 10 7 12 1 1 10 7 12 1 1 1 7 1 10 7 12 1 1 1 10 100 12 1 1 1 100 1 10 11 12 1 11 7 1 10 12 1 10 12 1 10 100 12 1 1 1 11 8 1 7 1 10 10 12 1 1 8 1 10 12 1 10 12 1 1 1 1 1 1 1 1 1 1 1 1 1 1 1 1 1 1 1 1 1 1 1 1 1 1 1 1 1 1 1 1 1 1 1 1 1 1 1 1 1 1 1 1 1 1 1 1 1 1 1 1
ciInstanceKlass java/lang/AssertionStatusDirectives 0 0 24 10 100 12 1 1 1 100 1 1 1 1 1 1 1 1 1 1 1 1 1 1 1 1
instanceKlass java/lang/MatchException
instanceKlass java/security/ProviderException
instanceKlass java/io/UncheckedIOException
instanceKlass java/nio/BufferOverflowException
instanceKlass com/sun/javafx/geom/IllegalPathStateException
instanceKlass java/util/ConcurrentModificationException
instanceKlass java/lang/reflect/UndeclaredThrowableException
instanceKlass com/sun/javafx/fxml/PropertyNotFoundException
instanceKlass java/util/NoSuchElementException
instanceKlass java/lang/IndexOutOfBoundsException
instanceKlass com/sun/javafx/geom/transform/SingularMatrixException
instanceKlass java/lang/UnsupportedOperationException
instanceKlass java/lang/SecurityException
instanceKlass java/lang/IllegalStateException
instanceKlass java/lang/IllegalArgumentException
instanceKlass java/lang/ArithmeticException
instanceKlass java/lang/NullPointerException
instanceKlass java/lang/IllegalMonitorStateException
instanceKlass java/lang/ArrayStoreException
instanceKlass java/lang/ClassCastException
ciInstanceKlass java/lang/RuntimeException 1 1 40 10 7 12 1 1 1 10 12 1 10 12 1 10 12 1 10 12 1 100 1 1 1 1 5 0 1 1 1 1 1 1 1 1 1 1 1 1 1 1
instanceKlass jdk/net/UnixDomainPrincipal
instanceKlass jdk/internal/misc/ThreadTracker$ThreadRef
instanceKlass jdk/internal/net/http/common/DebugLogger$LoggerConfig
instanceKlass java/nio/DirectByteBuffer$Deallocator
instanceKlass java/lang/reflect/Proxy$ProxyBuilder$ProxyClassContext
instanceKlass java/security/SecureClassLoader$CodeSourceKey
instanceKlass jdk/internal/module/ModuleReferenceImpl$CachedHash
instanceKlass java/util/stream/Collectors$CollectorImpl
instanceKlass jdk/internal/reflect/ReflectionFactory$Config
instanceKlass jdk/internal/foreign/abi/UpcallLinker$CallRegs
instanceKlass jdk/internal/foreign/abi/VMStorage
ciInstanceKlass java/lang/Record 1 1 22 10 7 12 1 1 1 100 1 1 1 1 1 1 1 1 1 1 1 1 1 1
ciInstanceKlass java/lang/invoke/MethodType 1 1 780 7 1 10 7 12 1 1 1 9 12 1 1 9 12 1 1 9 12 1 1 10 7 12 1 1 1 9 7 12 1 1 8 1 10 100 12 1 1 1 9 7 1 9 7 1 10 12 1 1 7 1 10 8 1 10 12 1 1 10 12 1 10 12 1 1 7 1 8 1 10 12 1 100 1 10 10 12 1 10 12 1 1 10 12 1 1 11 7 12 1 1 1 9 12 1 11 12 1 1 7 10 12 1 1 10 12 1 1 7 1 7 1 10 7 12 1 1 1 10 12 1 10 12 1 9 12 1 1 10 7 12 1 1 10 12 1 1 10 7 12 1 1 1 10 7 12 1 1 1 10 12 1 9 12 1 1 10 12 1 1 10 12 1 1 10 12 1 1 10 12 1 1 10 12 1 1 10 12 1 10 12 1 10 12 1 1 10 12 1 8 1 8 1 10 12 1 1 9 12 1 1 100 1 10 10 12 1 1 10 12 1 10 12 1 1 10 12 1 1 10 12 1 10 12 1 10 12 1 8 1 10 12 1 1 10 7 12 1 1 1 10 12 1 10 12 1 1 10 12 1 10 12 1 10 12 1 1 10 12 1 10 12 1 9 12 1 10 12 1 10 10 12 1 1 10 12 1 9 12 1 1 10 12 1 1 11 12 1 1 10 12 1 1 7 1 10 12 10 12 1 10 12 1 100 1 8 1 8 1 8 1 10 12 1 10 12 1 10 12 1 10 10 12 1 11 12 1 1 11 12 1 10 100 12 1 1 1 9 12 1 10 12 1 10 12 1 1 10 12 1 1 10 12 1 10 12 1 10 100 12 1 1 1 10 12 1 1 10 12 1 10 12 1 10 12 1 10 9 12 1 1 7 1 10 12 1 10 12 1 1 9 100 12 1 1 1 10 7 12 1 1 1 10 7 12 1 1 1 10 12 1 1 10 7 12 1 1 1 10 12 1 1 8 1 10 7 12 1 1 1 11 12 1 1 9 12 1 1 10 12 1 1 10 12 1 10 12 1 1 10 12 1 1 10 100 12 1 1 100 1 10 12 1 1 11 100 12 1 1 18 12 1 1 11 12 1 1 18 12 1 11 12 1 100 1 11 100 12 1 1 10 12 1 100 1 10 12 1 10 100 12 1 1 10 12 1 1 9 12 1 1 9 100 12 1 1 1 10 7 12 1 1 1 9 12 1 10 100 12 1 1 10 12 1 100 10 12 1 1 10 12 1 10 7 1 7 1 9 12 1 1 7 1 7 1 7 1 1 1 5 0 1 1 1 1 1 1 1 3 1 3 1 3 1 1 1 1 1 1 1 1 1 1 1 1 1 1 1 1 1 1 1 1 1 1 1 1 1 1 1 1 1 1 1 1 1 1 1 1 1 1 1 1 1 1 1 1 1 1 1 1 1 1 1 1 1 1 1 1 1 1 1 1 1 1 1 1 1 1 1 1 1 1 1 1 1 1 1 1 1 1 1 1 1 1 1 1 1 1 1 1 1 1 1 1 1 1 1 1 1 1 1 1 1 1 1 1 1 1 1 1 1 1 1 1 1 1 1 1 1 1 1 1 1 1 1 1 1 1 1 1 1 1 1 100 1 100 1 1 1 1 1 1 1 1 1 1 1 1 1 100 1 1 1 7 1 1 1 1 1 1 1 1 1 1 1 1 1 1 1 1 1 1 1 1 1 1 16 15 10 12 16 16 15 10 12 16 15 10 100 12 1 1 1 1 1 1 1 7 1 1 7 1 1 100 1 100 1 1
staticfield java/lang/invoke/MethodType internTable Ljava/lang/invoke/MethodType$ConcurrentWeakInternSet; java/lang/invoke/MethodType$ConcurrentWeakInternSet
staticfield java/lang/invoke/MethodType NO_PTYPES [Ljava/lang/Class; 0 [Ljava/lang/Class;
staticfield java/lang/invoke/MethodType objectOnlyTypes [Ljava/lang/invoke/MethodType; 20 [Ljava/lang/invoke/MethodType;
staticfield java/lang/invoke/MethodType METHOD_HANDLE_ARRAY [Ljava/lang/Class; 1 [Ljava/lang/Class;
staticfield java/lang/invoke/MethodType serialPersistentFields [Ljava/io/ObjectStreamField; 0 [Ljava/io/ObjectStreamField;
staticfield java/lang/invoke/MethodType $assertionsDisabled Z 1
ciInstanceKlass java/lang/invoke/TypeDescriptor$OfMethod 1 0 43 100 1 100 1 100 1 1 1 1 1 1 1 1 1 1 1 1 1 1 1 1 1 1 1 1 1 1 1 1 1 1 1 1 1 1 1 1 1 1 100 1 1
instanceKlass java/lang/InstantiationException
instanceKlass java/lang/reflect/InvocationTargetException
instanceKlass java/lang/IllegalAccessException
instanceKlass java/lang/NoSuchFieldException
instanceKlass java/lang/NoSuchMethodException
instanceKlass java/lang/ClassNotFoundException
ciInstanceKlass java/lang/ReflectiveOperationException 1 1 34 10 7 12 1 1 1 10 12 1 10 12 1 10 12 1 100 1 1 1 1 5 0 1 1 1 1 1 1 1 1 1 1 1
instanceKlass java/lang/invoke/DelegatingMethodHandle
instanceKlass java/lang/invoke/BoundMethodHandle
instanceKlass java/lang/invoke/DirectMethodHandle
ciInstanceKlass java/lang/invoke/MethodHandle 1 1 733 100 1 9 7 12 1 1 1 10 7 12 1 1 1 10 7 12 1 1 1 7 1 7 1 10 12 1 1 9 12 1 1 10 12 1 10 12 1 1 10 12 1 1 10 100 12 1 1 1 10 12 1 1 10 12 1 1 11 7 12 1 1 1 10 12 1 1 10 12 1 10 12 1 10 12 1 1 9 12 1 1 9 12 1 1 10 7 12 1 1 1 10 12 1 1 10 12 1 10 12 1 100 1 7 1 10 8 1 10 12 1 1 10 12 1 8 1 10 12 1 1 10 12 1 10 7 12 1 1 1 10 12 1 1 10 12 1 1 10 12 1 1 10 7 12 1 1 1 10 12 1 1 10 12 1 1 10 12 1 10 12 1 1 10 7 12 1 1 10 7 12 1 1 10 12 1 10 12 1 10 12 1 1 10 12 1 1 10 12 1 1 10 12 1 1 10 7 12 1 1 1 10 7 12 1 1 1 10 12 1 1 10 12 1 1 10 12 1 1 8 1 10 7 12 1 1 1 8 1 10 12 1 10 12 1 1 10 12 1 1 10 12 1 8 1 10 12 1 1 8 1 10 12 1 8 1 10 7 12 1 1 1 9 12 1 1 100 1 10 9 7 12 1 1 1 9 7 1 8 1 10 12 1 1 10 12 1 10 12 1 1 10 12 1 10 12 1 1 10 12 1 10 12 1 1 10 12 1 10 12 1 1 10 12 1 1 8 1 10 12 1 1 8 1 10 12 1 10 12 1 1 10 12 1 10 12 1 10 12 1 1 9 100 12 1 1 1 10 12 1 1 11 12 1 10 12 1 10 12 1 1 10 100 12 1 1 100 1 11 12 1 10 100 1 11 12 1 7 1 10 12 1 11 12 1 9 100 12 1 1 1 11 12 1 1 11 100 12 1 1 1 10 12 1 1 9 12 1 11 12 1 9 12 1 9 12 1 9 12 1 11 12 1 1 9 12 1 9 12 1 9 12 1 9 12 1 9 12 1 9 12 1 9 12 1 8 1 10 12 1 10 12 1 8 1 10 12 1 10 12 1 10 12 1 1 10 10 10 7 12 1 1 10 12 1 1 100 1 100 1 8 1 8 1 10 10 12 1 1 10 12 1 10 12 1 7 1 10 100 12 1 1 1 10 9 7 12 1 1 1 10 12 1 1 10 12 1 1 8 1 8 1 10 7 12 1 1 9 12 1 9 12 1 1 9 12 1 1 10 12 1 7 1 10 12 1 10 12 1 1 9 12 1 1 9 12 1 1 10 7 12 1 1 1 11 7 12 1 1 9 12 1 10 12 1 1 9 12 1 10 12 1 8 10 12 1 1 8 1 1 1 1 1 1 1 1 7 1 1 1 1 1 1 1 1 1 1 1 1 1 1 1 1 1 1 1 1 1 1 1 1 1 1 1 1 1 1 100 1 1 1 1 1 1 1 1 1 1 1 1 1 1 1 1 1 1 1 1 1 1 1 1 1 1 1 1 1 1 1 1 1 1 1 1 1 1 1 1 1 1 1 1 1 1 1 1 1 1 1 1 1 1 1 1 1 1 1 1 1 1 1 1 1 1 1 1 1 1 1 1 1 1 1 1 1 1 1 1 1 1 1 1 1 1 100 1 1 100 1 7 1 100 1 1 100 1 1 100 1 1 1 1
staticfield java/lang/invoke/MethodHandle FORM_OFFSET J 20
staticfield java/lang/invoke/MethodHandle UPDATE_OFFSET J 13
staticfield java/lang/invoke/MethodHandle $assertionsDisabled Z 1
ciInstanceKlass java/util/concurrent/ConcurrentHashMap 1 1 1210 7 1 7 1 3 10 12 1 1 3 7 1 10 7 12 1 1 1 7 1 10 7 12 1 1 1 100 1 11 12 1 1 11 12 1 11 12 1 1 9 12 1 1 9 12 1 1 9 12 1 10 7 12 1 1 1 7 1 10 12 1 1 10 12 1 1 10 7 12 1 1 1 4 10 12 1 9 12 1 10 12 1 1 100 1 10 5 0 10 12 1 10 12 1 1 5 0 10 12 1 1 10 12 1 9 12 1 1 10 12 1 1 9 12 1 9 12 1 1 10 12 1 1 9 12 1 10 12 1 1 9 12 1 1 10 12 1 1 100 1 10 100 1 10 12 1 10 12 1 1 10 12 1 1 10 12 1 1 10 12 1 10 12 1 1 10 12 1 1 100 1 10 12 1 1 7 1 100 1 8 1 10 12 1 10 12 1 1 10 12 1 1 11 7 12 1 1 10 12 1 1 11 12 1 1 11 7 12 1 1 1 11 7 12 1 1 1 11 12 1 7 1 11 12 1 11 12 1 10 12 1 1 10 12 1 1 9 12 1 1 10 100 12 1 1 1 9 10 12 1 1 9 12 1 10 12 1 1 5 0 9 12 1 1 7 1 10 12 1 9 12 1 1 7 1 10 12 1 9 12 1 7 1 10 7 1 10 10 12 1 1 8 1 10 12 1 10 12 1 1 11 100 1 10 12 1 10 100 12 1 1 1 8 1 10 100 12 1 1 1 8 1 10 12 1 8 1 10 12 1 10 12 1 1 10 100 12 1 1 10 12 1 10 12 1 10 12 1 9 12 1 9 10 12 1 9 12 1 1 11 100 12 1 1 1 11 7 12 1 1 1 100 1 10 12 11 100 12 1 1 10 11 7 12 1 10 12 1 100 1 10 12 1 100 1 10 10 9 7 12 1 1 1 10 12 3 10 7 12 1 1 9 12 1 10 12 1 1 9 12 1 1 9 12 1 10 12 1 1 10 100 12 1 1 9 12 1 9 7 12 1 1 10 12 1 1 10 12 1 3 9 12 1 9 12 1 10 12 1 1 7 1 9 3 9 12 1 7 1 10 12 1 9 12 1 10 12 1 9 12 1 10 12 1 9 12 1 10 100 12 1 1 1 100 10 12 1 7 1 5 0 10 100 12 1 1 100 1 10 12 1 1 10 12 1 10 12 1 100 1 10 12 1 10 100 1 100 1 10 10 12 1 10 100 1 10 12 1 10 100 1 10 12 1 10 7 1 10 12 1 1 100 1 10 12 1 10 10 12 1 100 1 10 12 1 10 10 12 1 100 1 10 12 1 10 100 1 10 12 1 10 100 1 10 12 1 10 100 1 10 12 1 10 100 1 10 12 1 10 100 1 10 12 1 10 100 1 10 12 1 10 100 1 10 12 1 10 100 1 10 10 100 1 10 10 100 1 10 10 100 1 10 12 1 10 100 1 10 12 1 10 100 1 10 12 1 10 100 1 10 12 1 10 100 1 10 12 1 10 100 1 10 10 100 1 10 10 100 1 10 10 100 1 10 12 1 10 100 1 10 12 1 10 100 1 10 12 1 10 100 1 10 12 1 10 100 1 10 12 1 10 10 12 1 10 7 12 1 1 1 10 12 1 7 1 7 1 10 12 1 9 12 1 1 9 12 1 1 10 12 1 1 8 10 12 1 1 8 8 8 8 7 10 12 1 1 10 12 1 100 1 8 1 10 7 1 7 1 7 1 1 1 5 0 1 1 3 1 3 1 1 1 1 3 1 3 1 3 1 1 1 1 1 3 1 3 1 3 1 1 1 1 1 1 1 1 1 1 1 1 1 1 1 1 1 1 1 1 1 1 1 1 1 100 1 1 1 1 1 1 1 1 1 1 1 1 1 1 1 1 1 1 1 1 1 1 1 1 1 1 1 1 1 1 1 1 1 1 1 1 1 1 1 1 1 1 1 1 1 1 1 1 1 1 1 1 1 1 1 1 1 1 1 1 1 1 1 1 1 1 1 1 1 1 1 1 1 1 1 1 1 1 1 1 1 1 1 1 100 1 1 1 1 1 1 1 1 1 1 1 7 1 1 1 1 1 1 1 1 1 1 1 1 1 1 1 1 1 1 1 1 1 1 1 1 1 1 1 1 1 1 1 1 1 1 1 1 1 1 1 1 1 1 1 1 1 1 1 1 1 1 1 1 1 1 1 1 1 1 1 1 1 1 1 1 1 1 1 1 1 1 1 1 1 1 1 1 1 1 1 1 1 1 1 1 1 1 1 1 1 1 1 1 1 1 1 1 1 1 1 1 1 1 1 1 1 1 1 1 1 1 1 1 1 1 1 1 1 1 1 1 1 1 1 1 1 1 1 1 1 1 1 1 1 1 1 1 1 1 1 1 1 1 1 1 1 1 1 1 1 1 1 1 1 1 1 1 1 1 1 1 1 1 1 1 1 1 1 1 1 1 1 1 1 1 1 1 1 1 1 1 1 1 1 1 1 1 1 1 1 1 1 1 1 1 1 1 1 1 1 1 1 1 1 1 1 1 1 1 1 1 1 1 1 1 1 1 1 1 1 1 1 1 1 100 1 100 1 100 1 100 1 100 1 100 1 100 1 100 1 100 1 1 1 1 1 1 1 1 1 1 1 1 1 1 1 1 1 1 1 1 1 1 1 1 1 1 1 1 1 1 1 1 1 1 1 1 1 1 1 1 1 1 1 1 1 1 1 1 1 1 1 1 1 1 1 1 1 1
staticfield java/util/concurrent/ConcurrentHashMap NCPU I 16
staticfield java/util/concurrent/ConcurrentHashMap serialPersistentFields [Ljava/io/ObjectStreamField; 3 [Ljava/io/ObjectStreamField;
staticfield java/util/concurrent/ConcurrentHashMap U Ljdk/internal/misc/Unsafe; jdk/internal/misc/Unsafe
staticfield java/util/concurrent/ConcurrentHashMap SIZECTL J 20
staticfield java/util/concurrent/ConcurrentHashMap TRANSFERINDEX J 32
staticfield java/util/concurrent/ConcurrentHashMap BASECOUNT J 24
staticfield java/util/concurrent/ConcurrentHashMap CELLSBUSY J 36
staticfield java/util/concurrent/ConcurrentHashMap CELLVALUE J 144
staticfield java/util/concurrent/ConcurrentHashMap ABASE I 16
staticfield java/util/concurrent/ConcurrentHashMap ASHIFT I 2
ciInstanceKlass java/util/concurrent/ConcurrentMap 1 1 208 11 7 12 1 1 1 10 100 12 1 1 11 12 1 1 11 100 12 1 1 1 11 7 12 1 1 1 11 12 1 1 100 1 11 12 1 11 12 1 100 1 11 100 12 1 1 1 18 12 1 11 12 1 1 11 100 12 1 1 11 12 1 1 11 100 12 1 11 12 1 1 11 12 1 1 7 1 7 1 1 1 1 1 1 1 1 1 1 1 1 1 1 1 1 1 1 1 1 1 1 1 1 1 1 1 1 1 1 1 1 1 1 1 1 1 1 1 1 1 1 1 1 1 1 1 1 1 1 1 1 1 1 1 1 1 1 1 1 16 15 11 12 15 10 100 12 1 1 1 1 1 100 1 100 1 1 1 100 1 8 1 1 12 10 1 1 1 8 1 1 1 8 1 1 8 1 1 1 8 1 1 1 8 1 1 1 8 1 1 1 8 1 1 1 8 1 1 1 8 1 1 1 8 1 1 8 1
instanceKlass com/sun/javafx/scene/KeyboardShortcutsHandler$CopyOnWriteMap
instanceKlass java/util/concurrent/ConcurrentSkipListMap
instanceKlass sun/awt/SoftCache
instanceKlass com/sun/javafx/fxml/builder/JavaFXFontBuilder
instanceKlass com/sun/javafx/fxml/builder/JavaFXImageBuilder
instanceKlass com/sun/javafx/fxml/BeanAdapter
instanceKlass javafx/collections/FXCollections$EmptyObservableMap
instanceKlass java/util/TreeMap
instanceKlass java/util/stream/Collectors$Partition
instanceKlass java/util/IdentityHashMap
instanceKlass java/util/EnumMap
instanceKlass java/util/WeakHashMap
instanceKlass java/util/Collections$EmptyMap
instanceKlass sun/util/PreHashedMap
instanceKlass java/util/HashMap
instanceKlass java/util/ImmutableCollections$AbstractImmutableMap
instanceKlass java/util/concurrent/ConcurrentHashMap
ciInstanceKlass java/util/AbstractMap 1 1 196 10 7 12 1 1 1 10 7 12 1 1 1 11 7 12 1 1 1 10 11 12 1 1 11 7 12 1 1 1 11 12 1 1 7 1 11 12 1 10 12 1 1 11 12 1 100 1 10 11 12 1 11 7 1 10 12 1 1 11 12 1 9 12 1 1 100 1 10 12 1 9 12 1 1 100 1 10 11 11 12 1 1 11 12 1 7 1 100 1 11 12 1 8 1 7 1 10 10 12 1 1 8 1 10 12 1 10 12 1 1 10 12 1 1 1 1 1 1 1 1 1 1 1 1 1 1 1 1 1 1 1 1 1 1 1 1 1 1 1 1 1 1 1 1 1 1 1 1 1 1 1 1 7 1 1 1 1 1 1 1 7 1 1 1 1 1 1 1 1 1 100 1 1 1 1 1 1 1 1 1 100 1 100 1 100 1 100 1 100 1 1 1 1 1 1
ciInstanceKlass jdk/internal/loader/ClassLoaders 1 1 183 10 7 12 1 1 1 10 7 12 1 1 1 10 12 1 1 10 100 12 1 1 1 9 7 12 1 1 1 9 12 1 1 9 12 1 1 7 1 11 100 12 1 1 1 100 1 11 12 1 1 11 12 1 1 10 100 12 1 1 1 10 100 12 1 1 1 100 1 100 1 10 7 12 1 1 1 9 12 1 1 10 12 1 1 7 1 10 12 1 1 10 12 1 7 1 8 1 10 7 12 1 1 1 10 12 1 1 7 1 10 12 1 10 12 1 10 12 1 8 1 10 7 12 1 1 8 1 8 1 10 12 1 7 1 10 12 1 10 12 1 10 12 1 1 1 1 1 1 1 1 1 1 1 1 1 1 1 1 1 1 1 1 7 1 1 1 1 1 1 1 1 1 1 1 1 1 1 1 1 1 1 1
staticfield jdk/internal/loader/ClassLoaders JLA Ljdk/internal/access/JavaLangAccess; java/lang/System$2
staticfield jdk/internal/loader/ClassLoaders BOOT_LOADER Ljdk/internal/loader/ClassLoaders$BootClassLoader; jdk/internal/loader/ClassLoaders$BootClassLoader
staticfield jdk/internal/loader/ClassLoaders PLATFORM_LOADER Ljdk/internal/loader/ClassLoaders$PlatformClassLoader; jdk/internal/loader/ClassLoaders$PlatformClassLoader
staticfield jdk/internal/loader/ClassLoaders APP_LOADER Ljdk/internal/loader/ClassLoaders$AppClassLoader; jdk/internal/loader/ClassLoaders$AppClassLoader
instanceKlass jdk/internal/loader/ClassLoaders$BootClassLoader
instanceKlass jdk/internal/loader/ClassLoaders$PlatformClassLoader
instanceKlass jdk/internal/loader/ClassLoaders$AppClassLoader
ciInstanceKlass jdk/internal/loader/BuiltinClassLoader 1 1 737 9 7 12 1 1 1 10 7 12 1 1 1 10 7 12 1 1 1 9 12 1 1 9 12 1 1 7 1 10 12 1 9 12 1 10 12 1 9 12 1 10 7 12 1 1 1 10 7 12 1 1 1 10 7 12 1 1 1 11 7 12 1 1 1 7 1 7 1 10 10 12 1 1 8 1 10 12 1 10 12 7 1 10 12 1 10 12 1 1 11 7 12 1 1 1 11 7 12 1 1 1 11 12 1 1 7 1 8 1 8 1 10 9 12 1 1 10 7 12 1 1 11 12 1 1 10 12 1 1 10 12 1 1 10 12 1 1 10 7 12 1 1 1 10 12 1 10 7 12 1 1 1 10 12 1 1 11 7 12 1 1 1 10 7 12 1 1 7 1 10 7 12 1 1 1 10 12 1 100 1 8 1 10 12 1 1 10 8 1 10 12 1 1 10 12 1 1 10 12 1 1 11 7 12 1 1 11 12 1 7 1 10 11 12 1 1 11 10 12 1 1 7 1 10 12 1 10 7 12 1 10 12 1 7 1 10 12 1 10 7 12 1 1 1 100 1 10 12 1 1 11 12 1 7 1 100 1 10 12 1 10 12 1 1 100 1 100 1 10 12 1 10 12 1 18 12 1 1 10 12 1 10 12 1 1 18 100 1 10 7 12 1 1 1 7 1 10 10 12 1 1 10 12 1 1 10 12 1 1 10 12 1 9 12 1 1 100 1 10 10 12 1 1 10 12 1 1 10 12 1 10 12 10 12 1 1 10 12 1 1 10 12 1 1 10 12 1 10 12 1 1 18 12 1 7 1 10 12 1 1 10 12 1 10 12 1 1 10 12 1 100 1 10 12 1 7 1 10 12 1 10 7 12 1 1 1 10 12 1 11 12 1 7 1 10 12 1 7 1 100 1 10 12 1 10 12 1 11 12 1 1 10 12 1 1 10 12 1 1 10 12 1 1 10 12 1 1 10 12 1 10 12 1 10 12 1 10 12 1 8 1 10 12 1 1 10 7 12 1 1 10 12 1 100 1 8 1 8 1 10 10 12 1 8 1 8 1 10 7 12 1 1 1 11 7 12 1 1 1 9 7 12 1 1 1 10 7 12 1 1 1 9 12 1 9 12 1 9 12 1 9 12 1 9 12 1 9 12 1 10 7 12 1 1 1 8 1 10 12 1 7 1 10 12 1 1 10 12 1 7 1 10 11 12 1 1 10 12 10 12 1 10 12 1 100 1 10 12 1 10 12 1 10 10 12 1 10 7 12 1 1 8 1 10 7 12 1 1 10 12 1 1 1 1 1 1 1 1 1 1 1 1 1 1 1 1 1 1 1 1 1 1 1 1 1 1 1 1 1 1 1 1 1 1 1 1 1 1 1 1 1 1 1 1 1 1 1 1 1 1 1 1 1 1 1 1 7 1 1 1 1 1 1 1 1 1 1 1 1 1 1 1 1 1 1 7 1 7 1 1 1 1 1 1 1 1 1 1 1 1 1 1 1 1 1 1 1 1 1 1 1 1 1 1 1 1 1 1 1 1 1 1 1 1 1 1 1 1 1 1 1 1 1 1 1 1 1 1 1 100 1 1 16 15 10 12 16 15 10 12 16 15 10 12 16 1 15 10 100 12 1 1 1 1 1 100 1 1 1 1 1 100 1 100 1 1
staticfield jdk/internal/loader/BuiltinClassLoader packageToModule Ljava/util/Map; java/util/concurrent/ConcurrentHashMap
staticfield jdk/internal/loader/BuiltinClassLoader $assertionsDisabled Z 1
ciInstanceKlass jdk/internal/loader/ClassLoaders$AppClassLoader 1 1 119 8 1 10 7 12 1 1 1 10 7 12 1 1 1 10 7 12 1 1 1 10 12 1 1 10 7 12 1 1 1 10 12 1 1 10 12 1 1 7 1 8 1 10 12 10 7 12 1 1 1 10 7 12 1 1 10 12 1 1 10 12 1 1 10 7 12 1 1 1 7 1 10 12 1 1 1 1 1 1 1 1 1 1 1 1 1 1 1 1 1 1 1 1 1 7 1 1 1 1 1 1 1 1 1 1 1 1 1 1 1 1 1 1 1 7 1 1 1
ciInstanceKlass jdk/internal/loader/ClassLoaders$PlatformClassLoader 1 1 42 8 1 10 7 12 1 1 1 10 7 12 1 1 1 7 1 10 12 1 7 1 1 1 1 1 1 1 1 1 1 1 1 1 1 7 1 1 1 100 1 1
ciInstanceKlass java/lang/ArithmeticException 1 1 26 10 100 12 1 1 1 10 12 1 100 1 1 1 1 5 0 1 1 1 1 1 1 1 1 1
ciInstanceKlass java/lang/ArrayStoreException 1 1 26 10 100 12 1 1 1 10 12 1 100 1 1 1 1 5 0 1 1 1 1 1 1 1 1 1
ciInstanceKlass java/lang/ClassCastException 1 1 26 10 100 12 1 1 1 10 12 1 100 1 1 1 1 5 0 1 1 1 1 1 1 1 1 1
ciInstanceKlass java/lang/ClassNotFoundException 1 1 96 7 1 10 7 12 1 1 1 10 12 1 10 12 1 1 10 100 12 1 1 1 8 1 10 100 12 1 1 1 10 7 12 1 1 10 100 12 1 1 1 10 100 12 1 1 1 10 12 1 1 7 1 10 12 1 9 12 1 1 1 1 1 5 0 1 1 1 1 1 1 1 1 1 1 1 1 1 1 1 1 1 1 100 1 1 1 1 1 1 1 1 1 1 1 1
staticfield java/lang/ClassNotFoundException serialPersistentFields [Ljava/io/ObjectStreamField; 1 [Ljava/io/ObjectStreamField;
ciInstanceKlass java/lang/IllegalMonitorStateException 1 1 26 10 100 12 1 1 1 10 12 1 100 1 1 1 1 5 0 1 1 1 1 1 1 1 1 1
ciInstanceKlass java/lang/BootstrapMethodError 0 0 45 10 100 12 1 1 1 10 12 1 10 12 1 10 100 12 1 1 1 10 100 12 1 1 1 1 1 1 5 0 1 1 1 1 1 1 1 1 1 1 1 100 1 1 1
instanceKlass java/lang/ExceptionInInitializerError
instanceKlass java/lang/UnsatisfiedLinkError
instanceKlass java/lang/IncompatibleClassChangeError
instanceKlass java/lang/BootstrapMethodError
instanceKlass java/lang/NoClassDefFoundError
ciInstanceKlass java/lang/LinkageError 1 1 31 10 7 12 1 1 1 10 12 1 10 12 1 100 1 1 1 1 5 0 1 1 1 1 1 1 1 1 1 1 1
ciInstanceKlass java/lang/NullPointerException 1 1 52 10 7 12 1 1 1 10 12 1 9 7 12 1 1 1 10 12 1 1 9 12 1 1 10 12 1 1 10 12 1 1 1 1 5 0 1 1 1 1 1 1 1 1 100 1 100 1 100 1 1 1
ciInstanceKlass java/lang/NoClassDefFoundError 0 0 26 10 100 12 1 1 1 10 12 1 100 1 1 1 1 5 0 1 1 1 1 1 1 1 1 1
ciInstanceKlass java/lang/StackOverflowError 1 1 26 10 100 12 1 1 1 10 12 1 100 1 1 1 1 5 0 1 1 1 1 1 1 1 1 1
ciInstanceKlass java/lang/StackTraceElement 1 1 235 10 7 12 1 1 1 10 7 12 1 1 9 12 1 1 9 12 1 1 9 12 1 9 12 1 8 1 10 100 12 1 1 1 7 1 9 12 1 8 1 9 12 1 9 12 1 9 12 1 1 10 12 1 1 10 12 1 8 1 10 100 12 1 1 1 7 1 10 12 1 10 12 1 1 10 12 1 10 12 1 1 10 12 1 10 12 1 10 10 12 1 8 1 10 12 1 10 12 1 1 10 12 1 1 10 12 1 10 12 1 10 12 1 9 12 1 1 10 7 12 1 1 1 10 12 1 1 7 1 10 12 1 1 10 7 12 1 1 10 7 12 1 1 1 10 7 12 1 1 10 7 12 1 1 10 10 12 1 1 10 12 1 1 10 12 1 1 10 12 1 7 1 1 1 1 1 1 1 3 1 3 1 1 5 0 1 1 1 1 1 1 1 1 1 1 1 1 1 1 1 1 1 1 1 1 1 1 1 1 1 1 1 1 1 7 1 7 1 1 1 1 1 1 1 100 1 1 1 1 1 1 1 1 1
instanceKlass java/util/concurrent/locks/AbstractQueuedSynchronizer
ciInstanceKlass java/util/concurrent/locks/AbstractOwnableSynchronizer 1 1 32 10 7 12 1 1 1 9 7 12 1 1 1 100 1 1 1 1 5 0 1 1 1 1 1 1 1 1 1 1 1 1
ciInstanceKlass jdk/internal/vm/Continuation 0 0 549 9 100 12 1 1 1 9 12 1 9 12 1 100 1 7 1 10 12 1 1 8 1 10 12 1 1 10 12 1 10 12 1 1 10 12 1 9 7 12 1 1 1 11 100 12 1 1 1 10 7 1 9 12 1 1 9 12 1 1 10 8 1 10 12 1 9 12 1 1 10 11 12 1 1 100 1 10 100 12 1 1 1 10 12 1 1 10 12 1 10 12 1 1 11 12 1 1 9 12 1 1 10 12 1 1 18 12 1 1 10 7 12 1 1 1 100 1 10 12 1 11 100 12 1 1 1 10 12 1 9 12 1 10 12 1 1 100 1 8 1 10 12 1 10 12 1 1 9 12 1 1 11 12 1 1 9 12 1 1 8 1 10 11 12 1 1 11 12 1 1 10 12 1 1 10 12 1 1 9 12 1 10 12 1 10 10 12 1 8 1 10 12 1 8 1 8 1 10 7 12 1 1 1 10 7 12 1 1 1 10 12 1 9 12 1 11 12 1 7 1 10 12 1 10 12 1 1 9 12 1 1 7 1 10 12 1 1 9 12 1 1 10 12 1 10 12 1 11 7 12 1 1 10 7 1 10 12 1 8 1 9 12 1 10 12 1 1 9 12 1 1 10 7 12 1 1 8 1 8 1 8 1 8 1 10 12 1 1 10 12 1 10 12 1 10 12 1 10 12 1 1 10 12 1 1 8 1 10 12 1 1 9 12 1 1 10 12 1 1 9 12 1 8 1 10 7 12 1 1 1 10 12 1 8 1 100 1 8 1 10 9 12 1 1 8 1 10 7 12 1 1 10 100 12 1 1 8 1 8 1 10 12 10 100 12 1 1 1 10 7 1 10 7 12 1 1 1 18 11 100 12 1 1 1 18 12 1 11 12 1 1 7 1 10 7 12 1 1 10 12 1 1 8 10 12 1 1 10 100 12 1 1 1 10 100 12 1 1 10 12 1 8 1 10 12 1 7 1 7 1 10 12 1 1 1 1 1 1 1 1 1 1 1 1 1 1 1 1 1 1 1 1 1 1 1 1 1 1 1 1 1 1 1 1 1 1 1 1 1 1 1 1 1 1 1 1 1 1 1 1 1 1 1 1 1 1 1 1 1 1 1 1 1 1 1 1 1 1 1 1 1 1 1 1 1 1 1 100 1 1 16 1 15 10 12 16 15 11 7 12 1 1 1 16 1 16 1 15 10 12 16 15 10 100 12 1 1 1 1 1 1 1 1 100 1 100 1 1
ciInstanceKlass jdk/internal/misc/UnsafeConstants 1 1 34 10 100 12 1 1 1 9 7 12 1 1 1 9 12 1 9 12 1 1 9 12 1 9 12 1 1 1 1 1 1 1 1 1
staticfield jdk/internal/misc/UnsafeConstants ADDRESS_SIZE0 I 8
staticfield jdk/internal/misc/UnsafeConstants PAGE_SIZE I 4096
staticfield jdk/internal/misc/UnsafeConstants BIG_ENDIAN Z 0
staticfield jdk/internal/misc/UnsafeConstants UNALIGNED_ACCESS Z 1
staticfield jdk/internal/misc/UnsafeConstants DATA_CACHE_LINE_FLUSH_SIZE I 0
ciInstanceKlass java/lang/invoke/LambdaForm 1 1 1059 7 1 100 1 10 7 12 1 1 1 9 12 1 1 9 12 1 9 12 1 9 12 1 1 9 12 1 1 9 12 1 1 9 12 1 1 9 12 1 1 9 12 1 10 7 12 1 1 9 12 1 10 12 1 1 100 1 10 10 12 1 1 10 12 1 10 12 1 10 12 1 1 10 12 1 9 12 1 9 12 1 10 12 1 1 10 7 12 1 1 1 10 12 1 1 9 100 12 1 1 1 10 12 1 1 9 7 12 1 1 10 12 1 10 12 1 1 10 12 1 1 10 12 1 1 7 1 10 7 12 1 1 1 10 12 1 1 10 12 1 10 12 1 1 9 12 1 1 9 12 1 9 12 1 1 10 12 1 9 12 1 10 100 12 1 1 1 10 12 1 1 7 1 10 12 1 9 12 1 1 10 7 12 1 1 1 10 12 1 10 12 1 7 1 10 12 1 10 12 1 10 12 1 1 10 12 1 1 10 12 1 10 12 1 10 12 1 10 12 1 1 8 1 10 12 1 10 12 1 10 10 12 1 8 1 8 1 9 12 1 9 12 1 1 10 12 1 1 10 12 1 9 12 1 10 12 1 1 10 7 12 1 1 1 10 12 1 1 10 12 1 10 12 1 10 100 12 1 1 1 9 12 1 10 12 1 8 1 8 1 8 1 8 1 8 1 8 1 8 1 8 1 10 12 1 9 12 1 7 1 10 12 1 1 9 12 1 10 12 1 10 12 1 1 10 12 10 12 1 10 12 1 1 10 12 1 1 10 10 12 1 1 10 12 1 1 7 1 8 1 10 12 1 1 10 12 1 10 12 1 1 10 8 1 10 12 1 1 8 1 8 1 8 1 10 12 1 10 12 1 10 12 1 1 100 1 10 12 1 1 10 12 1 1 10 7 12 1 1 1 10 12 1 1 9 12 1 1 8 1 10 100 12 1 1 1 10 7 12 1 1 10 12 10 12 1 1 10 12 1 1 9 12 1 8 10 12 1 1 100 1 10 12 1 1 10 12 1 9 7 12 1 1 9 7 12 1 1 1 8 1 10 100 12 1 1 10 12 1 1 7 1 7 1 10 10 12 1 1 10 12 1 1 8 1 8 1 7 1 8 1 10 12 10 12 1 10 12 1 10 12 1 1 8 1 8 1 10 12 1 10 12 1 1 8 1 8 1 8 1 7 1 8 1 7 1 8 1 7 1 8 1 10 12 1 8 1 9 10 7 12 1 1 1 10 12 1 9 12 1 1 10 12 1 10 10 12 1 10 12 1 10 12 1 10 12 1 1 10 12 1 10 12 1 1 10 12 1 1 10 12 1 1 10 12 1 1 8 1 100 10 12 1 10 12 1 9 12 1 1 10 7 12 1 1 8 1 8 1 7 1 8 1 8 1 8 1 8 1 8 1 8 1 8 1 8 1 10 12 1 1 10 12 1 1 10 12 1 10 12 1 10 12 1 10 12 1 8 1 8 1 8 1 10 12 1 8 1 10 12 1 8 1 8 1 8 1 8 1 8 1 10 12 1 10 12 1 10 12 1 1 10 7 12 1 1 1 10 12 1 10 12 1 10 12 1 10 12 1 10 12 1 10 12 1 10 12 1 9 12 1 1 8 1 10 12 1 1 9 12 1 1 10 12 1 1 9 12 1 9 12 1 1 9 12 1 9 12 1 1 7 1 10 7 12 1 1 1 9 12 1 10 12 1 10 12 1 8 1 10 12 1 9 12 1 1 7 1 10 7 12 1 1 1 8 1 100 1 10 12 1 9 12 1 9 12 1 10 12 1 10 12 1 10 7 12 1 1 1 10 12 1 9 7 12 1 1 10 12 1 1 10 12 1 10 12 1 10 12 1 9 12 10 12 1 10 10 12 1 9 12 1 9 9 12 1 7 9 12 1 1 10 12 1 1 9 12 1 10 12 1 10 7 1 9 1 1 1 1 3 1 3 1 1 3 1 3 1 1 1 1 1 1 1 1 1 1 1 1 1 1 1 1 1 1 1 1 1 1 1 1 1 1 1 1 1 1 1 1 1 1 1 1 1 1 1 1 1 1 1 1 1 1 1 1 1 1 1 100 1 1 1 1 1 1 1 1 1 1 1 1 1 1 1 1 1 1 1 1 1 1 1 1 1 1 1 1 1 1 1 1 1 1 1 1 1 1 1 1 1 1 1 1 1 1 1 1 1 1 1 1 1 1 1 1 1 1 1 1 1 1 100 1 1 1 1 1 1 1 1 1 1 1 1 1 1 1 1 1 1 1 1 1 1 1 1 1 1 1 1 1 1 1 1 1 1 7 1 1 1 1 1 1 1 1 1 1 1 1 1 1 1 1 1 1 1 1 1 1 100 1 1 1 100 1 1 7 1 1 1 1 1 1 1 1 1 1 1
staticfield java/lang/invoke/LambdaForm DEFAULT_CUSTOMIZED Ljava/lang/invoke/MethodHandle; null
staticfield java/lang/invoke/LambdaForm DEFAULT_KIND Ljava/lang/invoke/LambdaForm$Kind; java/lang/invoke/LambdaForm$Kind
staticfield java/lang/invoke/LambdaForm COMPILE_THRESHOLD I 0
staticfield java/lang/invoke/LambdaForm INTERNED_ARGUMENTS [[Ljava/lang/invoke/LambdaForm$Name; 5 [[Ljava/lang/invoke/LambdaForm$Name;
staticfield java/lang/invoke/LambdaForm IMPL_NAMES Ljava/lang/invoke/MemberName$Factory; java/lang/invoke/MemberName$Factory
staticfield java/lang/invoke/LambdaForm LF_identity [Ljava/lang/invoke/LambdaForm; 6 [Ljava/lang/invoke/LambdaForm;
staticfield java/lang/invoke/LambdaForm LF_zero [Ljava/lang/invoke/LambdaForm; 6 [Ljava/lang/invoke/LambdaForm;
staticfield java/lang/invoke/LambdaForm NF_identity [Ljava/lang/invoke/LambdaForm$NamedFunction; 6 [Ljava/lang/invoke/LambdaForm$NamedFunction;
staticfield java/lang/invoke/LambdaForm NF_zero [Ljava/lang/invoke/LambdaForm$NamedFunction; 6 [Ljava/lang/invoke/LambdaForm$NamedFunction;
staticfield java/lang/invoke/LambdaForm createFormsLock Ljava/lang/Object; java/lang/Object
staticfield java/lang/invoke/LambdaForm DEBUG_NAME_COUNTERS Ljava/util/HashMap; null
staticfield java/lang/invoke/LambdaForm DEBUG_NAMES Ljava/util/HashMap; null
staticfield java/lang/invoke/LambdaForm TRACE_INTERPRETER Z 0
staticfield java/lang/invoke/LambdaForm $assertionsDisabled Z 1
ciInstanceKlass java/lang/invoke/MemberName 1 1 724 7 1 7 1 100 1 9 12 1 1 10 7 12 1 1 1 9 12 1 1 10 12 1 1 10 12 1 1 10 12 1 1 10 12 1 10 12 1 1 10 7 12 1 1 1 10 12 1 9 7 12 1 1 10 12 1 7 1 7 1 10 12 1 8 1 10 12 1 1 10 12 1 10 12 1 1 10 12 1 9 12 1 1 8 1 10 100 12 1 1 1 7 1 10 10 12 1 1 100 1 100 1 10 12 1 9 12 1 1 100 1 8 1 10 12 1 10 12 1 10 12 1 10 12 1 10 12 1 1 10 12 1 10 12 1 10 12 1 1 8 1 8 1 10 12 1 8 1 9 12 1 1 3 10 12 1 10 12 1 10 12 1 10 10 7 12 1 1 1 10 12 1 10 12 1 10 12 1 10 12 1 7 1 8 10 12 1 1 10 12 1 1 8 1 9 7 1 8 9 7 1 10 12 1 1 10 12 1 10 12 1 8 1 10 12 1 1 10 12 1 10 12 1 10 12 1 10 12 1 1 7 1 10 12 1 1 10 12 1 8 1 10 12 1 10 12 1 8 1 10 12 1 1 10 12 1 1 7 1 10 12 1 1 10 12 8 1 8 1 7 1 10 12 1 10 100 12 1 1 1 100 1 10 12 10 12 1 10 12 1 10 12 1 10 12 1 10 10 12 1 10 12 1 10 12 1 3 10 12 1 3 10 12 1 3 3 3 3 3 3 10 12 1 3 9 12 1 10 12 1 1 3 10 12 1 10 10 7 12 1 1 1 10 12 1 1 10 7 12 1 1 10 10 12 1 10 12 1 1 10 12 1 10 10 12 1 1 10 12 1 10 12 1 10 12 1 7 1 10 10 10 12 100 1 10 10 10 12 1 1 10 12 1 1 10 10 12 1 8 10 7 1 10 12 1 10 7 1 10 12 1 10 12 1 10 12 1 10 10 12 1 10 12 1 1 10 12 1 1 10 12 1 10 12 1 10 12 1 100 1 10 12 1 1 100 1 8 1 10 7 1 10 12 1 10 12 10 12 1 1 10 12 1 10 12 1 8 1 8 1 8 1 8 1 10 12 1 10 12 1 10 7 12 1 1 1 8 1 8 1 10 12 1 8 1 10 10 10 12 1 10 12 1 8 1 8 1 10 10 12 1 8 1 10 100 12 1 1 1 8 1 100 1 10 12 1 10 12 1 1 10 12 1 8 1 8 1 8 1 8 1 100 1 10 8 1 8 1 8 1 8 1 10 12 1 100 1 100 1 100 1 10 100 1 10 7 1 10 7 12 1 1 1 9 7 12 1 1 1 7 1 7 1 1 1 1 1 1 1 3 1 3 1 3 1 3 1 3 1 3 1 1 1 1 1 1 1 1 3 1 3 1 1 1 1 1 1 1 1 1 1 1 1 1 1 1 1 1 1 1 1 1 1 1 1 1 1 1 1 1 1 1 1 1 1 1 1 1 1 1 1 1 1 1 1 1 1 1 1 1 1 1 1 1 1 1 1 1 1 1 1 1 1 1 1 1 1 1 1 1 1 1 1 1 1 1 1 1 1 1 1 1 1 1 1 1 1 1 1 1 1 1 1 1 1 1 1 7 1 1 1 1 1 1 1 1 1 1 1 1 1 1 1
staticfield java/lang/invoke/MemberName $assertionsDisabled Z 1
instanceKlass java/lang/invoke/VarHandleBytes$FieldInstanceReadOnly
instanceKlass java/lang/invoke/VarHandleLongs$FieldInstanceReadOnly
instanceKlass java/lang/invoke/VarHandleReferences$FieldStaticReadOnly
instanceKlass java/lang/invoke/VarHandleBooleans$FieldInstanceReadOnly
instanceKlass java/lang/invoke/VarHandleReferences$FieldInstanceReadOnly
instanceKlass java/lang/invoke/VarHandleInts$FieldInstanceReadOnly
instanceKlass java/lang/invoke/VarHandleByteArrayAsDoubles$ByteArrayViewVarHandle
instanceKlass java/lang/invoke/VarHandleByteArrayAsLongs$ByteArrayViewVarHandle
instanceKlass java/lang/invoke/VarHandleByteArrayAsFloats$ByteArrayViewVarHandle
instanceKlass java/lang/invoke/VarHandleByteArrayAsInts$ByteArrayViewVarHandle
instanceKlass java/lang/invoke/VarHandleByteArrayAsChars$ByteArrayViewVarHandle
instanceKlass java/lang/invoke/VarHandleByteArrayAsShorts$ByteArrayViewVarHandle
ciInstanceKlass java/lang/invoke/VarHandle 1 1 473 10 7 12 1 1 1 10 7 12 1 1 9 12 1 1 9 12 1 1 100 1 10 8 1 10 12 1 1 10 7 12 1 1 1 10 12 1 1 10 7 12 1 1 1 9 100 12 1 1 1 10 12 1 1 10 7 12 1 1 1 10 12 1 1 9 12 1 10 12 1 9 12 1 1 10 7 12 1 1 10 12 1 9 100 12 1 1 1 9 12 1 1 10 12 1 1 100 1 7 1 10 8 1 10 12 1 1 10 12 1 8 1 10 12 1 10 12 1 9 12 1 1 9 12 1 10 12 1 10 12 1 1 10 12 1 10 10 100 12 1 1 1 10 12 1 1 10 12 1 1 10 7 12 1 1 1 10 100 12 1 1 1 10 100 12 1 1 1 9 12 1 1 9 10 12 1 10 12 1 10 12 1 1 10 12 1 10 7 12 1 1 1 9 12 1 1 10 12 1 1 9 12 1 10 12 1 10 12 1 10 7 12 1 1 100 1 10 9 7 12 1 1 1 9 12 1 1 10 7 12 1 1 1 10 12 1 10 12 1 10 12 1 10 12 1 10 12 1 10 12 1 1 8 10 12 1 1 7 1 10 12 1 1 7 1 1 1 1 1 1 1 1 1 1 1 1 1 1 1 1 1 1 1 1 1 1 1 1 1 1 1 1 1 1 1 1 1 1 1 1 1 1 1 1 1 1 1 1 1 1 1 1 1 1 1 1 1 1 1 1 1 1 1 1 1 1 1 1 1 1 1 1 100 1 1 1 1 1 1 1 1 100 1 1 1 1 1 1 1 1 1 1 1 1 100 1 100 1 1 100 1 100 1 100 1 100 1 100 1 100 1 100 1 100 1 100 1 100 1 100 1 100 1 100 1 100 1 100 1 100 1 100 1 100 1 100 1 100 1 100 1 100 1 100 1 100 1 100 1 100 1 100 1 100 1 100 1 100 1 100 1 100 1 100 1 100 1 100 1 1 1 1 1 1 100 1 1 1 100 1 1 100 1 100 1 100 1 100 1 100 1 100 1 1 1 1 100 1 100 1 100 1 100 1 100 1 100 1 100 1 100 1
staticfield java/lang/invoke/VarHandle VFORM_OFFSET J 16
staticfield java/lang/invoke/VarHandle $assertionsDisabled Z 1
instanceKlass jdk/internal/reflect/FieldAccessorImpl
instanceKlass jdk/internal/reflect/ConstructorAccessorImpl
instanceKlass jdk/internal/reflect/MethodAccessorImpl
ciInstanceKlass jdk/internal/reflect/MagicAccessorImpl 1 1 16 10 7 12 1 1 1 100 1 1 1 1 1 1 1 1
instanceKlass jdk/internal/reflect/DirectMethodHandleAccessor
ciInstanceKlass jdk/internal/reflect/MethodAccessorImpl 1 1 38 10 7 12 1 1 1 10 100 12 1 1 1 100 1 1 1 1 1 1 1 100 1 100 1 1 1 1 1 1 1 1 1 1 1 1 1 1
ciInstanceKlass jdk/internal/reflect/MethodAccessor 1 0 17 100 1 100 1 1 1 1 100 1 100 1 1 1 1 1 1
instanceKlass jdk/internal/reflect/DirectConstructorHandleAccessor$NativeAccessor
instanceKlass jdk/internal/reflect/DirectConstructorHandleAccessor
instanceKlass jdk/internal/reflect/NativeConstructorAccessorImpl
ciInstanceKlass jdk/internal/reflect/ConstructorAccessorImpl 1 1 27 10 7 12 1 1 1 100 1 100 1 1 1 1 1 1 1 1 1 100 1 100 1 100 1 1 1
ciInstanceKlass jdk/internal/reflect/ConstructorAccessor 1 0 16 100 1 100 1 1 1 1 100 1 100 1 100 1 1 1
ciInstanceKlass jdk/internal/reflect/DelegatingClassLoader 0 0 18 10 100 12 1 1 1 100 1 1 1 1 1 1 1 1 1 1
ciInstanceKlass jdk/internal/reflect/CallerSensitive 0 0 17 100 1 100 1 100 1 1 1 1 1 1 1 1 1 1 1
ciInstanceKlass jdk/internal/reflect/NativeConstructorAccessorImpl 0 0 125 10 7 12 1 1 1 9 7 12 1 1 1 100 1 10 12 1 9 12 1 1 9 12 1 1 10 100 12 1 1 1 10 7 12 1 1 1 10 7 12 1 1 1 9 12 1 9 12 1 1 9 12 1 1 10 7 12 1 1 1 100 1 10 10 12 1 1 10 12 1 10 12 1 1 10 12 1 7 1 10 12 1 1 10 12 1 1 8 10 12 1 1 1 1 1 1 1 1 1 1 1 1 1 1 1 1 1 1 1 1 1 1 100 1 100 1 100 1 1 1 1 1 1 1
ciInstanceKlass jdk/internal/reflect/ConstantPool 1 1 142 10 7 12 1 1 1 9 7 12 1 1 1 10 12 1 1 10 12 1 1 10 12 1 10 12 1 1 10 12 1 1 10 12 1 10 12 1 1 10 12 1 10 12 1 1 10 12 1 10 12 1 10 12 1 10 12 1 1 10 12 1 1 10 12 1 1 10 12 1 1 10 12 1 10 12 1 1 10 100 12 1 1 1 8 11 7 12 1 1 1 10 7 12 1 1 1 1 1 1 1 1 1 1 1 1 1 1 1 1 1 1 1 1 1 1 1 1 1 1 1 1 1 1 1 1 1 1 1 1 1 1 1 1 1 1 1 1 1 1 1 1
ciInstanceKlass jdk/internal/reflect/UnsafeStaticFieldAccessorImpl 0 0 47 10 7 12 1 1 1 9 7 12 1 1 1 10 7 12 1 1 1 9 12 1 1 8 11 100 12 1 1 1 10 100 12 1 1 1 1 1 1 1 1 1 1 1 1 1 1
ciInstanceKlass jdk/internal/reflect/FieldAccessor 1 0 48 100 1 100 1 1 1 1 100 1 1 1 1 1 1 1 1 1 1 1 1 1 1 1 1 1 1 1 100 1 1 1 1 1 1 1 1 1 1 1 1 1 1 1 1 1 1 1
instanceKlass jdk/internal/reflect/MethodHandleFieldAccessorImpl
instanceKlass jdk/internal/reflect/UnsafeFieldAccessorImpl
ciInstanceKlass jdk/internal/reflect/FieldAccessorImpl 1 1 269 10 7 12 1 1 1 9 7 12 1 1 1 10 7 12 1 1 1 10 7 12 1 1 10 7 12 1 1 1 10 12 1 1 7 1 10 10 12 1 1 10 12 1 1 8 1 10 10 12 1 100 1 8 1 10 12 1 8 1 10 12 1 8 1 10 12 1 100 1 10 12 1 1 10 8 1 10 12 1 1 8 1 10 7 12 1 1 8 1 10 7 12 1 1 8 1 10 7 12 1 1 8 1 10 7 12 1 1 8 1 10 7 12 1 1 8 1 10 7 12 1 1 8 1 10 7 12 1 1 8 1 10 7 12 1 1 10 12 1 1 8 1 10 12 1 1 10 100 12 1 1 1 8 1 10 12 1 8 1 8 1 8 1 8 1 10 7 12 1 1 1 8 1 8 1 8 1 10 12 7 1 1 1 1 1 1 1 1 1 1 1 1 1 1 1 1 1 1 1 1 1 1 1 1 1 1 1 1 1 1 1 1 1 1 1 1 1 1 1 1 1 1 1 1 1 1 1 1 1 1 1 1 1 1 1 1 1 1 1 1 1 1 1 1 1 1 1 1 1 1 1 1 1 1 1 1 1 1 1 1 1 1 1 1 1 1 1 1
instanceKlass jdk/internal/reflect/UnsafeStaticFieldAccessorImpl
ciInstanceKlass jdk/internal/reflect/UnsafeFieldAccessorImpl 0 0 62 10 100 12 1 1 1 10 100 12 1 1 1 10 100 12 1 1 1 9 100 12 1 1 10 12 1 9 12 1 1 10 100 12 1 1 1 9 12 1 1 10 12 1 10 12 1 1 1 1 1 1 1 1 1 1 1 1 1 1 1 1
instanceKlass java/lang/invoke/VolatileCallSite
instanceKlass java/lang/invoke/MutableCallSite
instanceKlass java/lang/invoke/ConstantCallSite
ciInstanceKlass java/lang/invoke/CallSite 1 1 307 10 7 12 1 1 1 10 7 12 1 1 1 9 7 12 1 1 1 10 12 1 1 9 12 1 1 10 7 12 1 1 1 10 12 1 7 1 10 12 1 1 10 12 1 1 9 100 12 1 1 1 10 7 12 1 1 10 12 1 1 100 1 7 1 10 10 7 12 1 1 1 10 12 1 1 8 1 10 12 1 10 12 1 1 10 12 1 10 12 1 1 10 12 1 1 10 10 100 12 1 1 10 12 1 1 9 12 1 9 100 12 1 1 1 8 1 10 7 12 1 1 1 10 12 1 1 7 1 10 12 1 1 9 12 1 8 1 100 1 10 12 1 10 12 1 100 1 8 1 10 10 12 1 10 12 1 1 100 1 10 12 1 1 10 12 1 10 12 1 10 12 1 1 10 12 1 1 9 12 1 1 8 10 12 1 1 9 12 1 1 100 1 10 10 12 1 10 7 12 1 1 1 10 12 1 1 10 12 1 1 10 12 1 10 7 12 1 1 1 7 1 8 1 10 10 12 10 12 1 1 7 1 7 1 7 1 8 1 10 12 1 10 7 12 1 1 1 1 1 1 1 1 1 1 1 1 1 1 1 1 1 1 1 1 1 1 1 1 1 1 1 1 1 1 1 1 1 1 1 1 1 1 1 1 1 1 1 1 1 1 1 1 1 1 1 1 1 1 1 7 1 7 1 1 1 1
staticfield java/lang/invoke/CallSite $assertionsDisabled Z 1
ciInstanceKlass java/lang/invoke/ConstantCallSite 1 1 65 10 7 12 1 1 1 9 7 12 1 1 1 9 12 1 1 10 7 12 1 1 1 10 12 1 100 1 10 12 9 12 1 1 100 1 10 10 12 1 1 10 12 1 1 1 1 1 1 1 1 1 1 1 1 1 100 1 1 1 1 1 1 1 1
staticfield java/lang/invoke/ConstantCallSite UNSAFE Ljdk/internal/misc/Unsafe; jdk/internal/misc/Unsafe
instanceKlass java/lang/invoke/DirectMethodHandle$StaticAccessor
instanceKlass java/lang/invoke/DirectMethodHandle$Special
instanceKlass java/lang/invoke/DirectMethodHandle$Interface
instanceKlass java/lang/invoke/DirectMethodHandle$Constructor
instanceKlass java/lang/invoke/DirectMethodHandle$Accessor
ciInstanceKlass java/lang/invoke/DirectMethodHandle 1 1 923 7 1 7 1 100 1 7 1 7 1 10 7 12 1 1 1 10 7 12 1 1 1 7 1 10 12 1 10 12 1 1 10 7 12 1 1 10 12 1 1 10 12 1 10 12 1 7 1 10 12 1 1 10 12 1 1 10 12 1 10 12 1 1 10 7 12 1 1 1 10 12 1 9 12 1 1 100 1 10 9 12 1 1 9 12 1 10 12 1 10 12 1 10 12 1 1 10 12 1 10 12 1 10 12 1 10 7 12 1 1 1 10 12 1 10 12 1 1 8 1 10 12 1 1 7 1 10 12 1 7 1 10 10 12 1 10 12 1 10 12 1 10 7 12 1 1 1 10 12 1 1 7 1 10 12 1 10 12 1 7 1 10 12 1 10 12 1 1 10 12 1 1 10 12 1 8 10 7 12 1 1 1 10 12 1 10 12 1 10 12 1 1 10 12 1 9 7 12 1 1 1 7 1 10 12 1 10 7 12 1 1 1 10 12 1 10 12 1 1 9 12 1 1 7 1 10 8 1 10 12 1 1 10 12 1 1 8 1 10 12 1 10 12 1 10 10 12 1 10 12 1 10 12 1 10 12 1 10 12 1 1 10 12 1 10 12 1 1 10 12 1 10 12 1 1 10 10 7 12 1 1 1 10 12 1 10 12 1 1 10 12 1 10 12 1 1 8 1 9 7 12 1 1 1 8 1 9 12 1 9 12 1 8 1 9 12 1 9 12 1 8 1 9 12 1 9 12 1 8 1 10 12 1 10 12 1 1 9 12 1 1 7 1 10 12 1 1 7 1 10 7 12 1 1 1 10 12 1 1 10 12 1 10 12 1 1 7 1 10 12 1 1 10 12 1 10 12 1 1 7 1 10 12 1 1 10 12 1 10 7 12 1 1 1 10 12 1 10 12 1 1 10 12 1 9 12 1 1 10 7 1 9 12 9 12 1 10 7 12 1 1 1 10 12 1 7 1 7 1 7 1 9 12 1 1 10 7 12 1 1 1 10 12 10 12 1 7 1 10 12 1 10 12 1 1 8 1 9 12 1 9 12 1 10 12 1 1 9 12 1 1 10 7 12 1 1 1 9 12 1 1 9 12 1 1 10 12 1 10 12 1 10 12 1 10 12 1 1 10 12 1 9 12 1 10 12 1 10 12 1 10 12 1 10 12 1 1 10 12 1 1 9 12 1 1 10 12 1 1 9 7 12 1 1 1 9 12 1 9 12 1 9 12 1 9 12 1 9 12 1 9 12 1 9 12 1 9 12 1 9 12 1 9 12 1 9 12 1 9 12 1 9 12 1 9 12 1 9 12 1 9 12 1 9 12 1 9 12 1 9 12 1 9 12 1 9 12 1 9 12 1 9 12 1 9 12 1 9 12 1 9 12 1 9 12 1 9 12 1 9 12 1 9 12 1 9 12 1 9 12 1 9 12 1 9 12 1 9 12 1 9 12 1 8 1 9 12 1 1 9 12 1 1 10 12 1 10 12 1 1 9 7 1 10 12 1 9 12 1 1 10 12 10 12 1 10 12 1 10 12 1 10 12 1 10 8 1 8 1 8 1 8 1 10 12 1 1 9 12 1 1 10 12 1 10 100 12 1 1 1 8 9 12 1 1 10 12 1 1 8 1 8 8 9 12 1 8 1 8 8 8 8 8 1 8 10 12 1 7 1 10 12 1 8 1 8 1 10 12 1 10 12 1 10 12 1 10 12 1 1 7 1 1 1 1 3 1 3 1 3 1 3 1 3 1 3 1 3 1 3 1 3 1 3 1 1 1 1 1 1 1 1 1 1 3 1 3 1 1 1 1 3 1 1 1 1 1 1 1 1 1 1 1 1 1 1 1 1 1 1 1 1 1 1 1 1 1 1 1 1 1 1 1 1 1 1 1 1 1 1 1 1 1 1 1 1 1 1 1 1 1 1 1 1 1 1 1 1 1 100 1 1 1 1 1 1 1 1 1 100 1 1 1 1 1 1 1 1 1 1 1 1 1 1 1 1 1 1 1 1 1 1 1 1 1 1 1 1 1 1 1 1 1 1 1 1 1 1 1 1 1 1 1 1 1 1 1 1 1 1 1 1
staticfield java/lang/invoke/DirectMethodHandle IMPL_NAMES Ljava/lang/invoke/MemberName$Factory; java/lang/invoke/MemberName$Factory
staticfield java/lang/invoke/DirectMethodHandle FT_UNCHECKED_REF I 8
staticfield java/lang/invoke/DirectMethodHandle ACCESSOR_FORMS [Ljava/lang/invoke/LambdaForm; 132 [Ljava/lang/invoke/LambdaForm;
staticfield java/lang/invoke/DirectMethodHandle ALL_WRAPPERS [Lsun/invoke/util/Wrapper; 10 [Lsun/invoke/util/Wrapper;
staticfield java/lang/invoke/DirectMethodHandle NFS [Ljava/lang/invoke/LambdaForm$NamedFunction; 12 [Ljava/lang/invoke/LambdaForm$NamedFunction;
staticfield java/lang/invoke/DirectMethodHandle OBJ_OBJ_TYPE Ljava/lang/invoke/MethodType; java/lang/invoke/MethodType
staticfield java/lang/invoke/DirectMethodHandle LONG_OBJ_TYPE Ljava/lang/invoke/MethodType; java/lang/invoke/MethodType
staticfield java/lang/invoke/DirectMethodHandle $assertionsDisabled Z 1
ciInstanceKlass java/lang/invoke/MutableCallSite 0 0 63 10 100 12 1 1 1 10 12 1 9 100 12 1 1 1 10 12 1 10 12 1 1 9 12 1 1 10 100 12 1 1 1 10 100 12 1 1 1 10 12 1 1 1 1 1 1 1 1 1 1 1 1 1 1 1 1 1 1 100 1 1 1
ciInstanceKlass java/lang/invoke/VolatileCallSite 0 0 37 10 100 12 1 1 1 10 12 1 10 100 12 1 1 1 10 12 1 10 12 1 1 1 1 1 1 1 1 1 1 1 1 1 1 1 1
ciInstanceKlass java/lang/invoke/ResolvedMethodName 1 1 16 10 100 12 1 1 1 100 1 1 1 1 1 1 1 1
ciInstanceKlass java/lang/invoke/MethodHandleNatives 1 1 690 100 1 10 7 12 1 1 1 9 7 12 1 1 1 10 12 1 1 100 1 10 10 12 1 1 10 12 1 10 12 1 8 1 8 1 8 1 8 1 8 1 8 1 8 1 8 1 8 1 8 1 10 12 1 1 7 1 10 7 12 1 1 1 10 7 12 1 1 1 7 1 10 10 12 1 1 8 1 10 12 1 8 1 10 12 1 1 8 1 10 12 1 1 9 7 12 1 1 1 8 1 10 100 12 1 1 1 7 1 10 12 100 1 100 1 8 1 7 1 10 10 12 1 7 1 9 7 12 1 1 10 12 1 1 10 12 1 10 7 12 1 1 1 10 12 1 1 9 12 1 8 1 10 12 1 1 10 12 1 8 1 10 12 1 1 7 1 10 12 1 10 7 12 1 1 1 10 12 1 10 12 1 1 10 12 1 1 8 1 10 12 1 1 8 1 10 12 1 8 1 8 1 8 1 7 1 10 12 1 8 1 10 7 12 1 1 1 10 12 1 1 10 7 12 1 1 10 10 12 1 1 10 12 1 10 100 12 1 1 1 100 1 8 1 10 100 12 1 1 1 7 1 8 1 10 12 1 8 1 8 1 8 1 8 1 8 1 10 12 1 1 10 12 1 1 10 12 1 10 12 1 1 10 12 1 1 7 1 10 12 1 7 1 7 1 10 12 1 10 12 1 8 1 8 1 10 10 12 1 1 10 12 1 1 8 1 10 7 12 1 1 8 1 8 1 10 12 1 1 10 7 12 1 1 1 100 1 10 12 1 1 7 1 9 12 1 1 10 7 12 1 1 1 10 10 12 1 9 12 1 10 12 1 9 12 1 9 12 1 10 12 1 1 10 12 1 10 12 1 1 7 1 7 1 10 12 1 1 10 12 1 10 12 1 1 10 7 12 1 1 1 10 12 1 8 1 10 12 1 10 12 1 10 12 1 1 10 12 1 10 7 12 1 1 1 10 12 1 1 100 1 8 1 10 9 7 12 1 1 1 10 12 1 1 10 12 1 1 7 1 10 12 1 1 10 12 1 1 100 1 100 1 10 10 100 1 100 1 10 100 1 10 10 12 1 1 10 7 1 10 12 1 10 12 1 1 10 12 1 1 10 12 1 1 10 12 1 10 12 1 1 10 8 1 10 12 1 10 12 1 10 12 1 10 12 1 10 12 1 1 10 12 1 10 12 1 10 12 1 10 10 7 12 1 1 10 12 1 1 1 1 1 1 1 1 1 1 1 1 1 7 1 1 1 1 1 1 1 1 1 1 1 1 1 1 1 1 1 1 1 1 1 1 1 1 1 1 1 1 1 1 1 1 1 1 1 1 1 1 1 1 1 1 1 1 1 1 1 1 1 1 1 1 1 1 1 1 1 1 1 1 1 1 1 1 1 100 1 1 1 1 1 1 1 1 1 1 1 1 1 1 1 1 1 1 1 1 1 1 1 1 1 1 1 1 1 1 1 1 1 100 1 1 1 1 1 1 1 1 1 1 1 1 1 1 1 1 1 1 1 1 1 1 1 1 1 1 7 1 1 1 1 1 1 1 100 1 1 1
staticfield java/lang/invoke/MethodHandleNatives $assertionsDisabled Z 1
ciInstanceKlass java/lang/invoke/MethodHandleNatives$CallSiteContext 1 1 49 10 7 12 1 1 1 7 1 10 10 7 12 1 1 1 10 7 12 1 1 1 10 7 12 1 1 1 100 1 1 1 1 1 1 1 1 1 1 1 1 1 1 1 1 1 100 1 1
ciInstanceKlass jdk/internal/foreign/abi/NativeEntryPoint 0 0 194 10 7 12 1 1 1 9 7 12 1 1 1 9 12 1 1 100 1 8 1 10 12 1 10 12 1 1 100 1 10 100 12 1 1 1 10 12 1 9 12 1 1 18 12 1 1 10 100 12 1 1 1 10 7 12 1 1 1 9 7 12 1 1 1 7 1 10 8 1 10 12 1 1 10 12 1 10 12 1 1 8 1 10 12 1 1 7 1 8 1 10 12 1 10 12 1 1 10 12 1 9 12 1 1 18 12 1 1 10 100 12 1 1 1 10 12 1 1 10 12 1 10 100 12 1 1 1 10 1 1 1 1 1 1 1 1 1 1 1 1 1 1 1 1 1 1 1 1 1 1 1 1 1 1 1 1 1 1 1 1 1 1 1 1 1 16 1 15 10 12 16 1 16 15 10 12 15 10 100 12 1 1 1 1 1 100 1 1 100 1 100 1 1
ciInstanceKlass jdk/internal/foreign/abi/ABIDescriptor 0 0 55 10 100 12 1 1 1 9 100 12 1 1 1 9 12 1 1 9 12 1 9 12 1 9 12 1 1 9 12 1 9 12 1 1 9 12 1 9 12 1 9 12 1 9 12 1 1 1 1 1 1 1 1 1 1
ciInstanceKlass jdk/internal/foreign/abi/VMStorage 0 0 91 10 7 12 1 1 1 9 7 12 1 1 1 9 12 1 1 9 12 1 1 9 12 1 1 7 1 10 8 1 10 12 1 1 10 12 1 10 12 1 1 10 12 1 18 12 1 18 12 1 1 18 12 1 1 1 1 1 1 1 1 1 1 1 1 1 1 1 1 1 1 1 8 1 15 15 15 15 15 10 100 12 1 1 1 1 100 1 100 1 1
ciInstanceKlass jdk/internal/foreign/abi/UpcallLinker$CallRegs 0 0 66 10 7 12 1 1 1 9 7 12 1 1 1 9 12 1 18 12 1 1 18 12 1 1 18 12 1 1 1 1 1 1 1 1 1 1 1 1 1 1 1 1 1 1 100 1 1 1 8 1 15 15 15 10 100 12 1 1 1 1 1 100 1 100 1 1
ciInstanceKlass java/lang/StackWalker 1 1 271 9 7 12 1 1 1 7 1 10 7 12 1 1 1 10 12 1 1 10 7 12 1 1 1 10 12 1 1 10 12 1 11 7 12 1 1 1 10 12 1 1 10 12 1 1 10 12 1 1 100 1 8 1 10 12 1 10 12 1 10 12 1 10 7 12 1 1 9 12 1 1 9 12 1 1 9 12 1 1 9 12 1 1 10 12 1 1 9 12 1 1 9 12 1 1 9 12 1 1 10 7 12 1 1 1 11 12 1 1 100 1 8 1 10 10 7 12 1 1 9 12 1 1 10 12 1 1 10 7 12 1 1 1 10 7 12 1 1 1 18 12 1 1 100 1 8 1 10 8 1 10 12 1 1 10 7 12 1 1 1 10 12 1 1 9 7 12 1 1 11 100 12 1 1 1 10 12 1 1 1 1 1 1 1 1 1 1 1 1 1 1 1 1 1 1 1 1 1 1 1 1 1 1 1 1 1 1 1 1 1 1 1 1 1 1 1 1 1 1 1 1 1 1 1 1 1 1 1 1 1 1 1 1 1 1 1 1 1 1 1 1 1 1 7 1 1 16 15 10 12 16 1 15 10 100 12 1 1 1 1 1 1 1 1 1 100 1 100 1 1
staticfield java/lang/StackWalker DEFAULT_EMPTY_OPTION Ljava/util/EnumSet; java/util/RegularEnumSet
staticfield java/lang/StackWalker DEFAULT_WALKER Ljava/lang/StackWalker; java/lang/StackWalker
ciInstanceKlass java/lang/StackWalker$StackFrame 1 1 41 100 1 10 12 1 1 100 1 100 1 1 1 1 1 1 1 1 1 1 1 1 1 1 1 1 1 1 1 1 1 1 1 1 1 1 1 100 1 1 1
instanceKlass java/lang/LiveStackFrameInfo
ciInstanceKlass java/lang/StackFrameInfo 1 1 142 10 7 12 1 1 1 9 7 12 1 1 1 9 7 1 9 12 1 1 11 7 12 1 1 1 9 12 1 1 11 12 1 1 10 12 1 1 10 7 12 1 1 1 10 12 1 11 12 1 11 12 1 1 11 12 1 10 12 1 1 9 12 1 1 10 12 1 1 10 7 12 1 1 10 12 1 1 11 12 1 1 9 12 1 1 10 7 1 10 12 1 9 12 1 1 10 12 1 1 100 1 8 1 10 12 1 10 7 12 1 1 1 7 1 1 1 1 1 1 1 1 1 1 1 1 1 1 1 1 1 1 7 1 1 7 1 1 1 1 1 1
staticfield java/lang/StackFrameInfo JLIA Ljdk/internal/access/JavaLangInvokeAccess; java/lang/invoke/MethodHandleImpl$1
ciInstanceKlass java/lang/LiveStackFrameInfo 0 0 97 10 7 12 1 1 1 9 7 12 1 1 1 9 12 1 9 12 1 9 12 1 9 12 1 1 7 1 10 12 1 1 10 12 1 8 1 10 12 1 1 8 1 8 1 8 1 10 100 1 10 12 1 100 1 10 12 1 7 1 7 1 1 1 3 1 3 1 1 1 1 1 1 1 1 1 1 1 1 1 1 1 1 1 1 1 1 1 1 1 1 1 1 1 100 1 1
ciInstanceKlass java/lang/LiveStackFrame 0 0 135 100 1 10 100 12 1 1 1 11 7 12 1 1 1 11 12 1 10 7 12 1 1 1 100 1 8 1 10 12 1 1 10 7 12 1 1 1 9 100 12 1 1 1 10 7 12 1 1 1 10 7 12 1 1 1 11 12 1 10 12 1 7 1 7 1 1 1 1 1 1 1 1 1 1 1 1 1 1 1 1 1 1 1 1 1 1 1 1 1 1 1 1 100 1 1 1 1 1 1 1 100 1 8 1 1 12 10 1 1 1 8 1 1 1 8 1 1 1 8 1 1 1 8 1 1 8 1 1 1 8 1 1 8 1
instanceKlass java/lang/StackStreamFactory$StackFrameTraverser
instanceKlass java/lang/StackStreamFactory$CallerClassFinder
ciInstanceKlass java/lang/StackStreamFactory$AbstractStackWalker 1 1 375 7 1 7 1 3 10 7 12 1 1 1 10 7 12 1 1 10 7 12 1 1 1 9 12 1 1 10 12 1 1 9 12 1 1 9 12 1 1 9 12 1 1 9 12 1 10 7 12 1 1 1 10 12 1 1 10 7 12 1 1 9 12 1 1 9 12 1 1 10 12 1 1 9 7 12 1 1 1 10 12 1 1 10 12 1 9 12 1 1 10 7 12 1 1 1 10 12 1 1 9 12 1 1 9 7 12 1 1 1 7 1 10 8 1 10 12 1 1 10 12 1 8 1 10 12 1 1 10 100 12 1 1 1 100 1 8 1 10 12 1 8 1 10 12 10 7 12 1 1 9 12 1 8 1 5 0 8 1 8 1 9 12 1 1 10 12 1 1 18 12 1 1 10 7 12 1 1 1 10 12 1 1 10 12 1 10 12 1 9 12 1 10 12 1 10 12 1 10 12 1 10 12 1 10 12 1 10 12 1 1 8 1 10 12 1 10 12 1 10 12 1 10 12 1 1 8 1 10 12 1 1 10 12 1 1 10 12 1 1 10 12 1 10 12 1 10 7 12 1 1 1 10 12 1 10 12 1 9 12 1 8 1 10 12 1 10 12 1 10 12 1 1 10 12 1 10 12 1 10 12 1 1 10 12 1 10 12 1 10 12 1 10 12 1 10 12 1 10 12 1 1 10 12 1 1 10 12 1 8 1 1 1 1 1 1 1 1 1 1 1 1 1 7 1 1 1 1 1 1 1 7 1 1 1 1 7 1 1 1 1 1 1 1 1 1 1 1 1 1 1 1 1 1 1 1 16 15 15 10 100 12 1 1 1 1 1 1 1 1 100 1 100 1 1
ciInstanceKlass jdk/internal/module/Modules 1 1 504 10 7 12 1 1 1 9 7 12 1 1 1 11 7 12 1 1 1 11 12 1 1 11 12 1 1 11 12 1 1 11 12 1 11 12 1 11 12 1 11 12 1 11 12 1 1 10 7 12 1 1 1 10 100 12 1 1 1 18 12 1 1 10 7 12 1 1 1 7 1 10 7 12 1 1 1 10 100 12 1 1 1 10 100 12 1 1 10 12 1 1 11 12 1 9 12 1 1 11 7 12 1 1 1 10 12 1 1 10 10 12 1 10 9 12 1 1 10 100 12 1 1 10 12 1 1 10 100 12 1 1 100 1 11 100 12 1 1 1 10 100 12 1 1 1 11 100 12 1 1 10 12 1 1 10 100 12 1 1 10 100 12 1 1 1 10 12 1 1 10 12 1 1 11 12 1 1 18 12 1 1 11 100 12 1 1 10 100 12 1 1 1 11 100 12 1 1 1 7 1 11 12 1 1 11 7 12 1 1 1 11 12 1 1 10 12 1 1 10 100 12 1 1 18 12 1 1 11 12 1 1 18 12 1 1 11 12 1 1 10 12 1 18 18 10 12 1 1 9 12 1 1 11 7 12 1 1 1 100 1 10 11 12 1 11 12 1 1 11 12 1 1 10 100 1 10 12 1 1 10 100 12 1 1 10 12 1 1 11 12 10 12 1 1 7 1 10 18 12 1 10 12 1 1 7 1 8 1 10 12 1 10 100 12 1 1 18 12 1 11 11 12 10 12 1 10 10 100 1 18 12 1 10 10 10 7 12 1 1 10 7 12 1 1 1 10 12 1 1 1 1 1 1 1 1 1 1 1 1 1 1 1 1 1 1 1 1 1 1 1 1 1 1 1 1 1 1 1 1 1 100 1 1 1 1 1 1 1 1 1 1 1 1 1 1 1 1 1 1 1 1 1 1 1 1 1 1 1 1 1 1 1 1 1 1 1 7 1 1 1 1 1 1 1 1 1 1 1 1 1 1 1 1 1 1 1 1 1 1 1 16 15 10 12 1 16 16 15 10 12 1 16 1 16 1 15 10 12 1 16 1 16 1 15 10 12 16 1 15 10 16 1 15 10 12 16 1 15 10 12 16 15 10 12 16 15 10 12 15 10 100 12 1 1 1 1 1 1 100 1 100 1 1
staticfield jdk/internal/module/Modules JLA Ljdk/internal/access/JavaLangAccess; java/lang/System$2
staticfield jdk/internal/module/Modules JLMA Ljdk/internal/access/JavaLangModuleAccess; java/lang/module/ModuleDescriptor$1
staticfield jdk/internal/module/Modules $assertionsDisabled Z 1
instanceKlass org/reactfx/collection/QuasiListChangeImpl
ciInstanceKlass java/util/ArrayList 1 1 509 10 7 12 1 1 1 7 1 9 7 12 1 1 1 9 12 1 100 1 7 1 10 8 1 10 12 1 1 10 12 1 10 12 1 1 10 12 1 9 12 1 11 7 12 1 1 1 9 12 1 1 11 12 1 1 7 10 7 12 1 1 1 9 12 1 10 12 1 10 12 1 1 10 7 12 1 1 1 10 7 12 1 1 1 10 12 1 1 10 12 1 1 10 12 1 1 10 12 1 10 12 1 1 100 1 7 1 10 12 1 10 10 7 12 1 1 1 10 7 12 1 1 10 12 1 100 1 10 10 12 10 12 1 1 10 12 1 1 10 12 1 10 12 10 12 1 1 7 1 10 12 1 1 10 12 1 1 10 12 1 100 1 10 11 12 1 1 11 7 12 1 1 1 11 12 1 10 12 1 10 12 1 10 12 1 1 100 1 10 12 1 1 10 10 12 1 1 10 12 1 8 1 8 1 8 1 8 1 10 12 1 1 10 12 1 1 11 12 1 7 1 10 100 12 1 1 10 12 1 10 12 1 1 10 100 12 1 1 10 12 1 10 100 12 1 1 1 11 100 12 1 1 1 10 12 1 100 1 8 1 10 7 1 10 12 1 7 1 10 12 1 10 12 1 1 7 1 10 12 1 10 12 1 1 11 7 12 1 1 7 1 10 12 1 10 12 1 1 11 100 12 1 1 10 12 1 1 10 12 1 1 10 12 1 1 10 12 1 1 11 100 12 1 1 10 12 1 1 7 1 7 1 7 1 1 1 1 5 0 1 3 1 1 1 1 1 1 1 1 1 1 1 1 1 1 1 1 1 1 1 1 1 1 1 1 1 1 1 1 1 1 1 1 1 1 1 1 1 1 1 1 1 1 1 1 1 1 1 1 1 1 1 1 1 1 1 1 1 1 1 1 1 1 1 1 1 1 1 1 1 1 1 1 1 1 1 1 1 1 1 1 1 1 1 1 1 1 1 1 1 1 1 1 1 1 1 1 1 1 1 1 1 1 1 1 100 1 1 1 1 7 1 1 1 1 1 1 1 1 1 1 1 1 1 1 1 1 1 1 1 1 1 1 1 1 1 1 1 1 1 100 1 1 1 1 1 1 1 1 1 1 1 1 1 1 1 1 1 1 100 1 100 1 1 1 1 1 1
staticfield java/util/ArrayList EMPTY_ELEMENTDATA [Ljava/lang/Object; 0 [Ljava/lang/Object;
staticfield java/util/ArrayList DEFAULTCAPACITY_EMPTY_ELEMENTDATA [Ljava/lang/Object; 0 [Ljava/lang/Object;
ciInstanceKlass java/util/RandomAccess 1 0 7 100 1 100 1 1 1
ciMethod java/util/ArrayList size ()I 258 0 129 0 0
ciMethod java/util/ArrayList isEmpty ()Z 512 0 5543 0 96
ciMethod java/util/ArrayList get (I)Ljava/lang/Object; 526 0 30166 0 200
ciMethod java/util/ArrayList elementData (I)Ljava/lang/Object; 526 0 32740 0 144
ciInstanceKlass java/util/Comparator 1 1 288 10 100 12 1 1 1 10 7 12 1 1 1 18 12 1 1 7 1 7 1 11 12 1 1 11 12 1 11 12 1 11 12 1 1 11 12 1 1 11 12 1 1 10 12 1 9 100 12 1 1 1 100 1 10 12 1 1 18 12 1 18 12 18 12 18 12 18 12 10 100 12 1 1 1 10 7 12 1 1 1 8 1 10 12 1 1 8 1 8 1 8 1 8 1 8 1 10 12 1 10 12 1 8 10 7 1 10 12 1 8 10 12 1 8 1 10 12 1 10 12 1 8 1 10 12 1 1 100 1 8 1 7 1 8 1 8 1 100 1 8 1 8 1 100 1 100 1 8 1 10 12 1 11 12 1 1 10 7 12 1 1 11 12 1 1 10 7 12 1 1 11 12 1 1 10 7 12 1 1 11 12 1 7 1 11 12 1 11 12 1 1 1 1 1 1 1 1 1 1 1 1 1 1 1 1 1 1 1 1 1 1 1 1 1 1 1 1 1 1 1 1 1 1 1 1 1 1 1 1 1 1 1 1 1 1 1 1 1 1 1 1 1 1 1 1 1 1 1 1 16 15 11 12 3 3 15 11 12 15 11 12 15 11 12 15 11 12 15 11 12 15 10 7 12 1 1 1 1 100 1 1 1 100 1 100 1 1
instanceKlass com/sun/javafx/scene/KeyboardShortcutsHandler$CopyOnWriteMap$1
instanceKlass org/fxmisc/richtext/util/SubscribeableContentsObsSet
instanceKlass java/util/concurrent/ConcurrentSkipListSet
instanceKlass javax/imageio/spi/PartiallyOrderedSet
instanceKlass java/util/Collections$SingletonSet
instanceKlass java/util/WeakHashMap$EntrySet
instanceKlass java/util/LinkedHashMap$LinkedEntrySet
instanceKlass javafx/collections/FXCollections$UnmodifiableObservableSet
instanceKlass com/sun/javafx/css/BitSet
instanceKlass java/util/TreeMap$KeySet
instanceKlass java/util/TreeSet
instanceKlass javafx/collections/FXCollections$EmptyObservableSet
instanceKlass java/lang/ProcessEnvironment$CheckedEntrySet
instanceKlass java/util/LinkedHashMap$LinkedKeySet
instanceKlass java/util/concurrent/CopyOnWriteArraySet
instanceKlass java/util/TreeMap$EntrySet
instanceKlass java/util/IdentityHashMap$KeySet
instanceKlass java/util/EnumSet
instanceKlass java/util/HashMap$KeySet
instanceKlass java/util/WeakHashMap$KeySet
instanceKlass java/util/Collections$SetFromMap
instanceKlass java/util/HashSet
instanceKlass java/util/ImmutableCollections$MapN$1
instanceKlass java/util/Collections$EmptySet
instanceKlass java/util/HashMap$EntrySet
ciInstanceKlass java/util/AbstractSet 1 1 96 10 7 12 1 1 1 7 1 7 1 11 12 1 1 10 7 1 10 12 1 1 100 1 100 1 10 12 1 1 11 7 12 1 1 1 11 12 1 1 10 7 12 1 1 10 100 12 1 1 1 11 10 12 1 1 11 12 1 11 12 1 1 1 1 1 1 1 1 1 1 1 1 1 1 1 1 100 1 1 1 1 1 1 1 1 1 1 1 1 1 1 1 1 1 1
ciInstanceKlass java/security/PrivilegedAction 1 0 14 100 1 100 1 1 1 1 1 1 1 1 1 1
ciInstanceKlass java/lang/annotation/Annotation 1 0 17 100 1 100 1 1 1 1 1 1 1 1 1 1 1 1 1
instanceKlass java/net/URLPermission
instanceKlass javax/crypto/CryptoPermission
instanceKlass java/io/FilePermission
instanceKlass java/net/SocketPermission
instanceKlass java/security/UnresolvedPermission
instanceKlass java/security/AllPermission
instanceKlass java/security/BasicPermission
ciInstanceKlass java/security/Permission 1 1 96 10 7 12 1 1 1 9 7 12 1 1 1 10 7 12 1 1 1 10 7 12 1 1 1 10 12 1 1 10 7 12 1 1 1 7 1 10 8 1 10 12 1 1 10 12 1 1 10 7 12 1 1 8 1 8 1 10 12 1 7 1 7 1 1 1 1 5 0 1 1 1 1 1 1 1 1 1 1 1 1 1 1 100 1 1 1 1 1 1 1 1 1 1 1 1
ciInstanceKlass java/lang/ThreadLocal$ThreadLocalMap 1 1 143 9 7 12 1 1 1 10 7 12 1 1 1 9 12 1 7 1 9 12 1 1 9 7 12 1 1 10 12 1 10 12 1 1 10 12 1 1 9 12 1 1 10 12 1 1 10 12 1 1 10 12 1 1 10 12 1 1 10 12 1 1 10 12 1 1 10 12 1 1 10 12 1 10 12 1 10 12 1 10 12 1 10 12 1 1 1 3 1 1 1 1 1 1 1 1 1 1 1 1 1 1 1 1 1 1 1 1 1 1 1 1 100 1 1 1 1 1 1 1 1 1 1 1 1 1 1 1 1 1 1 1 1 1 1 1 1 1 1 1 1 1 1
ciMethod java/lang/ThreadLocal$ThreadLocalMap set (Ljava/lang/ThreadLocal;Ljava/lang/Object;)V 4 0 24 0 -1
ciMethod java/lang/ThreadLocal$ThreadLocalMap nextIndex (II)I 66 0 33 0 -1
ciMethod java/lang/ThreadLocal$ThreadLocalMap getEntry (Ljava/lang/ThreadLocal;)Ljava/lang/ThreadLocal$ThreadLocalMap$Entry; 512 0 15441 0 0
ciMethod java/lang/ThreadLocal$ThreadLocalMap getEntryAfterMiss (Ljava/lang/ThreadLocal;ILjava/lang/ThreadLocal$ThreadLocalMap$Entry;)Ljava/lang/ThreadLocal$ThreadLocalMap$Entry; 8 0 13 0 0
ciMethod java/lang/ThreadLocal$ThreadLocalMap expungeStaleEntry (I)I 0 0 1 0 -1
instanceKlass com/sun/javafx/util/TempState$1
instanceKlass com/sun/javafx/logging/jfr/JFRPulseLogger$2
instanceKlass com/sun/javafx/logging/jfr/JFRPulseLogger$1
instanceKlass com/sun/javafx/logging/PrintLogger$1
instanceKlass jdk/internal/math/FloatingDecimal$1
instanceKlass java/util/concurrent/locks/ReentrantReadWriteLock$Sync$ThreadLocalHoldCounter
instanceKlass jdk/internal/misc/CarrierThreadLocal
ciInstanceKlass java/lang/ThreadLocal 1 1 332 9 7 12 1 1 1 3 10 7 12 1 1 1 100 1 10 12 1 1 10 7 12 1 1 10 12 1 9 12 1 1 10 7 12 1 1 1 10 12 1 1 9 12 1 1 100 1 100 1 10 10 12 1 10 12 1 1 10 7 12 1 1 1 9 7 12 1 1 1 10 12 1 10 12 1 1 10 12 1 1 10 12 1 1 10 12 1 1 7 1 10 12 1 1 9 12 1 10 12 1 10 12 10 12 1 1 10 12 1 9 12 1 1 10 12 10 12 1 100 1 10 8 1 10 7 12 1 1 1 10 7 12 1 1 1 10 7 12 1 1 1 7 1 9 100 12 1 1 1 18 12 1 1 10 7 12 1 1 1 7 1 18 12 1 1 10 12 1 1 7 1 7 1 10 12 1 9 7 12 1 1 1 10 100 12 1 1 1 11 12 1 1 11 7 12 1 1 11 12 1 7 1 8 1 11 12 1 1 10 12 1 1 11 100 12 1 1 1 10 100 12 1 1 1 11 12 1 1 10 7 12 1 1 10 12 1 10 1 1 1 1 1 1 1 1 1 1 1 1 1 1 1 1 1 1 1 1 1 1 1 1 1 1 1 1 1 1 1 1 1 1 1 1 1 1 1 1 1 1 1 1 1 1 1 1 1 1 1 1 1 1 1 1 1 1 1 1 1 1 1 1 1 1 1 16 15 10 12 16 16 15 10 12 15 10 100 12 1 1 1 1 1 1 1 1 1 100 1 100 1 1
staticfield java/lang/ThreadLocal TRACE_VTHREAD_LOCALS Z 0
staticfield java/lang/ThreadLocal $assertionsDisabled Z 1
ciMethod java/lang/ThreadLocal get ()Ljava/lang/Object; 0 0 23968 0 320
ciMethod java/lang/ThreadLocal initialValue ()Ljava/lang/Object; 18 0 9 0 -1
ciMethod java/lang/ThreadLocal getMap (Ljava/lang/Thread;)Ljava/lang/ThreadLocal$ThreadLocalMap; 266 0 15481 0 0
ciMethod java/lang/ThreadLocal createMap (Ljava/lang/Thread;Ljava/lang/Object;)V 2 0 8 0 -1
ciMethod java/lang/ThreadLocal get (Ljava/lang/Thread;)Ljava/lang/Object; 260 0 15447 0 0
ciMethod java/lang/ThreadLocal setInitialValue (Ljava/lang/Thread;)Ljava/lang/Object; 12 0 21 0 0
ciMethod java/lang/ThreadLocal dumpStackIfVirtualThread ()V 0 0 1 0 -1
instanceKlass sun/nio/ch/Util$1
instanceKlass sun/nio/fs/NativeBuffers$1
ciInstanceKlass jdk/internal/misc/TerminatingThreadLocal 1 1 86 10 7 12 1 1 1 10 12 1 1 10 7 12 1 1 1 10 12 1 10 12 1 9 12 1 1 10 12 1 1 7 1 11 12 1 1 11 7 12 1 1 1 11 12 1 10 12 1 10 10 12 1 11 12 1 1 11 12 7 1 10 1 1 1 1 1 1 1 1 1 1 1 1 1 1 1 1 1 1 1 1 1 1 1 1
staticfield jdk/internal/misc/TerminatingThreadLocal REGISTRY Ljdk/internal/misc/CarrierThreadLocal; jdk/internal/misc/TerminatingThreadLocal$1
ciMethod jdk/internal/misc/TerminatingThreadLocal register (Ljdk/internal/misc/TerminatingThreadLocal;)V 24 0 12 0 -1
ciInstanceKlass java/util/function/BiFunction 1 1 65 10 100 12 1 1 1 18 12 1 1 11 7 12 1 1 11 100 12 1 7 1 1 1 1 1 1 1 1 1 1 1 1 1 1 1 1 1 1 1 1 1 1 1 1 1 1 1 16 15 11 12 15 10 100 12 1 1 1 1 100 1 100 1 1
instanceKlass java/util/RegularEnumSet
ciInstanceKlass java/util/EnumSet 1 1 243 10 7 12 1 1 1 9 7 12 1 1 1 9 12 1 1 10 12 1 1 7 1 7 1 10 10 12 1 1 8 1 10 12 1 10 12 1 1 10 12 1 7 1 10 12 1 100 1 10 10 12 1 1 10 12 1 10 12 1 1 11 7 12 1 1 1 100 1 8 1 10 11 12 1 1 11 7 12 1 1 1 7 1 10 12 1 1 11 12 1 10 12 1 1 10 12 1 1 10 12 1 10 12 1 1 10 12 1 1 8 1 10 12 1 1 10 7 12 1 100 1 100 1 10 12 1 10 12 1 10 7 12 1 1 8 1 10 7 12 1 1 1 11 7 12 1 1 100 1 10 12 1 100 1 8 1 10 7 1 7 1 1 1 1 5 0 1 1 1 1 1 1 1 1 1 1 1 1 100 1 1 1 1 1 1 1 1 1 1 1 1 1 1 1 1 1 1 1 1 1 1 1 1 1 1 1 1 1 1 1 1 1 1 1 1 1 1 1 1 1 1 1 1 1 1 1 1 1 1 1 1 1 1 1 1 1 1 1 1 1 1 1
ciInstanceKlass java/util/WeakHashMap$Entry 1 1 112 10 7 12 1 1 1 9 7 12 1 1 1 9 12 1 1 9 12 1 1 10 12 1 1 10 7 12 1 1 1 7 1 10 12 1 11 10 7 12 1 1 1 10 12 1 11 10 100 12 1 1 1 7 1 10 12 1 10 12 1 1 8 1 10 12 1 10 12 1 1 1 1 1 1 1 1 1 1 1 1 1 1 1 1 1 1 1 1 1 1 1 1 1 1 1 1 1 1 1 1 1 1 1 1 1 1 1 1 1 7 1
ciInstanceKlass java/lang/ThreadLocal$ThreadLocalMap$Entry 1 1 37 10 7 12 1 1 1 9 7 12 1 1 1 1 1 1 1 1 1 1 1 1 1 1 1 1 1 1 1 1 100 1 1 100 1 1 1
ciInstanceKlass java/util/RegularEnumSet 1 1 158 10 7 12 1 1 1 9 7 12 1 1 1 5 0 10 7 12 1 1 1 9 12 1 1 100 1 10 12 1 10 7 12 1 1 1 10 7 12 1 1 1 9 12 1 1 10 7 12 1 1 10 12 1 1 10 12 1 1 10 12 1 1 10 12 1 7 1 7 1 10 12 1 10 12 1 1 8 1 10 12 1 10 12 1 1 10 12 1 10 12 1 10 12 1 10 12 1 1 10 12 1 1 1 1 5 0 1 1 1 1 1 1 1 1 1 1 1 1 1 1 1 1 1 1 1 1 1 1 1 1 1 1 1 1 1 1 1 1 1 1 1 1 1 1 1 1 1 1 1 1 1 1 1 1 1 1 1
ciMethod java/util/RegularEnumSet contains (Ljava/lang/Object;)Z 512 0 5542 0 216
ciInstanceKlass sun/nio/fs/NativeBuffers$1 1 1 42 100 1 10 7 12 1 1 1 10 7 12 1 1 7 1 10 7 12 1 1 1 1 1 1 1 1 1 1 1 1 1 1 1 1 1 1 1 1 1 1 1
ciMethod jdk/internal/util/Preconditions checkIndex (IILjava/util/function/BiFunction;)I 1024 0 4048 0 -1
ciMethod java/lang/Enum ordinal ()I 280 0 140 0 0
ciMethod java/lang/Math toRadians (D)D 22 0 2337 0 -1
ciMethod java/lang/Thread currentThread ()Ljava/lang/Thread; 0 0 1 0 -1
ciMethod java/util/Iterator next ()Ljava/lang/Object; 0 0 1 0 -1
ciMethod java/util/Iterator hasNext ()Z 0 0 1 0 -1
ciMethod java/util/Set contains (Ljava/lang/Object;)Z 0 0 1 0 -1
ciMethod java/lang/Class getSuperclass ()Ljava/lang/Class; 256 0 128 0 -1
ciMethod java/lang/Boolean valueOf (Z)Ljava/lang/Boolean; 122 0 4692 0 -1
ciMethod java/lang/Boolean booleanValue ()Z 256 0 128 0 -1
ciMethod java/lang/Object getClass ()Ljava/lang/Class; 256 0 128 0 -1
ciMethod java/lang/Object <init> ()V 1024 0 660157 0 136
ciInstanceKlass com/sun/javafx/application/PlatformImpl 1 1 1095 10 7 12 1 1 1 9 7 12 1 1 1 18 12 1 1 10 12 1 1 9 12 1 10 12 1 1 9 12 1 1 10 7 12 1 1 1 100 1 8 1 10 12 1 9 12 1 10 12 1 1 8 1 10 7 12 1 1 1 10 7 12 1 1 1 10 12 1 8 1 10 12 1 1 10 7 12 1 1 1 10 7 12 1 1 10 12 1 10 12 1 1 18 12 1 1 18 12 1 18 10 100 12 1 1 1 10 100 12 1 1 18 12 1 10 7 12 1 1 1 100 1 9 12 1 9 7 12 1 1 1 9 12 1 1 18 10 100 12 1 1 8 1 10 12 1 18 7 1 10 9 12 1 1 10 7 12 1 1 1 10 12 1 1 18 12 1 10 12 9 12 1 10 12 1 18 100 1 10 12 1 1 10 7 12 1 1 1 100 1 10 10 12 1 1 8 1 11 100 12 1 1 10 12 1 11 12 1 1 8 1 8 1 8 1 8 1 8 1 18 10 100 12 1 1 18 12 1 10 12 1 1 10 12 1 1 9 12 1 1 10 100 12 1 1 1 100 1 8 1 10 12 1 18 12 1 1 18 100 1 18 12 1 1 10 12 1 1 100 1 10 12 1 10 12 1 100 1 11 12 1 1 18 8 1 10 10 12 1 10 12 1 1 8 10 12 1 8 1 8 1 10 12 1 1 10 12 1 1 10 12 1 10 100 12 1 1 1 7 1 100 1 100 1 100 1 8 1 10 100 1 10 12 1 9 12 1 1 10 7 12 1 1 10 12 1 100 1 10 10 12 1 10 12 8 1 9 12 1 1 10 7 12 1 1 1 9 12 1 1 9 12 1 10 12 1 10 12 1 1 18 12 1 10 12 1 10 12 1 10 12 1 11 7 12 1 7 1 8 1 10 10 12 1 18 12 1 8 1 9 12 1 10 12 1 9 12 1 10 12 1 1 9 12 1 1 11 7 12 1 1 11 12 1 11 12 1 11 12 1 1 11 100 12 1 1 11 12 1 100 1 11 12 1 11 12 1 10 12 1 18 12 1 9 12 1 10 12 9 12 1 9 12 1 9 12 1 10 12 1 18 10 12 1 9 12 1 18 9 12 1 8 1 18 10 12 10 12 1 10 12 1 9 12 1 1 10 12 1 1 10 12 1 9 7 12 1 1 1 9 12 1 10 12 1 1 9 7 12 1 1 1 9 100 12 1 1 100 1 8 1 10 12 1 9 12 1 9 12 1 10 12 1 18 12 1 9 12 1 10 7 12 1 1 1 10 12 1 10 12 1 10 12 1 18 10 12 8 1 10 12 10 12 1 10 12 1 8 1 8 1 8 1 8 1 8 1 8 1 9 7 12 1 1 1 10 100 12 1 1 10 12 1 18 7 1 10 8 1 10 12 1 1 8 1 11 7 1 9 12 1 10 12 1 8 1 10 100 12 1 1 8 1 10 7 12 1 1 8 1 10 12 1 8 1 9 12 1 8 1 9 12 1 8 1 8 1 8 1 8 1 10 12 1 8 1 8 1 8 1 8 1 8 1 10 12 1 18 12 1 18 12 1 18 9 12 1 10 9 12 1 8 1 10 12 1 1 10 12 1 9 12 1 8 1 9 12 1 8 1 18 9 12 1 8 1 18 9 12 1 9 12 1 8 1 8 1 10 12 1 9 12 1 8 1 8 1 9 12 1 10 9 12 1 9 12 1 9 12 1 9 12 1 8 1 8 1 10 12 1 1 10 12 8 1 10 12 1 10 12 1 1 8 1 10 12 8 1 10 12 1 10 12 1 18 12 1 10 12 1 11 100 12 1 1 1 11 12 1 1 9 100 12 1 1 1 10 12 1 11 12 1 8 1 10 12 1 8 1 10 12 1 1 8 1 10 12 1 8 1 8 1 8 1 10 12 1 8 1 8 1 8 1 8 1 8 1 8 1 8 1 8 1 8 1 9 12 1 9 12 1 8 1 10 12 1 1 10 12 1 8 1 8 1 10 12 10 7 1 10 7 1 10 18 18 7 1 8 1 10 1 1 1 1 1 1 1 1 1 100 1 1 100 1 100 1 1 1 1 1 1 1 1 1 1 1 1 1 1 1 1 1 1 1 1 1 1 1 1 1 1 1 1 1 1 1 1 1 1 1 1 1 1 1 1 1 1 1 1 1 1 1 1 1 1 1 1 1 1 1 15 10 7 12 1 1 1 16 15 10 12 15 10 100 12 1 1 8 1 8 1 8 1 16 15 10 12 16 8 1 15 10 12 15 10 12 15 10 12 16 8 1 8 1 16 15 10 12 16 15 10 12 16 16 15 10 12 16 1 8 1 15 10 12 15 10 12 15 10 12 15 10 12 15 10 12 15 10 12 15 10 12 15 10 12 16 15 10 12 15 10 12 15 10 12 15 10 12 15 10 12 15 10 12 15 10 12 15 10 12 16 15 10 12 1 1 1 1 1 100 1 100 1 1
staticfield com/sun/javafx/application/PlatformImpl runLaterLock Ljava/lang/Object; java/lang/Object
staticfield com/sun/javafx/application/PlatformImpl verbose Z 0
staticfield com/sun/javafx/application/PlatformImpl DEBUG Z 0
staticfield com/sun/javafx/application/PlatformImpl FXCANVAS_PERMISSION Ljavafx/util/FXPermission; javafx/util/FXPermission
staticfield com/sun/javafx/application/PlatformImpl platformExitLatch Ljava/util/concurrent/CountDownLatch; java/util/concurrent/CountDownLatch
ciInstanceKlass javafx/beans/Observable 1 1 66 8 1 10 100 12 1 1 1 18 12 1 1 11 100 12 1 1 1 18 12 1 1 11 12 1 11 100 12 1 1 1 100 1 1 1 1 1 1 1 1 1 1 1 15 10 100 12 1 1 1 16 1 15 11 12 16 15 11 12 1 100 1 100 1 1
ciInstanceKlass javafx/beans/value/ObservableValue 1 1 143 100 1 10 12 1 1 100 1 10 12 1 100 1 10 100 1 10 12 1 8 1 10 100 12 1 1 1 18 12 1 1 11 100 12 1 1 1 18 12 1 1 8 1 18 12 1 11 12 1 1 11 100 12 1 1 1 18 11 12 1 11 100 12 1 1 100 1 100 1 1 1 1 1 1 1 1 1 1 1 1 1 1 1 1 1 1 1 1 1 1 1 1 1 1 1 1 1 1 1 1 15 10 100 12 1 1 1 16 1 15 11 12 16 1 15 11 12 15 11 12 15 11 12 1 100 1 100 1 1 1 100 1 8 1 1 12 10 1 1 1 8 1
ciInstanceKlass javafx/beans/property/ReadOnlyProperty 1 0 37 100 1 100 1 100 1 1 1 1 1 1 1 1 1 1 100 1 8 1 1 12 10 1 1 1 8 1 1 1 8 1 1 8 1 1 8
ciInstanceKlass javafx/beans/value/WritableValue 1 0 15 100 1 100 1 1 1 1 1 1 1 1 1 1 1
ciInstanceKlass javafx/beans/property/Property 1 0 57 100 1 100 1 100 1 100 1 1 1 1 1 1 1 1 1 1 1 1 1 1 1 1 1 100 1 8 1 1 12 10 1 1 1 8 1 1 1 8 1 1 1 8 1 1 8 1 1 8 1 1 8 1 8 1 1
ciInstanceKlass javafx/beans/value/ObservableObjectValue 1 0 36 100 1 100 1 100 1 1 1 1 1 1 1 1 1 100 1 8 1 1 12 10 1 1 1 8 1 1 1 8 1 1 8 1 1 8
ciInstanceKlass javafx/beans/value/WritableBooleanValue 1 1 34 100 1 11 100 12 1 1 1 100 1 100 1 1 1 1 1 1 1 1 1 1 1 1 1 100 1 8 1 1 12 10 1 1
ciInstanceKlass javafx/beans/value/ObservableBooleanValue 1 0 35 100 1 100 1 100 1 1 1 1 1 1 1 1 100 1 8 1 1 12 10 1 1 1 8 1 1 1 8 1 1 8 1 1 8
instanceKlass javafx/beans/property/BooleanPropertyBase
ciInstanceKlass javafx/beans/property/BooleanProperty 1 1 189 10 7 12 1 1 1 10 100 12 1 1 1 8 1 100 1 10 10 100 12 1 1 1 10 7 12 1 1 1 10 7 12 1 1 1 10 100 12 1 1 1 10 12 1 10 12 1 1 10 12 1 1 100 1 8 1 10 12 1 8 1 10 12 1 1 10 12 1 8 1 8 1 10 100 12 1 1 1 8 1 8 1 10 12 1 10 12 1 8 1 10 12 1 8 1 10 100 12 1 1 1 100 1 10 12 1 100 1 10 12 1 10 12 1 1 10 12 1 1 100 1 100 1 1 1 1 1 1 100 1 1 1 1 1 1 1 1 1 1 1 1 1 1 1 100 1 8 1 1 12 10 1 1 1 8 1 1 1 8 1 1 1 8 1 1 1 8 1 1 1 8 1 1 8 1 1 1 8 1 1 1 8 1 1 8 1 1 8
instanceKlass javafx/scene/layout/ColumnConstraints$7
instanceKlass javafx/scene/control/skin/VirtualFlow$4
instanceKlass javafx/stage/PopupWindow$5
instanceKlass javafx/stage/PopupWindow$4
instanceKlass javafx/scene/shape/PathElement$2
instanceKlass javafx/scene/Group$2
instanceKlass javafx/animation/Animation$5
instanceKlass javafx/scene/Node$MiscProperties$4
instanceKlass javafx/scene/Node$MiscProperties$9
instanceKlass javafx/scene/control/Button$2
instanceKlass javafx/scene/control/Button$1
instanceKlass javafx/scene/image/ImageView$9
instanceKlass javafx/scene/image/ImageView$10
instanceKlass javafx/scene/Node$20
instanceKlass javafx/css/StyleableBooleanProperty
instanceKlass javafx/beans/property/BooleanProperty$1
instanceKlass javafx/beans/property/SimpleBooleanProperty
ciInstanceKlass javafx/beans/property/BooleanPropertyBase 1 1 225 10 7 12 1 1 1 9 7 12 1 1 1 9 12 1 1 9 12 1 1 9 12 1 1 9 12 1 10 7 12 1 1 1 10 12 1 1 10 12 1 10 12 1 10 12 1 1 10 12 1 10 12 11 7 12 1 1 1 10 12 1 100 1 10 12 1 1 10 12 1 1 10 100 12 1 1 1 10 100 12 1 1 18 12 1 1 8 1 18 12 1 10 12 1 10 12 1 100 1 8 1 10 7 1 10 12 1 11 12 1 1 10 12 1 7 1 10 12 1 11 12 1 11 12 10 12 1 100 1 8 1 10 8 1 10 12 1 1 10 12 1 8 1 10 100 1 8 1 8 1 8 1 10 10 12 1 8 1 8 1 10 12 1 7 1 10 12 1 1 10 12 1 1 1 1 1 1 1 1 1 1 1 1 1 1 1 1 1 1 1 1 1 15 10 100 12 1 1 8 1 8 1 1 1 1 100 1 100 1 1 1 100 1 8 1 1 12 10 1 1 1 8 1 1
instanceKlass javafx/scene/control/DialogPane$8
instanceKlass org/fxmisc/richtext/GenericStyledArea$1
instanceKlass javafx/scene/control/ComboBoxBase$4
instanceKlass javafx/scene/control/ComboBoxBase$1
instanceKlass javafx/scene/control/TextInputControl$5
instanceKlass javafx/stage/Stage$ResizableProperty
instanceKlass javafx/beans/property/ReadOnlyBooleanWrapper
instanceKlass javafx/stage/Window$2
ciInstanceKlass javafx/beans/property/SimpleBooleanProperty 1 1 47 9 7 12 1 1 1 9 12 1 1 9 12 1 8 1 10 12 1 1 10 12 1 10 7 12 1 1 10 12 1 1 1 1 1 1 1 1 1 1 100 1 100 1 1 1 1
staticfield javafx/beans/property/SimpleBooleanProperty DEFAULT_BEAN Ljava/lang/Object; null
ciInstanceKlass javafx/util/FXPermission 1 1 18 10 7 12 1 1 1 100 1 1 1 1 5 0 1 1 1 1
ciInstanceKlass javafx/beans/value/WritableObjectValue 1 0 17 100 1 100 1 100 1 1 1 1 1 1 1 1 1 1 1
instanceKlass javafx/beans/property/ObjectPropertyBase
ciInstanceKlass javafx/beans/property/ObjectProperty 1 1 130 10 7 12 1 1 1 10 7 12 1 1 1 10 100 12 1 1 1 10 12 1 10 12 1 1 10 12 1 1 100 1 8 1 10 12 1 8 1 10 12 1 1 10 12 1 8 1 8 1 10 100 12 1 1 1 8 1 8 1 10 12 1 8 1 10 12 1 100 1 100 1 1 1 1 1 1 1 1 1 100 1 1 1 1 1 100 1 8 1 1 12 10 1 1 1 8 1 1 1 8 1 1 1 8 1 1 1 8 1 1 1 8 1 1 1 8 1 1 8 1 1 1 8 1 1 8 1 1 8
instanceKlass javafx/scene/layout/ColumnConstraints$5
instanceKlass javafx/scene/layout/ColumnConstraints$6
instanceKlass javafx/scene/control/MultipleSelectionModel$1
instanceKlass javafx/scene/control/ListView$6
instanceKlass javafx/scene/control/ListView$4
instanceKlass javafx/scene/control/ListView$5
instanceKlass javafx/scene/control/ListView$3
instanceKlass javafx/scene/control/ContextMenu$1
instanceKlass javafx/scene/control/PopupControl$1
instanceKlass javafx/stage/PopupWindow$6
instanceKlass javafx/scene/control/MenuItem$2
instanceKlass javafx/scene/control/MenuItem$1
instanceKlass javafx/scene/shape/Path$2
instanceKlass javafx/scene/control/ComboBoxBase$9
instanceKlass javafx/scene/control/ComboBoxBase$8
instanceKlass javafx/scene/control/ComboBoxBase$7
instanceKlass javafx/scene/control/ComboBoxBase$6
instanceKlass javafx/scene/control/ComboBoxBase$5
instanceKlass javafx/scene/shape/SVGPath$2
instanceKlass javafx/scene/control/TextField$2
instanceKlass javafx/scene/control/TextInputControl$4
instanceKlass javafx/scene/text/Text$TextAttribute$8
instanceKlass javafx/scene/Node$NodeTransformation$9
instanceKlass javafx/animation/ScaleTransition$1
instanceKlass javafx/animation/Animation$3
instanceKlass javafx/animation/Animation$6
instanceKlass javafx/scene/Node$MiscProperties$6
instanceKlass javafx/scene/Node$MiscProperties$8
instanceKlass javafx/scene/Node$MiscProperties$5
instanceKlass javafx/beans/property/IntegerProperty$2
instanceKlass javafx/scene/effect/DropShadow$6
instanceKlass javafx/scene/effect/DropShadow$4
instanceKlass javafx/scene/effect/Effect$EffectInputProperty
instanceKlass javafx/scene/control/Label$1
instanceKlass javafx/scene/control/ButtonBase$2
instanceKlass javafx/scene/control/Control$3
instanceKlass javafx/scene/image/ImageView$2
instanceKlass javafx/scene/image/ImageView$11
instanceKlass javafx/scene/transform/Rotate$5
instanceKlass javafx/scene/Scene$50
instanceKlass javafx/scene/Scene$22
instanceKlass javafx/scene/Scene$12
instanceKlass javafx/scene/Scene$34
instanceKlass javafx/scene/Scene$49
instanceKlass javafx/scene/Scene$29
instanceKlass javafx/scene/Scene$32
instanceKlass javafx/scene/Scene$26
instanceKlass javafx/scene/Scene$46
instanceKlass javafx/scene/Scene$44
instanceKlass javafx/scene/Scene$9
instanceKlass javafx/scene/Scene$6
instanceKlass javafx/scene/Scene$7
instanceKlass javafx/scene/Scene$8
instanceKlass javafx/scene/Scene$24
instanceKlass javafx/scene/Scene$21
instanceKlass javafx/scene/Scene$17
instanceKlass javafx/scene/Scene$25
instanceKlass javafx/scene/Scene$13
instanceKlass javafx/scene/Scene$23
instanceKlass javafx/scene/Scene$18
instanceKlass javafx/scene/Scene$20
instanceKlass javafx/scene/Scene$19
instanceKlass javafx/scene/Scene$16
instanceKlass javafx/scene/Scene$15
instanceKlass javafx/scene/Scene$14
instanceKlass javafx/css/StyleableObjectProperty
instanceKlass javafx/scene/Scene$42
instanceKlass javafx/scene/Scene$45
instanceKlass javafx/scene/Scene$43
instanceKlass javafx/scene/Scene$40
instanceKlass javafx/scene/Scene$39
instanceKlass javafx/scene/Scene$36
instanceKlass javafx/scene/Scene$48
instanceKlass javafx/scene/Scene$35
instanceKlass javafx/scene/Scene$37
instanceKlass javafx/scene/Scene$47
instanceKlass javafx/scene/Scene$41
instanceKlass javafx/scene/Scene$30
instanceKlass javafx/scene/Scene$31
instanceKlass javafx/scene/Scene$38
instanceKlass javafx/scene/Scene$28
instanceKlass javafx/scene/Scene$27
instanceKlass javafx/scene/Scene$33
instanceKlass javafx/beans/property/DoubleProperty$2
instanceKlass javafx/beans/property/SimpleObjectProperty
instanceKlass javafx/stage/Window$9
instanceKlass javafx/stage/Window$8
instanceKlass javafx/stage/Window$11
instanceKlass javafx/stage/Window$10
instanceKlass javafx/stage/Window$7
instanceKlass javafx/beans/property/BooleanProperty$2
ciInstanceKlass javafx/beans/property/ObjectPropertyBase 1 1 208 10 7 12 1 1 1 9 7 12 1 1 1 9 12 1 1 9 12 1 1 9 12 1 1 9 12 1 1 10 7 12 1 1 1 10 12 1 1 10 12 1 10 12 1 10 12 1 1 10 12 1 10 12 11 7 12 1 1 1 10 12 1 1 100 1 10 12 1 10 12 1 1 10 100 12 1 1 1 10 100 12 1 1 18 12 1 1 8 1 18 12 1 10 12 1 10 12 1 100 1 8 1 10 11 12 1 1 10 12 1 7 1 10 12 1 11 12 1 11 12 100 1 8 1 10 8 1 10 12 1 1 10 12 1 8 1 10 100 1 8 1 8 1 8 1 10 12 1 8 1 8 1 10 12 1 1 1 1 1 1 1 1 1 1 1 1 1 1 1 1 1 1 1 1 1 1 15 10 100 12 1 1 8 1 8 1 1 1 100 1 100 1 1 1 100 1 8 1 1 12 10 1 1 1 8 1 1
instanceKlass com/sun/javafx/tk/quantum/QuantumToolkit
ciInstanceKlass com/sun/javafx/tk/Toolkit 1 1 847 7 1 8 1 10 7 12 1 1 1 8 1 8 1 9 12 1 1 10 7 12 1 1 1 7 1 9 12 1 1 9 7 12 1 1 1 10 12 1 1 18 12 1 1 10 100 12 1 1 10 7 12 1 1 1 10 12 1 10 12 1 10 12 1 10 12 1 100 1 8 1 10 12 1 1 18 12 10 12 1 9 12 1 1 18 12 1 1 10 7 12 1 1 1 10 12 1 1 8 1 100 1 9 12 1 1 10 12 1 1 10 12 1 1 10 12 1 8 1 10 12 1 10 7 12 1 1 1 10 12 1 1 100 1 10 7 12 1 1 1 10 12 1 10 12 1 1 100 1 18 10 10 12 1 1 7 1 10 7 12 1 1 1 10 12 1 18 100 1 10 12 1 100 1 8 1 10 9 12 1 1 100 1 8 1 10 10 12 1 10 12 1 18 10 12 7 1 10 9 12 1 1 9 12 1 9 12 1 9 12 1 7 1 10 9 12 1 1 9 12 1 1 9 12 1 1 9 12 1 1 8 1 18 12 1 10 12 1 11 7 12 1 1 1 11 12 1 1 11 7 12 1 1 1 11 7 12 1 1 11 12 1 1 7 1 11 12 1 7 1 11 12 1 7 1 10 12 1 1 10 12 1 1 11 12 1 1 11 12 1 1 11 12 1 1 11 12 100 1 10 12 1 11 12 1 11 7 1 100 1 11 12 7 1 18 12 1 11 12 1 11 12 1 11 12 1 1 11 12 1 1 7 1 10 12 1 1 10 7 12 1 1 10 12 1 1 11 100 12 1 1 1 9 12 1 11 12 10 7 12 1 1 1 10 12 1 1 10 12 1 1 10 100 1 10 12 1 1 10 12 1 1 10 12 1 10 12 100 1 10 12 1 1 100 1 10 7 1 10 12 1 1 10 12 1 10 12 1 10 12 1 10 12 1 9 7 12 1 1 1 10 7 12 1 1 9 7 12 1 1 1 9 12 1 9 12 1 9 12 1 9 7 12 1 1 1 9 12 1 9 12 1 1 9 12 1 1 9 12 1 1 11 12 1 1 11 12 1 10 7 12 1 1 8 1 10 7 12 1 1 10 12 1 18 10 12 1 8 1 8 1 8 1 8 1 8 1 8 1 8 1 8 1 8 1 8 1 8 1 8 1 8 1 8 1 8 1 8 1 8 1 8 1 8 1 8 1 8 1 8 1 8 1 8 1 8 1 8 1 8 1 8 1 8 1 8 1 8 1 8 1 8 1 8 1 8 1 8 1 8 1 8 1 8 1 8 1 8 1 8 1 8 1 8 1 8 1 8 1 8 1 7 1 10 7 12 1 1 1 1 1 1 1 1 1 1 1 1 1 100 1 1 1 1 1 1 1 1 1 1 1 1 1 1 1 1 1 1 1 1 1 1 1 1 1 1 1 1 1 1 1 1 1 1 1 1 1 1 1 1 1 1 1 1 1 1 1 1 1 1 1 1 1 1 1 1 1 1 1 1 1 1 1 1 1 1 1 1 1 1 1 1 1 1 1 1 1 1 1 1 1 1 1 1 1 1 1 1 1 1 1 1 1 1 1 1 1 1 1 1 1 1 1 1 1 1 1 1 1 1 1 1 1 1 1 1 1 1 1 1 1 1 1 1 1 1 1 1 1 1 1 1 1 1 1 1 1 1 1 1 1 1 1 1 1 1 1 1 1 1 1 1 1 1 1 1 1 1 1 1 1 1 1 1 1 1 1 1 1 1 1 1 1 100 1 100 1 100 1 100 1 1 15 10 100 12 1 1 8 1 8 1 15 10 7 12 1 1 1 16 15 10 12 8 1 8 1 8 1 15 10 12 16 1 15 10 12 15 10 12 16 1 1 1 100 1 1 1 1 1 1 100 1 100 1 1 100 1 100 1 1 100 1 100 1 1
staticfield com/sun/javafx/tk/Toolkit gradientMap Ljava/util/Map; java/util/WeakHashMap
staticfield com/sun/javafx/tk/Toolkit verbose Z 0
staticfield com/sun/javafx/tk/Toolkit msLibNames [Ljava/lang/String; 47 [Ljava/lang/String;
ciInstanceKlass javafx/animation/Interpolatable 1 0 14 100 1 100 1 1 1 1 1 1 1 1 1 1
ciInstanceKlass com/sun/javafx/PlatformUtil 1 1 399 10 100 12 1 1 1 9 7 12 1 1 1 10 7 12 1 1 1 100 1 9 12 1 1 9 12 1 9 12 1 9 12 1 9 12 1 9 12 1 9 12 1 18 12 1 1 10 7 12 1 1 1 7 1 8 1 10 12 1 1 9 12 1 9 12 1 9 12 1 9 12 1 9 12 1 100 1 10 100 1 10 12 1 10 12 1 1 10 100 12 1 1 100 1 10 12 1 9 12 1 8 1 10 12 1 1 18 12 1 10 12 1 1 10 12 1 1 11 100 12 1 1 1 11 100 12 1 1 1 11 12 1 1 10 12 1 1 10 12 1 1 10 7 1 10 12 1 1 9 12 1 1 18 10 100 12 1 1 1 8 1 10 100 12 1 1 1 10 100 12 1 1 1 8 1 10 12 1 1 10 12 1 10 12 1 10 100 12 1 1 1 100 1 10 12 10 12 1 10 100 1 8 1 8 1 8 1 8 1 10 12 1 18 9 12 1 10 12 1 1 8 1 10 12 1 10 12 1 10 12 1 8 1 9 12 1 18 10 12 1 8 1 18 8 1 8 1 10 7 12 1 1 10 12 1 1 8 1 8 1 8 1 10 12 9 7 12 1 1 1 10 12 1 1 8 1 8 1 9 12 1 8 1 18 10 12 1 18 10 12 1 18 18 18 8 1 8 1 8 1 4 10 12 1 1 4 8 1 8 1 8 1 8 1 8 1 1 1 1 1 1 1 1 1 1 1 1 1 1 1 1 1 1 1 1 1 1 1 1 1 1 1 1 1 1 1 15 10 7 12 1 1 1 16 15 10 12 16 15 10 100 12 1 1 8 1 8 1 15 10 12 16 8 1 8 1 15 10 12 15 10 12 16 15 10 12 15 10 12 15 10 12 1 100 1 100 1 1
staticfield com/sun/javafx/PlatformUtil os Ljava/lang/String; "Windows 11"
staticfield com/sun/javafx/PlatformUtil version Ljava/lang/String; "10.0"
staticfield com/sun/javafx/PlatformUtil embedded Z 0
staticfield com/sun/javafx/PlatformUtil embeddedType Ljava/lang/String; ""
staticfield com/sun/javafx/PlatformUtil useEGL Z 0
staticfield com/sun/javafx/PlatformUtil doEGLCompositing Z 0
staticfield com/sun/javafx/PlatformUtil ANDROID Z 0
staticfield com/sun/javafx/PlatformUtil WINDOWS Z 1
staticfield com/sun/javafx/PlatformUtil WINDOWS_VISTA_OR_LATER Z 1
staticfield com/sun/javafx/PlatformUtil WINDOWS_7_OR_LATER Z 1
staticfield com/sun/javafx/PlatformUtil MAC Z 0
staticfield com/sun/javafx/PlatformUtil LINUX Z 0
staticfield com/sun/javafx/PlatformUtil SOLARIS Z 0
staticfield com/sun/javafx/PlatformUtil IOS Z 0
staticfield com/sun/javafx/PlatformUtil STATIC_BUILD Z 0
ciInstanceKlass com/sun/javafx/tk/quantum/QuantumToolkit 1 1 1866 10 7 12 1 1 1 7 1 10 12 1 9 7 12 1 1 1 7 1 10 12 1 9 12 1 1 9 12 1 9 12 1 9 12 1 1 7 1 10 12 1 9 12 1 1 9 7 12 1 1 1 10 12 1 1 10 12 1 1 9 12 1 9 12 1 9 12 1 1 9 12 1 1 9 12 1 9 12 1 1 9 12 1 1 9 12 1 1 7 1 10 9 12 1 1 7 1 10 10 7 12 1 1 1 9 12 1 1 7 1 10 9 12 1 1 10 7 12 1 1 1 9 12 1 1 10 7 12 1 1 1 9 12 1 1 10 7 12 1 1 1 9 12 1 1 7 1 8 1 10 12 1 18 12 1 1 10 7 12 1 1 1 100 1 10 7 12 1 1 1 10 12 1 1 9 12 1 1 9 12 1 1 18 12 1 10 7 12 1 1 100 1 9 12 1 10 12 1 7 1 10 10 12 1 10 12 1 100 1 10 9 12 1 10 7 12 1 1 1 10 12 1 1 8 1 10 12 1 1 10 12 1 1 10 12 1 1 10 12 1 10 12 1 18 9 12 1 18 9 12 1 10 12 1 1 10 12 1 1 7 1 10 12 1 10 12 1 1 10 12 1 10 12 1 10 12 1 10 12 1 1 10 7 12 1 1 1 10 7 12 1 1 10 7 12 1 1 1 10 12 9 7 1 9 7 12 1 1 1 9 12 1 10 12 1 18 12 1 1 10 100 12 1 1 8 1 10 7 12 1 1 10 12 1 9 7 12 1 1 1 10 7 12 1 1 10 12 1 11 7 12 1 1 1 10 12 1 18 12 1 10 12 1 10 12 1 10 12 1 10 12 1 9 12 1 10 100 12 1 1 1 100 1 10 12 1 1 10 7 12 1 1 11 100 12 1 1 1 9 12 1 10 12 10 12 1 1 10 12 10 10 12 1 10 12 1 9 12 1 10 12 1 1 10 12 1 1 18 12 1 10 12 1 18 10 12 1 5 0 10 12 1 18 18 10 12 1 8 1 8 1 8 1 8 1 8 1 8 1 8 1 8 1 18 12 1 10 12 1 18 12 1 10 12 1 10 12 1 10 12 9 7 12 1 1 10 12 1 10 12 1 10 9 12 1 1 11 7 1 10 12 1 10 12 1 10 12 18 10 12 1 10 12 1 7 1 10 12 1 10 12 1 1 10 12 1 10 12 1 10 12 1 1 10 100 1 10 10 12 1 100 1 8 1 10 12 10 12 1 1 100 1 10 7 12 1 1 1 18 12 1 10 10 12 1 1 10 12 1 1 10 7 12 1 1 10 12 1 10 12 1 18 10 12 1 10 12 1 10 12 1 1 10 12 1 1 11 100 12 1 1 1 11 7 12 1 1 11 12 1 10 12 1 10 12 1 10 12 1 100 1 10 12 1 10 7 1 10 12 1 10 12 1 9 12 1 1 10 12 1 1 11 7 1 10 12 1 1 10 12 1 11 100 12 1 1 10 12 1 1 9 12 1 1 10 10 12 1 1 10 7 12 1 1 1 10 12 1 7 1 10 12 1 10 12 1 10 12 1 100 1 10 12 1 10 12 1 10 12 1 10 12 1 10 12 1 18 12 1 10 12 1 1 10 12 1 10 12 1 10 12 1 1 10 12 1 18 10 100 12 1 1 1 9 100 12 1 1 1 10 12 1 1 9 12 1 1 10 12 1 9 12 1 1 10 7 12 1 1 11 100 12 1 1 7 1 10 7 12 1 1 10 12 1 10 12 1 10 12 1 10 12 1 10 12 1 1 11 7 12 1 1 1 7 1 11 12 1 10 7 1 7 1 10 12 1 1 10 12 1 1 10 12 1 10 12 1 11 12 1 100 1 10 7 12 1 1 1 9 7 12 1 1 1 9 12 1 10 12 1 10 12 1 1 7 1 10 12 1 10 12 1 10 12 1 10 12 1 10 12 1 10 12 1 10 100 12 1 1 10 12 1 10 12 1 10 12 1 10 10 100 1 10 12 1 10 10 12 1 10 100 12 1 1 1 9 12 1 1 100 1 10 12 1 1 11 100 12 1 1 1 7 1 10 12 1 10 12 1 10 12 1 10 12 1 10 11 12 1 1 10 12 1 9 7 12 1 1 1 7 1 9 12 1 9 7 12 1 1 1 9 12 1 9 7 12 1 1 1 9 12 1 9 12 1 1 10 12 1 10 12 1 100 1 10 12 1 1 10 7 12 1 1 10 12 1 1 10 12 1 1 10 100 12 1 1 10 12 1 1 10 100 12 1 1 1 10 12 1 10 12 1 1 10 100 12 1 1 1 100 1 10 10 12 1 1 100 1 10 12 1 100 1 10 10 12 1 10 12 1 10 12 1 1 100 1 9 12 1 9 12 1 10 12 1 100 1 100 1 10 100 1 9 12 1 9 12 1 10 12 1 100 1 9 12 1 9 12 1 10 12 1 100 1 10 18 12 1 10 12 11 12 1 1 100 1 10 100 12 1 1 1 10 100 12 1 1 1 10 12 1 10 7 12 1 1 10 7 12 1 1 10 7 12 1 1 1 10 7 12 1 1 1 9 7 12 1 1 1 7 1 10 10 12 1 10 12 1 10 12 1 10 12 1 10 12 1 10 12 1 1 9 7 12 1 1 1 10 12 1 1 100 1 10 12 1 10 12 1 10 12 1 3 9 12 1 7 1 10 12 1 10 12 1 10 10 12 1 9 12 1 10 9 7 12 1 1 1 10 7 12 1 1 10 12 1 10 12 1 10 12 1 10 12 1 10 12 1 10 12 1 10 12 1 10 12 1 10 12 1 10 12 1 10 12 1 9 12 1 10 10 12 1 1 10 12 1 1 9 100 12 1 1 1 9 12 1 9 12 1 9 12 1 1 100 1 100 1 8 1 10 10 100 12 1 1 1 8 1 10 12 1 1 10 100 12 1 1 1 10 12 1 1 10 12 1 10 12 1 9 12 1 100 1 10 10 12 1 1 10 12 1 1 10 12 1 1 7 1 10 12 1 100 1 10 12 1 100 1 8 1 10 10 12 1 1 10 12 1 1 9 100 12 1 1 1 9 12 1 100 1 100 1 10 12 1 10 12 18 12 1 10 12 1 1 10 12 1 10 12 1 1 10 12 1 1 9 7 12 1 1 1 100 1 9 12 1 10 12 1 11 12 1 1 10 7 12 1 1 1 10 12 1 10 12 1 1 10 12 1 1 7 1 7 1 10 12 1 10 12 1 10 12 1 10 7 12 1 1 1 10 7 12 1 1 10 12 1 10 12 1 10 12 1 10 12 1 1 10 12 1 1 10 7 12 1 1 1 10 12 1 1 10 12 1 11 100 1 10 12 1 10 12 1 10 12 1 8 1 10 7 12 1 1 1 10 12 1 10 12 1 9 12 1 8 1 8 1 8 1 8 1 8 1 10 12 1 10 12 1 10 7 12 1 1 8 1 8 1 8 1 10 12 1 10 12 1 8 1 8 1 10 12 1 1 8 1 8 1 10 12 1 8 1 8 1 8 1 8 1 10 7 12 1 1 18 12 1 18 9 12 1 18 18 18 18 9 12 1 18 9 12 1 18 18 7 1 10 10 1 3 1 1 1 1 1 1 1 1 1 1 100 1 1 1 1 1 1 1 1 1 1 1 1 1 1 1 1 1 1 1 1 1 1 1 1 1 1 1 1 1 1 1 1 1 1 1 1 1 1 1 1 1 1 1 1 1 1 1 1 1 1 1 1 1 1 1 1 1 1 1 1 1 1 1 1 1 1 1 1 1 1 1 1 1 1 1 1 1 1 1 1 1 1 1 1 1 1 1 1 1 1 1 1 1 1 1 1 1 1 1 1 1 1 1 1 100 1 100 1 100 1 100 1 1 1 1 100 1 1 1 1 1 1 1 1 1 1 1 1 1 1 1 1 1 1 1 1 1 1 1 1 1 1 1 1 1 1 1 15 10 7 12 1 1 1 16 15 10 12 16 16 15 10 12 15 10 12 15 10 12 15 10 100 12 1 1 8 1 15 10 12 8 1 8 1 8 1 8 1 8 1 8 1 8 1 8 1 8 1 15 10 12 15 10 12 8 1 16 15 10 12 15 10 12 16 15 10 12 15 10 12 15 10 12 15 10 12 16 15 10 12 15 10 12 15 10 12 15 10 12 1 1 100 1 1 100 1 1 1 1 1 1 1 1 1 1 1 100 1 100 1 100 1 1
staticfield com/sun/javafx/tk/quantum/QuantumToolkit verbose Z 0
staticfield com/sun/javafx/tk/quantum/QuantumToolkit pulseDebug Z 0
staticfield com/sun/javafx/tk/quantum/QuantumToolkit multithreaded Z 1
staticfield com/sun/javafx/tk/quantum/QuantumToolkit liveResize Z 1
staticfield com/sun/javafx/tk/quantum/QuantumToolkit drawInPaint Z 0
staticfield com/sun/javafx/tk/quantum/QuantumToolkit $assertionsDisabled Z 1
instanceKlass com/sun/javafx/geom/transform/Translate2D
instanceKlass com/sun/javafx/geom/transform/Identity
instanceKlass com/sun/javafx/geom/transform/AffineBase
ciInstanceKlass com/sun/javafx/geom/transform/BaseTransform 1 1 242 7 1 10 7 12 1 1 1 100 1 10 100 12 1 1 1 18 12 1 1 10 12 1 10 12 1 1 9 12 1 1 10 12 1 7 1 10 12 1 10 12 1 7 1 10 100 1 10 10 12 1 1 10 12 1 10 12 1 1 10 12 1 10 12 1 10 10 12 1 1 5 0 10 12 1 1 10 100 12 1 1 1 10 12 1 10 12 1 10 12 1 10 12 1 10 12 1 10 12 1 10 12 1 10 12 1 10 12 1 10 12 1 10 12 1 100 1 10 6 0 6 0 10 12 1 1 18 12 1 7 1 10 100 1 1 1 1 3 1 3 1 3 1 3 1 3 1 3 1 3 1 3 1 3 1 3 1 3 1 3 1 3 1 1 1 1 1 1 1 1 1 1 1 1 1 1 1 1 1 1 1 100 1 1 1 1 1 1 1 1 1 1 1 1 1 1 1 1 1 1 1 1 1 1 1 1 1 1 1 1 1 1 1 1 1 1 1 1 1 1 1 100 1 1 15 10 100 12 1 1 8 1 8 1 1 1 100 1 100 1 1
staticfield com/sun/javafx/geom/transform/BaseTransform IDENTITY_TRANSFORM Lcom/sun/javafx/geom/transform/BaseTransform; com/sun/javafx/geom/transform/Identity
ciInstanceKlass com/sun/javafx/geom/transform/CanTransformVec3d 1 0 9 100 1 100 1 1 1 1 1
ciInstanceKlass com/sun/javafx/geom/transform/Identity 1 1 162 10 7 12 1 1 1 9 7 12 1 1 1 10 7 12 1 1 1 10 7 12 1 1 1 7 1 10 12 1 10 12 1 10 7 12 1 1 1 10 100 12 1 1 1 10 100 12 1 1 1 100 1 10 12 1 10 12 1 1 10 12 1 1 10 7 12 1 1 1 10 12 1 100 1 10 10 12 1 1 7 1 10 10 12 1 10 12 10 12 1 1 10 12 1 1 10 12 1 10 12 1 10 12 1 10 12 1 8 1 1 1 1 1 1 1 1 1 1 1 1 1 1 1 1 1 1 1 1 1 1 1 1 1 1 1 1 1 1 1 1 1 1 1 1 1 1 1 1 1 1 1 1 1 1 1 1 1 1 1 1 1
ciInstanceKlass com/sun/javafx/geom/transform/Affine2D 1 1 369 10 7 12 1 1 1 9 7 12 1 1 1 9 12 1 9 12 1 9 12 1 9 12 1 9 12 1 9 12 1 1 7 1 9 12 1 10 12 1 1 10 12 1 9 7 12 1 1 1 10 12 1 1 10 12 1 1 10 12 1 10 12 1 10 12 1 10 100 12 1 1 1 10 12 10 12 1 6 0 10 12 1 10 12 1 10 12 9 7 12 1 1 1 10 12 1 1 10 12 1 1 10 12 1 10 12 1 1 10 12 1 10 12 1 10 12 1 9 100 12 1 1 1 10 100 12 1 1 1 18 12 1 1 10 100 12 1 1 1 10 12 1 18 12 1 10 12 1 10 12 1 18 10 12 1 10 12 10 12 1 10 12 1 10 12 1 10 12 1 10 12 1 10 12 1 10 12 1 10 12 1 1 9 9 10 12 1 10 12 1 7 1 6 0 100 1 18 10 12 10 12 1 8 1 10 9 100 12 1 1 1 9 12 1 10 10 12 1 1 6 0 10 12 1 10 12 1 18 12 1 10 12 1 100 1 10 12 10 12 1 10 12 1 10 12 10 12 1 1 10 12 1 10 12 1 1 10 12 1 10 12 10 12 1 10 12 1 1 10 10 12 1 10 10 12 1 10 10 12 1 9 12 1 1 5 0 10 10 12 1 1 10 10 10 10 10 10 12 1 1 9 12 1 1 1 1 1 1 1 1 1 1 1 1 1 1 1 100 1 1 1 1 1 1 1 1 1 1 1 1 1 1 1 1 1 1 1 1 1 1 1 1 1 1 1 15 10 100 12 1 1 8 1 8 1 8 1 8 1 8 1 1 1 100 1 100 1 1
staticfield com/sun/javafx/geom/transform/Affine2D BASE_HASH J -4039728865751334912
ciInstanceKlass com/sun/javafx/geom/transform/Translate2D 1 1 322 9 7 12 1 1 1 10 12 1 1 10 7 12 1 1 9 12 1 1 9 12 1 10 12 1 1 9 7 12 1 1 1 10 12 1 1 10 12 1 1 10 12 1 10 12 1 1 9 100 12 1 1 1 9 12 1 10 12 1 1 7 1 10 9 12 9 12 9 12 1 10 12 1 1 10 100 12 1 1 1 10 7 12 1 1 1 10 12 1 10 12 1 10 12 1 10 12 1 10 12 1 10 12 1 1 10 12 1 1 10 100 12 1 1 1 10 12 1 1 9 12 1 9 12 9 12 1 10 100 12 1 1 1 9 12 1 10 12 1 10 12 1 100 1 10 12 1 100 1 10 10 12 1 7 1 10 10 12 10 12 1 10 10 12 10 12 1 1 10 12 1 1 10 12 1 10 12 1 10 12 1 1 10 12 1 10 12 1 10 12 1 10 12 1 10 12 1 10 12 1 10 12 1 10 12 1 10 12 1 10 10 12 1 10 12 1 6 0 10 12 1 10 12 1 18 12 1 1 9 12 1 1 5 0 10 10 7 12 1 1 1 10 10 12 1 10 12 1 10 12 1 10 12 1 10 12 1 10 12 1 1 1 1 1 1 1 1 1 1 1 1 1 1 1 1 1 1 1 1 1 1 1 1 1 1 1 1 1 1 1 1 1 1 1 1 1 1 1 1 1 1 1 1 1 1 1 15 10 100 12 1 1 8 1 1 1 100 1 100 1 1
staticfield com/sun/javafx/geom/transform/Translate2D BASE_HASH J 3751498489599623168
instanceKlass com/sun/javafx/geom/BoxBounds
instanceKlass com/sun/javafx/geom/RectBounds
ciInstanceKlass com/sun/javafx/geom/BaseBounds 1 1 82 10 7 12 1 1 1 10 7 12 1 1 1 100 1 10 12 1 7 1 10 12 1 1 1 1 1 1 1 1 1 1 1 1 1 1 1 1 1 1 1 1 1 1 1 1 1 1 1 1 1 1 1 1 1 1 1 1 1 1 1 1 1 1 1 1 1 1 1 1 1 1 1 1 1 1 1 1 100 1 1 1
ciInstanceKlass com/sun/javafx/geom/RectBounds 1 1 265 10 7 12 1 1 1 9 7 12 1 1 1 9 12 1 4 9 12 1 9 12 1 10 12 1 10 12 1 10 12 1 9 7 12 1 1 1 9 12 1 9 12 1 9 12 1 9 7 12 1 1 1 100 1 10 9 12 9 12 100 1 10 9 9 9 12 1 10 12 1 1 10 12 1 9 12 1 100 1 10 12 1 10 12 1 100 1 8 1 10 12 1 10 12 1 1 10 12 1 1 10 12 1 1 10 12 1 10 12 1 10 12 1 10 12 1 10 12 1 10 10 10 12 1 9 100 1 9 10 12 10 10 10 7 12 1 1 1 10 12 1 10 12 10 12 1 1 10 10 10 10 10 12 1 10 12 1 10 12 1 10 10 10 12 1 1 10 12 1 10 12 1 10 12 1 10 12 1 1 10 12 1 10 12 1 10 12 1 10 7 12 1 1 1 10 100 12 1 1 1 18 12 1 1 1 1 1 1 1 1 1 1 1 1 1 1 1 1 1 1 1 1 1 1 1 1 1 1 1 1 1 1 1 1 1 1 1 1 1 1 1 1 1 1 1 1 1 1 1 15 10 100 12 1 1 8 1 1 1 100 1 100 1 1
ciInstanceKlass com/sun/javafx/geom/transform/NoninvertibleTransformException 0 0 13 10 100 12 1 1 1 100 1 1 1 1 1
ciInstanceKlass com/sun/javafx/geom/Vec3d 1 1 96 10 7 12 1 1 1 9 7 12 1 1 1 9 12 1 9 12 1 10 12 1 1 10 12 1 9 100 12 1 1 9 12 9 12 10 7 12 1 1 1 10 12 1 1 5 0 5 0 10 100 12 1 1 1 18 12 1 1 1 1 1 1 1 1 1 1 1 1 1 1 1 1 1 1 1 1 1 1 1 1 1 15 10 100 12 1 1 8 1 1 100 1 100 1 1
ciInstanceKlass javafx/collections/ObservableList 1 1 150 100 1 10 12 1 1 100 1 10 12 1 100 1 10 12 1 11 100 12 1 1 1 100 1 100 1 100 1 1 1 1 1 1 1 1 1 1 1 1 1 1 1 1 1 1 1 1 1 1 1 1 1 1 1 1 1 1 100 1 8 1 1 12 10 1 1 1 8 1 1 8 1 1 1 8 1 1 8 1 1 1 8 1 1 1 8 1 1 8 1 1 1 8 1 1 8 1 1 8 1 1 1 8 1 1 1 8 1 1 8 1 1 1 8 1 1 8 1 1 1 8 1 1 8 1 1 1 8 1 1 8 1 1 8 1 1 1 8 1 1 8 1 1 8 1 1 1 8 1
ciInstanceKlass com/sun/javafx/collections/SortableList 1 1 143 11 100 12 1 1 1 11 100 12 1 1 1 11 12 1 1 100 1 100 1 1 1 1 1 1 1 1 1 1 1 100 1 8 1 1 12 10 1 1 1 8 1 1 1 8 1 1 8 1 1 8 1 1 1 8 1 8 1 1 1 8 1 1 8 1 1 1 8 1 1 8 1 1 1 8 1 1 1 8 1 1 1 8 1 1 8 1 1 1 8 1 1 8 1 1 8 1 8 1 8 1 8 1 1 8 1 1 8 1 1 8 1 1 1 8 1 1 8 1 1 8 1 1 1 8 1 1 8 1 1 1 8 1 1 1 8 1 1 8 1 1 8
instanceKlass com/sun/javafx/scene/control/ReadOnlyUnbackedObservableList
instanceKlass com/sun/javafx/scene/control/SelectedItemsReadOnlyObservableList
instanceKlass javafx/collections/FXCollections$UnmodifiableObservableListImpl
instanceKlass javafx/collections/ModifiableObservableListBase
ciInstanceKlass javafx/collections/ObservableListBase 1 1 137 10 7 12 1 1 1 10 7 12 1 1 1 10 7 12 1 1 1 10 12 1 1 10 12 1 1 10 12 1 1 10 12 10 12 1 1 10 12 1 1 10 12 1 10 12 1 9 12 1 1 10 12 1 9 12 1 1 10 7 12 1 1 1 10 12 1 10 12 1 10 12 10 12 1 1 10 12 1 1 10 7 12 1 1 1 10 12 1 1 10 12 1 100 1 10 10 12 1 10 12 1 10 12 1 100 1 1 1 1 1 1 1 1 1 1 1 1 1 1 1 1 1 1 1 1 1 1 1 1 1 1 100 1 100 1 1
instanceKlass com/sun/javafx/collections/ObservableListWrapper
ciInstanceKlass javafx/collections/ModifiableObservableListBase 1 1 135 10 7 12 1 1 1 11 7 12 1 1 1 10 7 1 10 12 1 10 12 1 10 12 1 1 10 12 1 10 10 12 1 1 100 1 18 12 1 1 10 12 1 10 12 1 10 12 1 1 10 12 1 10 12 1 10 12 1 1 10 12 1 9 12 1 1 10 12 1 1 10 12 1 10 12 1 1 10 12 1 1 10 12 1 10 12 1 7 1 10 12 1 1 10 12 1 1 1 1 1 100 1 1 1 1 1 1 1 1 1 1 1 1 1 1 1 1 1 1 15 10 100 12 1 1 8 1 1 1 100 1 100 1 1
instanceKlass com/sun/javafx/collections/TrackableObservableList
ciInstanceKlass com/sun/javafx/collections/ObservableListWrapper 1 1 202 10 7 12 1 1 1 10 12 1 1 10 12 1 10 7 12 1 1 9 12 1 1 9 12 1 1 100 1 100 1 10 12 1 10 12 1 11 7 12 1 1 1 11 12 1 1 10 12 1 1 10 10 7 12 1 1 1 11 12 1 1 11 12 1 1 10 12 1 11 12 1 11 12 1 1 11 12 1 11 12 1 1 11 12 1 1 10 10 12 1 1 10 12 1 1 11 12 1 9 12 1 1 10 12 1 1 10 11 7 12 1 1 11 7 1 11 10 12 11 10 12 10 10 12 1 1 10 10 12 1 1 10 100 12 1 1 1 100 1 10 12 1 10 12 1 1 9 12 1 1 10 100 1 100 1 1 1 1 1 1 1 1 1 1 100 1 1 1 1 1 1 100 1 1 1 1 1 1 1 1 1 1 1 1 1 1 1 1 1 1 100 1 1 100 1 1 100 1 100 1 1
instanceKlass java/security/AccessControlException
ciInstanceKlass java/lang/SecurityException 0 0 35 10 100 12 1 1 1 10 12 1 10 12 1 10 12 1 100 1 1 1 1 5 0 1 1 1 1 1 1 1 1 1 1 1 1
ciInstanceKlass java/lang/UnsupportedOperationException 0 0 34 10 100 12 1 1 1 10 12 1 10 12 1 10 12 1 100 1 1 1 1 5 0 1 1 1 1 1 1 1 1 1 1 1
ciInstanceKlass java/lang/StackWalker$Option 1 1 60 7 1 9 12 1 1 9 12 1 9 12 1 9 12 1 1 10 7 12 1 1 10 7 12 1 1 1 10 12 1 1 8 10 8 8 10 12 1 1 1 1 1 1 1 1 1 1 1 1 1 1 1 1 1 1 100 1 1 1
staticfield java/lang/StackWalker$Option RETAIN_CLASS_REFERENCE Ljava/lang/StackWalker$Option; java/lang/StackWalker$Option
staticfield java/lang/StackWalker$Option SHOW_REFLECT_FRAMES Ljava/lang/StackWalker$Option; java/lang/StackWalker$Option
staticfield java/lang/StackWalker$Option SHOW_HIDDEN_FRAMES Ljava/lang/StackWalker$Option; java/lang/StackWalker$Option
staticfield java/lang/StackWalker$Option $VALUES [Ljava/lang/StackWalker$Option; 3 [Ljava/lang/StackWalker$Option;
instanceKlass java/util/AbstractList$ListItr
ciInstanceKlass java/util/AbstractList$Itr 1 1 84 9 7 12 1 1 1 10 7 12 1 1 1 9 12 1 1 9 12 1 9 7 12 1 1 9 12 1 10 12 1 1 10 12 1 10 12 1 1 100 1 100 1 10 12 1 100 1 10 10 12 1 100 1 10 100 1 1 1 1 1 1 1 1 1 1 1 1 1 1 1 1 1 1 1 1 1 1 1 1 1 1 1 1
ciInstanceKlass javafx/event/EventTarget 1 1 24 100 1 10 12 1 1 100 1 100 1 1 1 1 1 1 1 1 1 1 1 1 1 1
instanceKlass javafx/scene/Group
instanceKlass javafx/scene/layout/Region
ciInstanceKlass javafx/scene/Parent 1 1 900 10 7 12 1 1 1 7 1 10 7 12 1 1 1 10 12 1 1 11 7 12 1 1 1 9 12 1 1 9 100 12 1 1 1 18 12 1 1 10 100 12 1 1 1 9 7 12 1 1 1 10 12 1 1 9 12 1 10 12 1 1 9 12 1 1 11 7 1 11 12 1 1 7 1 10 10 12 1 1 9 12 1 1 10 12 1 1 9 12 1 1 11 12 1 11 10 12 1 1 11 12 1 9 12 1 10 12 1 9 12 1 10 12 1 1 10 12 1 18 10 12 1 1 10 7 12 1 1 1 18 12 1 18 100 1 8 1 10 12 1 1 11 12 1 1 11 7 12 1 1 11 12 1 1 18 12 1 9 12 1 10 7 12 1 1 11 10 12 1 1 11 12 1 1 18 12 1 1 10 100 12 1 1 1 9 12 1 9 12 1 7 1 10 12 10 12 1 11 12 1 10 12 1 9 12 1 1 11 100 12 1 1 8 1 9 12 1 11 12 1 11 11 12 1 10 7 12 1 1 1 10 12 1 1 10 12 1 1 9 12 1 1 9 7 12 1 1 10 7 12 1 1 10 7 1 9 12 1 10 9 12 1 10 12 1 10 12 1 1 10 12 1 10 12 1 10 12 1 1 10 7 12 1 1 10 12 1 1 10 7 12 1 1 1 10 12 1 1 10 12 1 10 12 1 1 10 12 1 1 10 12 1 10 12 1 1 10 12 1 1 9 12 1 1 10 12 1 1 9 12 1 9 12 1 10 12 1 1 9 12 1 1 100 1 8 10 12 1 9 12 1 10 12 1 10 7 12 1 1 1 10 12 1 10 12 1 1 10 12 1 10 12 1 10 12 1 9 12 1 10 9 12 1 6 0 9 12 1 1 9 12 1 9 12 1 9 12 1 10 12 1 1 10 12 1 10 12 1 10 12 1 10 12 1 1 10 7 12 1 1 10 12 1 10 7 12 1 1 1 10 12 1 10 12 1 10 12 1 10 12 1 1 10 12 1 10 12 1 10 12 1 10 12 1 10 12 1 10 12 1 10 10 10 12 1 6 0 9 12 1 1 9 7 12 1 1 1 10 12 1 10 12 1 10 12 1 10 12 1 10 12 1 10 12 1 9 12 1 10 7 12 1 1 1 11 10 12 9 12 1 1 9 7 12 1 9 12 10 12 1 10 12 1 1 11 12 1 1 7 1 9 12 1 9 10 12 1 1 10 12 10 7 1 10 7 1 7 1 10 12 10 12 1 10 7 12 1 1 1 7 1 10 10 12 1 7 1 10 9 12 1 1 9 12 1 9 7 12 1 1 1 10 12 1 1 10 10 12 1 10 7 12 1 1 1 10 7 12 1 1 9 12 1 10 12 1 9 12 1 1 10 9 12 1 10 12 1 10 12 1 10 12 1 10 12 10 12 1 10 12 1 10 12 1 10 12 1 10 12 1 10 12 1 10 12 1 1 10 12 1 6 0 6 0 10 12 1 10 12 1 1 10 9 12 1 10 10 10 12 1 1 9 12 1 9 12 1 9 12 1 9 12 1 9 12 1 9 12 1 9 12 1 1 10 12 1 1 10 12 1 10 12 1 1 10 12 1 9 12 1 10 12 1 10 12 1 10 12 1 10 100 12 1 1 9 12 1 1 9 100 12 1 1 1 9 12 1 10 12 1 1 100 1 10 12 1 9 12 1 10 100 1 10 12 1 1 10 12 1 1 10 12 1 8 1 10 7 12 1 1 1 9 12 1 7 1 10 10 12 1 1 1 1 3 1 3 1 1 1 1 1 1 1 1 3 1 3 1 3 1 3 1 3 1 3 1 1 1 1 1 1 1 1 1 1 1 1 1 1 100 1 1 1 1 1 1 1 1 1 1 1 1 1 1 1 1 1 1 1 1 1 1 1 1 1 1 1 1 1 1 1 1 1 1 1 1 1 1 1 1 1 15 10 100 12 1 1 8 1 8 1 8 1 8 1 8 1 15 10 100 12 1 1 1 16 1 15 10 12 16 1 100 1 1 100 1 100 1 1
staticfield javafx/scene/Parent warnOnAutoMove Z 0
ciInstanceKlass javafx/css/Styleable 1 1 27 100 1 100 1 1 1 1 1 1 1 1 1 1 1 1 1 1 1 1 1 1 1 1 1 1 1
instanceKlass javafx/scene/canvas/Canvas
instanceKlass javafx/scene/shape/Shape3D
instanceKlass javafx/scene/shape/Shape
instanceKlass javafx/scene/SubScene
instanceKlass javafx/scene/image/ImageView
instanceKlass javafx/scene/Camera
instanceKlass javafx/scene/Parent
ciInstanceKlass javafx/scene/Node 1 1 3315 7 1 10 7 12 1 1 1 10 12 1 1 9 12 1 1 11 7 12 1 1 1 10 12 1 1 10 7 12 1 1 1 10 12 1 1 10 7 12 1 1 11 12 1 11 12 1 11 12 1 11 12 1 9 12 1 1 9 7 12 1 1 1 10 12 1 1 9 12 1 10 7 12 1 1 10 12 1 10 12 1 1 10 12 1 9 12 1 9 12 1 9 12 1 9 12 1 10 12 1 1 10 12 1 9 12 1 1 9 7 12 1 1 1 10 12 1 1 9 12 1 10 12 1 10 12 1 1 9 7 12 1 1 9 12 1 10 12 1 1 10 7 12 1 1 1 10 7 12 1 1 10 7 1 10 12 1 18 12 1 1 10 7 12 1 1 1 9 12 1 10 12 1 1 9 12 1 10 12 1 1 10 12 1 1 10 12 1 1 10 12 1 1 9 12 1 10 12 1 10 7 12 1 1 1 10 12 1 1 9 12 1 10 12 1 10 12 1 1 10 12 1 1 9 12 1 10 12 1 1 9 12 1 10 12 1 1 10 7 12 1 1 1 10 12 1 9 12 1 10 12 1 10 12 1 1 10 12 1 10 12 1 1 9 12 1 10 12 1 10 12 1 9 12 1 10 12 1 1 10 12 1 1 10 12 1 1 9 12 1 1 7 1 10 12 1 10 7 12 1 1 1 11 7 1 10 12 1 1 9 12 1 1 11 12 1 1 11 12 1 1 10 12 1 1 10 7 12 1 1 1 9 12 1 1 10 12 1 7 1 10 12 1 1 7 1 10 12 10 12 1 10 7 1 9 12 1 1 10 12 1 1 10 12 1 10 12 1 10 12 1 10 12 1 1 10 12 1 1 10 12 1 9 12 1 1 10 12 1 10 12 1 10 12 1 1 10 12 1 9 12 1 1 10 7 12 1 1 9 12 1 1 10 12 1 1 10 100 12 1 1 10 10 12 1 10 12 1 10 10 10 10 12 1 1 10 7 1 9 12 1 1 10 7 1 10 9 12 1 1 10 12 1 9 12 1 8 1 7 1 10 12 1 10 12 1 1 10 7 12 1 9 12 1 1 10 12 7 1 10 12 1 10 12 1 1 10 7 1 9 12 1 1 9 12 1 1 10 7 12 1 1 1 10 12 1 1 10 10 12 1 1 10 7 12 1 9 12 1 1 10 12 7 1 10 12 1 10 12 1 9 12 1 1 10 100 1 100 1 10 12 1 10 12 1 9 12 1 1 10 10 10 12 1 10 10 10 12 1 9 12 1 1 10 10 10 12 1 9 12 1 1 10 10 10 12 1 9 12 1 1 10 12 1 1 10 10 9 7 12 1 1 10 9 12 1 10 12 1 9 12 1 10 12 1 10 12 1 10 10 12 1 9 12 1 7 1 8 10 12 1 10 12 1 1 10 7 1 9 12 1 1 10 10 12 1 7 1 10 10 10 12 1 10 10 12 1 10 10 100 12 1 1 1 10 12 1 1 10 100 12 1 1 1 10 12 1 1 100 1 10 12 1 100 1 10 11 7 1 10 12 1 10 12 1 9 12 1 1 9 7 12 1 1 10 12 1 10 12 1 10 12 1 1 11 7 12 1 1 1 11 12 1 10 12 1 10 12 1 10 12 1 10 12 1 10 12 1 10 12 1 10 12 10 100 12 1 1 1 100 1 10 10 7 12 1 1 1 10 12 1 1 10 100 12 1 1 10 12 1 10 12 1 10 12 1 10 7 12 1 1 1 9 12 1 10 7 12 1 1 10 12 10 12 10 12 10 12 1 10 12 1 1 10 12 1 1 10 12 1 1 10 7 12 1 1 1 10 12 1 10 10 10 12 1 1 10 10 12 1 10 10 12 1 1 10 12 1 100 1 8 1 10 12 10 12 1 1 18 12 1 1 10 12 1 1 10 12 1 9 12 1 1 10 7 12 1 1 1 10 12 1 1 10 10 12 1 10 12 1 10 10 12 1 10 12 1 10 10 12 1 10 12 1 10 10 12 1 10 12 1 10 10 12 1 1 100 1 8 1 10 10 12 1 1 8 1 9 12 1 10 12 1 10 12 1 9 100 12 1 1 1 10 100 12 1 1 8 1 10 12 10 100 12 1 1 10 12 1 1 10 9 12 1 1 10 7 12 1 1 1 7 1 4 10 12 1 10 7 1 10 7 1 10 9 12 1 1 9 12 1 10 9 12 1 9 12 1 9 12 1 9 12 1 9 12 1 9 12 1 9 12 1 1 7 1 10 9 12 1 1 7 1 10 9 12 1 7 1 10 9 12 1 1 9 12 1 9 12 1 7 1 10 9 12 1 1 10 12 1 1 9 12 1 10 12 1 9 12 1 7 1 10 10 12 1 9 12 1 7 1 10 10 12 1 9 12 1 7 1 10 10 12 1 1 10 7 1 10 12 1 10 10 12 1 10 7 12 1 1 1 9 7 12 1 1 1 10 7 12 1 1 1 10 12 1 18 12 1 10 12 1 10 12 1 1 10 12 1 10 10 12 1 1 10 10 12 1 10 12 1 1 6 0 10 12 1 10 12 1 10 12 1 10 12 1 10 12 1 9 7 12 1 1 1 10 12 1 1 10 7 12 1 1 1 10 12 1 10 12 1 6 0 10 12 1 10 12 1 100 1 10 12 1 9 12 1 1 100 1 10 12 1 10 12 1 10 12 1 10 12 1 10 12 1 10 100 1 10 7 12 1 1 10 12 1 10 12 1 10 12 1 10 12 1 10 12 1 10 12 1 10 12 1 10 12 1 9 12 1 1 10 7 12 1 1 10 12 1 1 9 12 1 1 10 12 1 10 12 1 10 12 1 10 10 12 1 10 12 1 1 10 12 1 10 12 1 1 10 12 10 12 1 10 12 10 12 1 9 12 1 1 10 12 1 1 10 100 12 1 1 10 12 1 1 10 10 12 1 10 12 1 6 0 10 12 1 10 12 1 10 10 12 1 10 12 1 10 10 12 1 10 12 1 7 1 10 12 1 10 12 1 9 7 12 1 1 10 12 1 9 12 1 1 10 7 12 1 1 10 12 1 10 12 1 10 12 1 10 12 1 10 12 1 1 10 12 1 10 12 1 10 12 1 10 12 1 10 12 10 12 10 12 1 10 12 1 10 10 10 10 10 10 10 10 10 10 12 1 1 10 12 1 1 10 12 1 10 12 1 10 12 1 10 12 1 10 10 12 1 10 12 1 1 9 12 1 1 10 12 1 1 7 1 10 12 1 10 12 1 10 12 1 1 10 12 1 10 10 10 12 1 10 12 1 10 12 1 7 1 10 12 1 10 12 1 10 12 1 10 12 1 1 10 12 1 10 12 1 1 10 12 1 9 12 1 1 9 7 12 1 1 1 9 12 1 10 12 1 1 7 1 10 12 10 7 12 1 1 10 12 1 10 12 1 1 10 12 1 10 12 1 1 10 10 7 1 10 10 10 12 1 1 10 12 10 100 12 1 1 1 10 12 1 1 10 7 1 10 10 12 1 10 12 1 1 10 7 12 1 1 1 10 12 10 12 1 10 12 10 12 1 10 12 1 10 12 1 10 12 9 12 9 12 10 12 10 12 1 10 12 1 1 10 12 10 12 10 12 1 1 10 7 12 1 1 10 7 12 1 1 1 10 12 1 10 12 10 12 10 12 1 10 12 1 10 12 1 10 12 1 10 12 1 10 12 10 12 10 12 10 12 1 10 12 10 12 10 12 10 12 1 9 12 1 10 12 1 10 12 1 10 12 1 10 12 10 10 10 10 12 1 10 12 1 1 10 12 1 1 10 12 1 10 12 1 10 12 1 10 12 1 10 12 1 10 12 1 10 12 1 10 12 1 10 12 1 10 12 1 10 12 1 10 12 10 12 1 10 12 1 1 10 12 1 1 10 12 1 10 12 1 11 12 1 1 11 7 12 1 1 11 12 1 10 12 1 1 10 12 1 1 10 12 1 10 10 10 10 10 12 10 12 10 12 1 10 12 1 10 7 12 1 1 1 10 12 1 10 12 1 10 12 1 1 10 12 1 10 12 1 10 12 1 1 10 7 12 1 1 1 10 12 1 1 10 12 1 1 10 12 1 10 10 6 0 6 0 10 12 1 6 0 6 0 10 12 1 10 10 10 12 1 10 12 1 1 10 10 12 1 10 10 10 12 1 10 10 10 12 1 10 10 10 12 1 10 10 10 12 1 10 10 10 12 1 10 10 10 12 1 10 10 10 12 1 9 12 1 1 10 10 10 12 1 10 10 10 12 1 10 10 10 10 9 12 1 1 9 100 12 1 1 10 12 1 1 10 7 12 1 1 1 10 12 1 10 12 1 9 12 1 9 7 12 1 1 7 1 10 12 1 10 12 1 1 9 12 1 9 12 1 9 12 1 1 7 1 10 10 12 1 1 10 12 1 10 12 1 1 10 12 1 10 10 12 1 10 12 1 10 12 1 10 12 1 10 12 1 10 12 1 10 10 12 1 10 10 10 12 1 9 12 1 7 1 10 10 12 1 9 12 1 7 1 10 10 12 1 10 12 1 10 10 12 1 10 12 1 10 10 12 1 10 12 1 10 10 12 1 10 12 1 10 10 12 1 10 12 1 10 10 12 1 10 12 1 10 10 12 1 10 12 1 10 10 12 1 10 12 1 10 10 12 1 10 12 1 10 10 12 1 10 12 1 10 10 12 1 10 12 1 10 10 12 1 10 12 1 10 10 12 1 10 12 1 10 10 12 1 10 12 1 10 10 12 1 10 12 1 10 10 12 1 10 12 1 10 10 12 1 10 12 1 10 10 12 1 10 12 1 10 10 12 1 10 12 1 10 10 12 1 10 12 1 10 10 12 1 10 12 1 10 10 12 1 10 12 1 10 10 12 1 10 12 1 10 10 12 1 10 12 1 10 10 12 1 10 12 1 10 10 12 1 10 12 1 10 10 12 1 10 12 1 10 10 12 1 10 12 1 10 10 12 1 10 12 1 10 10 12 1 10 12 1 10 10 12 1 10 12 1 10 10 12 1 10 12 1 10 10 12 1 10 12 1 10 10 12 1 10 12 1 10 10 12 1 9 12 1 1 10 12 1 1 10 10 7 1 10 12 1 10 10 9 12 1 1 10 12 1 1 10 12 1 10 12 1 1 10 10 12 1 9 12 1 7 1 10 10 12 1 10 12 1 10 12 1 10 12 1 1 10 12 1 1 10 12 1 1 100 1 10 10 12 1 10 12 1 11 10 12 1 1 10 12 1 10 100 12 1 1 10 12 1 8 1 8 1 8 1 8 1 10 12 1 10 10 7 12 1 1 1 9 12 1 1 10 12 1 10 12 1 9 12 1 10 12 1 1 9 12 1 9 12 1 10 12 1 9 12 1 9 12 1 9 12 1 1 9 7 12 1 9 12 1 10 12 1 1 10 12 1 10 12 1 10 12 1 1 10 10 12 1 10 12 1 10 12 1 10 12 1 10 12 1 9 12 1 1 10 7 1 10 12 10 7 1 10 10 10 12 1 18 12 1 10 12 1 9 12 1 100 1 10 10 12 1 7 1 10 9 12 1 10 7 12 1 1 1 10 12 1 10 12 1 10 12 1 10 12 1 9 12 1 1 10 12 1 7 1 8 10 12 1 10 12 9 12 1 1 18 12 1 1 11 7 12 1 1 1 10 12 1 1 7 1 10 12 1 9 12 1 10 7 1 10 9 12 1 9 12 1 10 12 1 10 12 1 10 12 1 1 10 12 1 1 10 7 1 10 12 1 9 100 12 1 1 1 9 7 12 1 1 1 10 12 1 1 10 7 12 1 1 1 8 1 10 12 1 10 12 1 11 12 10 12 1 1 9 12 9 12 1 10 12 1 11 7 1 11 9 12 1 1 10 12 1 1 10 12 1 9 12 1 10 9 10 9 10 12 1 1 9 12 1 10 12 1 10 12 10 12 1 1 11 11 9 7 12 1 1 1 10 12 1 10 12 1 10 12 1 9 7 12 1 1 1 10 12 1 9 12 1 8 10 12 1 9 12 1 1 9 100 12 1 1 10 12 1 1 10 12 1 10 12 1 9 12 1 10 12 1 10 12 1 9 12 1 10 12 1 10 9 12 1 10 100 1 10 12 1 1 10 12 10 12 10 12 10 12 10 12 1 1 10 12 1 9 12 1 10 100 1 10 12 100 1 9 12 1 100 1 10 12 1 10 12 1 10 12 1 1 10 12 1 1 10 100 12 1 1 1 10 12 1 1 100 1 10 10 12 1 11 12 1 10 12 1 1 100 1 10 12 1 11 100 12 1 1 100 1 7 1 8 1 10 12 1 1 8 1 10 7 12 1 1 7 1 10 10 12 1 1 9 7 12 1 1 9 7 12 1 1 8 10 7 12 1 1 1 9 12 1 1 8 9 12 1 8 9 12 1 8 9 12 1 8 1 9 12 1 8 1 9 12 1 8 1 9 12 1 18 12 1 100 1 100 1 1 1 1 1 1 1 1 1 1 1 1 1 6 0 1 1 1 6 0 1 1 1 1 1 3 1 3 1 1 1 3 1 1 1 1 1 1 1 1 1 1 1 1 1 100 1 100 1 1 1 1 1 1 1 1 1 1 1 1 1 1 1 1 100 1 1 1 1 1 1 1 1 1 1 1 100 1 1 1 1 1 1 1 1 1 1 1 1 1 1 100 1 1 1 1 1 1 1 100 1 1 1 1 1 1 1 1 1 1 1 1 1 1 1 1 1 1 1 1 1 1 1 1 1 1 1 1 1 1 1 1 1 1 1 1 1 1 1 1 1 1 1 1 1 1 1 1 1 1 1 1 1 1 1 1 1 1 1 1 1 1 1 1 1 1 1 1 1 1 1 1 1 1 1 1 1 1 1 1 1 1 1 1 1 1 1 1 1 1 1 1 1 1 1 1 1 1 1 1 1 1 1 1 1 1 1 1 1 1 1 1 1 1 1 1 1 1 1 1 1 1 1 1 1 1 100 1 1 1 1 1 1 1 1 1 1 1 1 100 1 1 1 1 1 1 1 1 1 1 1 1 1 1 1 1 1 1 1 1 1 1 1 1 1 100 1 1 1 1 1 1 1 1 1 1 1 1 1 1 1 1 1 1 1 1 1 1 1 1 1 1 1 1 1 1 1 1 1 1 1 1 1 1 1 1 1 1 1 1 100 1 100 1 100 1 100 1 100 1 100 1 100 1 100 1 100 1 100 1 100 1 100 1 100 1 100 1 100 1 100 1 100 1 100 1 100 1 100 1 100 1 100 1 100 1 100 1 100 1 100 1 100 1 100 1 100 1 100 1 100 1 100 1 100 1 100 1 100 1 100 1 100 1 100 1 1 15 10 100 12 1 1 8 1 15 10 7 12 1 1 1 16 15 10 12 8 1 8 1 16 15 10 12 16 15 10 12 1 100 1 1 1 1 1 1 1 1 1 1 1 1 1 1 100 1 1 100 1 1 1 100 1 100 1 1
staticfield javafx/scene/Node USER_DATA_KEY Ljava/lang/Object; java/lang/Object
staticfield javafx/scene/Node DEFAULT_ROTATION_AXIS Ljavafx/geometry/Point3D; javafx/geometry/Point3D
staticfield javafx/scene/Node DEFAULT_CACHE_HINT Ljavafx/scene/CacheHint; javafx/scene/CacheHint
staticfield javafx/scene/Node DEFAULT_CLIP Ljavafx/scene/Node; null
staticfield javafx/scene/Node DEFAULT_CURSOR Ljavafx/scene/Cursor; null
staticfield javafx/scene/Node DEFAULT_DEPTH_TEST Ljavafx/scene/DepthTest; javafx/scene/DepthTest
staticfield javafx/scene/Node DEFAULT_EFFECT Ljavafx/scene/effect/Effect; null
staticfield javafx/scene/Node DEFAULT_INPUT_METHOD_REQUESTS Ljavafx/scene/input/InputMethodRequests; null
staticfield javafx/scene/Node HOVER_PSEUDOCLASS_STATE Ljavafx/css/PseudoClass; com/sun/javafx/css/PseudoClassImpl
staticfield javafx/scene/Node PRESSED_PSEUDOCLASS_STATE Ljavafx/css/PseudoClass; com/sun/javafx/css/PseudoClassImpl
staticfield javafx/scene/Node DISABLED_PSEUDOCLASS_STATE Ljavafx/css/PseudoClass; com/sun/javafx/css/PseudoClassImpl
staticfield javafx/scene/Node FOCUSED_PSEUDOCLASS_STATE Ljavafx/css/PseudoClass; com/sun/javafx/css/PseudoClassImpl
staticfield javafx/scene/Node FOCUS_VISIBLE_PSEUDOCLASS_STATE Ljavafx/css/PseudoClass; com/sun/javafx/css/PseudoClassImpl
staticfield javafx/scene/Node FOCUS_WITHIN_PSEUDOCLASS_STATE Ljavafx/css/PseudoClass; com/sun/javafx/css/PseudoClassImpl
staticfield javafx/scene/Node SHOW_MNEMONICS_PSEUDOCLASS_STATE Ljavafx/css/PseudoClass; com/sun/javafx/css/PseudoClassImpl
staticfield javafx/scene/Node boundsAccessor Lcom/sun/javafx/scene/BoundsAccessor; javafx/scene/Node$$Lambda+0x0000023d270dded0
instanceKlass javafx/scene/control/DialogPane$7
instanceKlass javafx/scene/control/DialogPane$5
instanceKlass javafx/scene/control/DialogPane$3
instanceKlass javafx/scene/control/Alert$1
instanceKlass javafx/scene/control/Dialog$4
instanceKlass javafx/scene/control/Dialog$3
instanceKlass javafx/scene/control/Dialog$6
instanceKlass javafx/scene/control/Dialog$5
instanceKlass javafx/scene/control/Dialog$7
instanceKlass javafx/scene/control/Dialog$2
instanceKlass javafx/scene/control/Dialog$1
instanceKlass javafx/scene/control/skin/VirtualFlow$8
instanceKlass javafx/scene/control/ComboBox$2
instanceKlass com/sun/javafx/scene/EventHandlerProperties$EventHandlerProperty
instanceKlass javafx/scene/control/Control$4
instanceKlass javafx/scene/transform/Transform$4
instanceKlass javafx/scene/Scene$11
instanceKlass javafx/beans/property/ReadOnlyObjectWrapper
ciInstanceKlass javafx/beans/property/SimpleObjectProperty 1 1 51 9 7 12 1 1 1 9 12 1 1 9 12 1 8 1 10 12 1 1 10 12 1 10 7 12 1 1 10 12 1 1 1 1 1 1 1 1 1 1 1 1 100 1 100 1 1 1 1 1 1
staticfield javafx/beans/property/SimpleObjectProperty DEFAULT_BEAN Ljava/lang/Object; null
instanceKlass javafx/scene/control/ListCell$4
instanceKlass com/sun/javafx/scene/control/inputmap/InputMap$1
instanceKlass javafx/scene/Scene$FocusOwnerProperty
instanceKlass javafx/scene/Node$ReadOnlyObjectWrapperManualFire
instanceKlass javafx/scene/Node$2
instanceKlass javafx/scene/Scene$3
instanceKlass javafx/stage/Window$SceneModel
ciInstanceKlass javafx/beans/property/ReadOnlyObjectWrapper 1 1 47 10 7 12 1 1 1 10 12 1 10 12 1 10 12 1 9 7 12 1 1 1 7 1 10 12 1 10 12 1 10 1 1 1 1 1 1 1 1 1 1 1 1 1 1 1 1
instanceKlass javafx/scene/Parent$3
instanceKlass javafx/stage/Stage$4
ciInstanceKlass com/sun/javafx/collections/VetoableListDecorator 1 1 301 10 7 12 1 1 1 9 7 12 1 1 1 18 12 1 1 11 7 12 1 1 1 9 12 1 1 10 7 12 1 1 10 12 1 10 12 1 10 12 10 7 12 1 1 1 10 12 1 1 10 12 1 10 7 12 1 1 1 7 1 10 12 1 10 7 12 1 1 1 10 12 1 1 10 12 1 1 9 12 1 1 11 100 1 11 7 1 11 12 1 1 11 100 12 1 1 1 10 100 12 1 1 1 10 12 1 1 10 12 1 10 12 1 10 12 1 1 11 12 1 1 11 11 12 1 1 11 7 1 7 1 10 12 1 11 12 1 1 10 12 1 11 12 1 1 11 12 1 10 12 1 1 11 12 1 11 12 1 1 10 12 11 12 1 11 10 12 1 1 11 12 1 10 12 1 1 11 11 11 12 1 11 11 12 1 1 11 12 1 11 11 12 1 100 1 11 12 1 1 10 12 1 11 12 1 7 1 11 12 1 1 10 12 1 11 12 1 1 11 12 1 11 12 1 7 1 10 12 1 10 12 1 1 1 1 1 1 1 1 1 1 1 1 1 1 1 1 100 1 1 1 1 1 1 1 1 1 1 1 1 1 1 1 1 1 1 1 100 1 100 1 1 15 10 7 12 1 1 1 16 15 10 12 1 1 1 1 1 1 100 1 100 1 1 1 100 1 100 1 1
instanceKlass javafx/scene/layout/GridPane$6
instanceKlass javafx/scene/layout/GridPane$5
instanceKlass javafx/scene/Node$NodeTransformation$10
instanceKlass javafx/scene/control/ContextMenu$2
instanceKlass javafx/scene/shape/Path$3
instanceKlass javafx/animation/Timeline$1
instanceKlass javafx/scene/Scene$10
instanceKlass javafx/css/Rule$Observables$2
instanceKlass javafx/css/Rule$Observables$1
instanceKlass javafx/css/Stylesheet$1
instanceKlass javafx/scene/Parent$4
instanceKlass javafx/scene/Parent$2
instanceKlass javafx/scene/Node$4
instanceKlass javafx/stage/Stage$3
ciInstanceKlass com/sun/javafx/collections/TrackableObservableList 1 1 57 10 7 12 1 1 1 7 1 10 12 1 18 12 1 1 10 7 12 1 1 1 10 12 1 1 1 1 1 1 1 1 1 1 1 15 10 7 12 1 1 1 16 15 10 12 1 100 1 100 1 1 100 1 100 1 1
ciInstanceKlass javafx/stage/Stage$3 1 1 88 9 7 12 1 1 1 10 7 12 1 1 1 100 1 10 9 100 12 1 1 1 11 100 12 1 1 1 11 100 12 1 1 1 11 12 1 1 100 1 10 100 12 1 1 1 11 100 12 1 1 1 11 100 12 1 1 1 10 12 1 1 11 100 12 1 1 1 1 1 1 1 1 1 1 1 1 1 1 1 1 1 1 100 1 100 1 1
instanceKlass javafx/scene/Scene$2$1
ciInstanceKlass javafx/scene/Scene 1 1 2499 7 1 6 0 9 7 12 1 1 1 9 7 12 1 1 1 10 12 1 1 10 7 12 1 1 1 10 12 1 1 10 7 12 1 1 1 10 100 12 1 1 1 8 1 10 12 1 1 10 7 12 1 1 9 12 1 1 9 12 1 9 12 1 1 7 1 10 7 12 1 1 1 9 12 1 1 10 7 12 1 1 1 9 12 1 1 7 1 10 12 1 9 12 1 1 9 12 1 1 7 1 10 9 12 1 1 7 1 10 9 12 1 1 9 12 1 1 7 1 10 9 12 1 1 9 12 1 9 12 1 9 12 1 7 1 10 9 12 1 1 9 12 1 1 9 12 1 1 9 12 1 1 9 12 1 7 1 10 9 12 1 1 18 12 1 1 9 12 1 1 9 12 1 7 1 10 9 12 1 1 7 1 10 9 12 1 1 9 12 1 1 7 1 10 9 12 1 1 9 12 1 9 12 1 100 1 8 1 10 12 9 7 12 1 1 1 10 7 12 1 1 1 8 1 10 12 1 10 12 1 1 10 12 1 10 12 1 1 18 12 1 1 9 7 12 1 1 1 10 12 1 1 9 7 12 1 1 9 12 1 9 12 1 9 12 1 10 7 12 1 1 9 12 1 100 1 8 1 10 12 1 9 12 1 1 9 12 1 9 12 1 1 10 12 1 7 1 10 100 12 1 1 1 10 12 1 1 9 7 12 1 1 1 9 7 12 1 1 9 7 12 1 1 1 10 12 1 1 10 12 1 10 12 1 10 12 1 8 1 9 12 1 100 1 10 11 100 12 1 1 1 11 12 1 9 12 1 10 12 1 1 10 7 12 1 1 9 12 1 1 10 12 1 1 7 1 10 12 1 1 7 1 10 9 12 1 10 10 12 1 1 10 7 12 1 1 1 9 12 1 10 100 12 1 1 8 1 10 7 12 1 1 10 12 1 1 10 12 1 10 12 1 11 7 12 1 1 1 8 1 7 1 10 11 7 12 1 1 1 7 1 10 11 12 1 1 8 1 10 12 1 11 12 1 10 12 1 1 10 12 1 1 11 12 1 10 12 1 1 10 7 12 1 1 1 10 7 1 7 1 11 12 1 1 11 12 1 8 1 10 12 1 1 7 1 10 10 12 1 1 7 1 10 10 12 1 1 8 1 8 1 10 12 1 9 12 1 1 10 12 1 10 12 1 10 100 12 1 1 11 8 1 10 12 1 1 10 7 12 1 1 9 12 1 1 10 12 1 10 12 1 8 10 12 1 10 12 1 9 12 1 8 10 12 1 9 12 1 7 1 10 10 12 1 9 12 1 7 1 10 10 12 1 10 12 1 1 10 7 1 9 12 1 10 100 1 10 10 12 1 100 1 9 12 1 1 7 1 10 10 12 1 10 12 1 10 12 1 10 12 1 10 12 1 9 12 1 1 10 12 1 10 12 1 9 12 1 10 12 1 9 12 1 7 1 7 1 10 12 1 10 12 1 9 12 1 7 1 10 11 12 1 10 12 1 10 12 1 10 12 1 10 12 1 11 12 1 11 12 1 10 12 1 11 12 1 100 1 10 10 100 12 1 1 1 10 12 1 10 12 1 1 100 1 10 12 1 10 10 9 12 9 12 9 12 9 12 9 12 1 1 9 10 9 12 1 9 12 1 1 10 12 1 10 12 1 9 12 1 9 12 1 11 12 1 11 12 1 1 100 1 11 12 1 100 1 10 10 12 1 1 11 100 12 1 1 1 9 12 1 10 12 1 1 11 12 1 1 10 12 1 9 100 12 1 1 10 12 1 1 9 12 1 1 9 12 1 9 12 1 9 12 1 18 12 1 1 10 12 1 18 12 1 1 10 12 1 8 1 18 12 1 10 12 1 1 10 12 1 9 12 1 7 1 7 1 10 10 12 1 1 100 1 8 10 12 1 100 1 10 12 1 10 12 1 10 12 1 10 12 1 10 12 1 1 18 12 1 1 7 1 10 9 12 1 1 7 1 10 9 12 1 1 18 10 12 1 10 12 1 10 12 1 10 12 1 10 12 1 1 10 7 1 10 12 1 10 12 1 10 12 1 10 12 1 10 10 12 1 8 1 10 12 1 1 10 12 1 1 10 12 1 9 100 12 1 1 1 10 12 1 10 12 1 10 12 1 10 12 1 1 10 12 1 10 12 1 10 12 1 10 12 1 1 10 12 1 1 10 12 1 10 12 1 1 10 12 1 6 0 10 12 1 6 0 10 12 1 1 10 7 12 1 1 100 1 9 12 1 10 12 1 10 100 12 1 1 1 10 100 12 1 1 1 9 100 12 1 1 9 100 12 1 1 9 100 12 1 1 9 12 1 1 9 12 1 10 12 1 10 100 1 100 1 10 12 1 1 10 9 12 1 9 12 1 9 12 1 100 1 10 12 1 10 12 1 10 12 9 12 1 1 10 12 1 10 12 1 9 12 1 10 100 12 1 1 1 10 100 12 1 1 1 9 100 12 1 1 1 10 12 1 1 10 100 12 1 1 9 12 1 9 12 1 9 12 1 10 100 12 1 1 1 10 12 1 10 12 1 10 12 1 10 12 1 10 12 1 10 12 1 10 12 1 10 100 12 1 1 11 100 12 1 1 1 9 12 1 1 11 12 1 7 1 100 1 6 0 6 0 10 12 1 10 12 1 1 10 12 1 10 12 1 7 1 10 12 1 1 9 100 12 1 1 1 10 12 1 1 10 12 1 1 10 7 12 1 1 10 12 1 10 12 1 1 10 12 1 7 1 9 12 9 12 9 12 1 10 12 1 10 12 1 10 12 1 1 10 12 1 1 10 12 1 1 10 7 12 1 1 1 10 12 1 10 12 1 10 12 1 9 12 1 9 12 1 10 12 1 1 10 12 1 9 100 12 1 1 1 10 12 1 1 10 12 1 1 10 7 12 1 1 1 10 7 12 1 1 10 12 1 1 10 100 12 1 1 1 10 7 12 1 1 1 10 12 1 9 7 12 1 1 1 9 100 12 1 1 1 10 10 100 12 1 1 1 10 12 1 1 10 12 1 1 10 12 1 10 10 9 12 1 1 10 12 1 11 12 1 10 9 12 1 10 7 12 1 10 12 1 10 12 1 10 12 1 11 12 1 10 12 1 9 12 1 1 9 100 12 1 10 12 1 10 10 12 1 10 10 12 1 11 9 12 1 10 12 1 1 11 12 1 1 11 12 1 1 10 12 1 10 12 1 7 1 10 12 1 9 12 1 10 12 1 1 10 7 12 1 1 10 12 1 10 10 12 1 10 12 1 9 12 1 1 10 12 1 7 1 8 10 12 1 10 10 12 1 1 10 12 1 10 12 1 10 12 1 1 10 12 1 11 7 12 1 1 1 10 12 1 1 10 12 1 9 12 1 100 1 100 1 10 10 12 1 9 12 1 100 1 10 10 12 1 9 12 1 7 1 10 10 12 1 9 12 1 100 1 10 10 12 1 9 12 1 100 1 10 10 12 1 9 12 1 100 1 10 10 12 1 9 12 1 7 1 10 10 12 1 9 12 1 7 1 10 10 12 1 9 12 1 100 1 10 10 12 1 9 12 1 100 1 10 10 12 1 9 12 1 100 1 10 10 12 1 9 12 1 100 1 10 10 12 1 9 12 1 100 1 10 10 12 1 9 12 1 100 1 10 10 12 1 9 12 1 100 1 10 10 12 1 9 12 1 100 1 10 10 12 1 9 12 1 100 1 10 10 12 1 9 12 1 100 1 10 10 12 1 9 12 1 100 1 10 10 12 1 9 12 1 100 1 10 10 12 1 9 12 1 100 1 10 10 12 1 9 12 1 100 1 10 10 12 1 9 12 1 100 1 10 10 12 1 9 12 1 100 1 10 10 12 1 9 12 1 100 1 10 10 12 1 9 12 1 100 1 10 10 12 1 9 12 1 100 1 10 10 12 1 9 12 1 100 1 10 10 12 1 9 12 1 100 1 10 10 12 1 9 12 1 100 1 10 10 12 1 9 12 1 100 1 10 10 12 1 9 12 1 100 1 10 10 12 1 9 12 1 100 1 10 10 12 1 9 12 1 100 1 10 10 12 1 9 12 1 100 1 10 10 12 1 1 10 12 1 1 9 12 1 1 9 100 12 1 1 100 1 8 1 10 100 1 10 100 12 1 1 1 11 12 1 1 11 100 12 1 1 11 12 1 11 100 1 10 12 1 1 8 1 10 12 1 8 1 10 12 1 9 12 1 7 1 10 10 12 1 9 12 1 100 1 10 10 12 1 9 12 1 100 1 10 10 12 1 9 12 1 100 1 10 9 12 1 1 10 100 12 1 1 1 11 100 1 10 12 1 9 12 1 11 11 12 10 12 1 9 12 1 9 12 1 1 7 1 7 1 10 12 1 9 12 1 10 12 1 1 9 12 1 1 100 1 10 10 12 1 9 12 1 10 12 1 10 12 1 10 12 1 10 12 1 7 1 10 12 1 10 10 12 1 9 12 1 9 12 1 11 12 1 1 11 100 1 11 12 1 11 12 1 9 9 12 1 1 8 1 10 100 12 1 1 8 1 11 10 100 12 1 1 1 10 12 1 1 100 1 10 10 12 1 10 12 1 1 10 100 1 8 1 10 7 12 1 1 1 10 12 1 10 12 100 1 10 12 1 11 100 12 1 1 100 1 7 1 8 1 10 12 1 1 18 12 1 10 12 1 1 11 100 12 1 8 1 11 10 12 1 7 1 10 10 12 1 1 7 1 10 10 7 12 1 1 9 12 1 18 12 1 10 12 1 10 12 1 9 12 1 1 1 1 1 1 3 1 3 1 1 1 1 1 1 1 1 1 1 1 1 1 1 1 1 1 1 1 1 1 1 1 1 1 1 1 1 1 1 1 1 1 1 1 1 1 1 1 1 1 1 1 1 1 1 1 1 1 1 1 1 1 1 1 1 1 1 1 1 1 1 1 1 1 1 1 1 1 1 1 1 1 1 1 1 1 1 1 1 1 1 1 1 1 1 1 1 1 1 1 1 1 1 1 1 1 1 1 100 100 1 1 1 1 1 1 1 1 1 1 1 1 1 1 1 1 1 1 1 1 1 100 1 1 1 1 1 1 1 1 1 1 1 1 1 1 1 1 1 1 1 1 1 1 1 1 1 1 1 1 1 1 1 1 1 1 1 1 1 1 1 1 1 1 1 1 1 1 1 1 1 1 1 1 1 1 1 1 1 1 1 1 1 1 1 1 1 1 1 1 1 1 1 1 1 1 1 1 1 1 1 1 1 1 1 1 1 1 1 1 1 1 1 1 1 1 1 1 1 1 1 1 1 1 1 1 1 1 1 1 1 1 1 1 1 1 1 1 1 1 1 1 1 1 1 1 1 1 1 1 1 1 1 1 1 1 1 1 1 1 1 1 1 1 1 1 1 1 1 1 1 1 1 1 1 1 1 1 100 1 100 1 100 1 100 1 100 1 1 15 10 7 12 1 1 1 16 15 10 12 16 15 10 12 16 16 15 10 12 15 10 12 15 10 12 15 10 100 12 1 1 8 1 8 1 16 15 10 12 16 1 15 10 12 16 1 1 1 1 1 1 1 1 1 1 1 1 1 1 1 1 1 1 1 1 1 100 1 1 100 1 1 100 1 1 1 1 100 1 100 1 1
staticfield javafx/scene/Scene trackerMonitor Ljava/lang/Object; java/lang/Object
staticfield javafx/scene/Scene USER_DATA_KEY Ljava/lang/Object; java/lang/Object
staticfield javafx/scene/Scene defaultNodeOrientation Ljavafx/geometry/NodeOrientation; javafx/geometry/NodeOrientation
staticfield javafx/scene/Scene $assertionsDisabled Z 1
ciInstanceKlass javafx/css/StyleableProperty 1 0 19 100 1 100 1 100 1 1 1 1 1 1 1 1 1 1 1 1 1
ciInstanceKlass javafx/scene/Scene$2$1 1 1 39 9 7 12 1 1 1 10 7 12 1 1 1 10 12 1 1 10 12 1 10 12 1 1 1 1 1 1 1 1 1 1 100 1 12 1 1 1 1
ciInstanceKlass javafx/application/ConditionalFeature 1 1 110 7 1 9 12 1 1 9 12 1 9 12 1 9 12 1 9 12 1 9 12 1 9 12 1 9 12 1 9 12 1 9 12 1 9 12 1 9 12 1 9 12 1 9 12 1 9 12 1 9 12 1 9 12 1 9 12 1 9 12 1 1 10 7 12 1 1 10 7 12 1 1 1 10 12 1 1 8 10 8 8 8 8 8 8 8 8 8 8 8 8 8 8 8 8 8 10 12 1 1 1 1 1 1 1 1 1 1 1 1
staticfield javafx/application/ConditionalFeature GRAPHICS Ljavafx/application/ConditionalFeature; javafx/application/ConditionalFeature
staticfield javafx/application/ConditionalFeature CONTROLS Ljavafx/application/ConditionalFeature; javafx/application/ConditionalFeature
staticfield javafx/application/ConditionalFeature MEDIA Ljavafx/application/ConditionalFeature; javafx/application/ConditionalFeature
staticfield javafx/application/ConditionalFeature WEB Ljavafx/application/ConditionalFeature; javafx/application/ConditionalFeature
staticfield javafx/application/ConditionalFeature SWT Ljavafx/application/ConditionalFeature; javafx/application/ConditionalFeature
staticfield javafx/application/ConditionalFeature SWING Ljavafx/application/ConditionalFeature; javafx/application/ConditionalFeature
staticfield javafx/application/ConditionalFeature FXML Ljavafx/application/ConditionalFeature; javafx/application/ConditionalFeature
staticfield javafx/application/ConditionalFeature SCENE3D Ljavafx/application/ConditionalFeature; javafx/application/ConditionalFeature
staticfield javafx/application/ConditionalFeature EFFECT Ljavafx/application/ConditionalFeature; javafx/application/ConditionalFeature
staticfield javafx/application/ConditionalFeature SHAPE_CLIP Ljavafx/application/ConditionalFeature; javafx/application/ConditionalFeature
staticfield javafx/application/ConditionalFeature INPUT_METHOD Ljavafx/application/ConditionalFeature; javafx/application/ConditionalFeature
staticfield javafx/application/ConditionalFeature TRANSPARENT_WINDOW Ljavafx/application/ConditionalFeature; javafx/application/ConditionalFeature
staticfield javafx/application/ConditionalFeature UNIFIED_WINDOW Ljavafx/application/ConditionalFeature; javafx/application/ConditionalFeature
staticfield javafx/application/ConditionalFeature TWO_LEVEL_FOCUS Ljavafx/application/ConditionalFeature; javafx/application/ConditionalFeature
staticfield javafx/application/ConditionalFeature VIRTUAL_KEYBOARD Ljavafx/application/ConditionalFeature; javafx/application/ConditionalFeature
staticfield javafx/application/ConditionalFeature INPUT_TOUCH Ljavafx/application/ConditionalFeature; javafx/application/ConditionalFeature
staticfield javafx/application/ConditionalFeature INPUT_MULTITOUCH Ljavafx/application/ConditionalFeature; javafx/application/ConditionalFeature
staticfield javafx/application/ConditionalFeature INPUT_POINTER Ljavafx/application/ConditionalFeature; javafx/application/ConditionalFeature
staticfield javafx/application/ConditionalFeature $VALUES [Ljavafx/application/ConditionalFeature; 18 [Ljavafx/application/ConditionalFeature;
ciInstanceKlass javafx/application/Platform 1 1 121 10 100 12 1 1 1 10 7 12 1 1 1 10 12 1 1 10 100 12 1 1 1 10 12 1 10 12 1 1 10 12 1 10 12 1 1 10 12 1 10 12 1 1 10 12 1 1 10 12 1 1 10 12 1 9 100 12 1 1 1 10 100 12 1 1 1 100 1 8 1 10 12 1 10 12 1 1 10 12 1 10 12 1 9 100 12 1 1 1 10 100 12 1 1 8 1 10 12 1 10 12 1 10 12 1 1 10 12 1 1 1 1 1 1 1 1 1 1 1 1
ciInstanceKlass com/sun/javafx/application/PlatformImpl$2 1 1 93 10 7 12 1 1 1 9 7 12 1 1 1 9 12 1 1 10 12 1 1 100 1 9 12 1 9 12 1 9 12 1 9 12 1 9 12 1 9 12 1 9 12 1 9 12 1 9 12 1 9 12 1 9 12 1 10 7 12 1 1 9 12 1 9 12 1 1 10 9 12 1 9 12 1 9 12 1 100 1 1 1 1 1 1 1 1 1 100 1 1 1 1
staticfield com/sun/javafx/application/PlatformImpl$2 $SwitchMap$com$sun$javafx$application$PlatformImpl$HighContrastScheme [I 4
staticfield com/sun/javafx/application/PlatformImpl$2 $SwitchMap$javafx$application$ConditionalFeature [I 18
ciInstanceKlass com/sun/javafx/scene/ParentHelper$ParentAccessor 1 0 33 100 1 100 1 1 1 1 1 1 1 1 1 1 1 1 1 1 1 1 1 1 1 1 1 1 1 1 1 100 1 1 1
instanceKlass javafx/scene/effect/InnerShadow
instanceKlass javafx/scene/effect/DropShadow
ciInstanceKlass javafx/scene/effect/Effect 1 1 172 10 7 12 1 1 1 7 1 8 1 10 12 1 9 7 12 1 1 9 7 12 1 1 1 10 12 1 1 9 12 1 10 12 1 9 12 1 1 10 12 1 1 10 12 1 1 10 7 12 1 1 1 10 12 1 1 10 12 1 1 10 12 1 10 12 1 10 12 1 10 12 1 10 12 1 1 10 7 12 1 1 1 100 1 10 10 12 1 1 10 7 12 1 1 1 9 7 12 1 1 1 10 7 12 1 1 4 10 12 1 1 10 12 1 1 10 7 12 1 1 1 10 12 1 1 10 12 1 1 11 7 12 1 1 1 7 1 10 10 7 12 1 1 1 1 1 1 1 1 1 1 1 1 1 1 1 1 1 1 1 1 100 1 100 1 1 100 1 1 1 1
instanceKlass javafx/scene/control/skin/VirtualFlow$ClippedContainer
instanceKlass javafx/scene/control/skin/VirtualFlow
instanceKlass com/sun/javafx/scene/control/ContextMenuContent$MenuItemContainer
instanceKlass javafx/scene/control/skin/ScrollBarSkin$EndButton
instanceKlass org/fxmisc/flowless/Navigator
instanceKlass org/fxmisc/flowless/VirtualFlow
instanceKlass org/fxmisc/richtext/ParagraphBox
instanceKlass org/fxmisc/richtext/GenericStyledArea
instanceKlass javafx/scene/layout/Pane
instanceKlass javafx/scene/control/Control
ciInstanceKlass javafx/scene/layout/Region 1 1 1425 7 1 10 7 12 1 1 1 9 7 12 1 1 1 10 12 1 1 10 12 1 1 10 12 1 1 10 12 1 10 12 1 10 12 1 10 12 1 10 7 12 1 1 1 10 12 1 1 10 7 12 1 1 1 10 7 12 1 1 10 12 1 10 12 1 10 10 12 1 10 7 12 1 1 1 10 12 1 10 12 1 10 12 1 10 12 1 1 10 12 1 1 10 12 1 18 12 1 1 10 12 1 11 7 12 1 1 1 11 12 1 1 10 12 1 1 10 12 1 11 7 12 1 1 1 10 12 1 1 10 12 1 6 0 6 0 10 12 1 1 9 7 12 1 1 1 10 100 12 1 1 1 11 100 12 1 10 12 1 100 1 10 12 1 10 12 1 1 10 12 1 10 12 1 1 10 7 12 1 1 10 12 1 10 12 1 10 12 1 1 11 12 1 1 11 7 12 1 1 11 12 1 1 10 12 1 10 12 1 1 10 7 12 1 1 9 7 12 1 1 1 10 7 12 1 1 6 0 100 1 8 1 10 12 1 1 9 12 1 10 7 1 8 1 10 7 12 1 18 12 1 1 9 12 1 1 10 7 12 1 1 1 9 12 1 1 7 1 10 12 1 9 12 1 1 7 1 10 12 1 9 12 1 7 1 10 12 1 9 12 1 7 1 10 12 9 12 1 1 9 12 1 1 9 12 1 9 12 1 9 12 1 9 12 1 9 12 1 9 12 1 9 12 1 9 12 1 9 12 1 9 12 1 9 12 1 9 12 1 9 12 1 1 9 12 1 9 12 1 10 12 1 1 9 12 1 10 12 1 10 7 12 1 1 100 1 10 12 1 10 7 12 1 10 12 7 1 7 1 10 100 12 1 1 1 11 100 12 1 1 1 10 100 12 1 1 1 10 12 1 9 12 1 100 1 10 10 12 1 1 10 12 1 10 12 1 9 12 1 1 10 12 1 1 10 7 12 1 9 12 1 9 12 1 9 12 1 1 10 7 12 1 1 1 10 12 1 9 7 12 1 1 1 10 12 1 1 10 12 1 10 12 7 1 10 12 1 10 12 1 1 9 12 1 10 12 1 9 12 1 7 1 10 9 12 1 1 10 7 1 10 7 1 8 9 7 12 1 1 1 10 12 1 9 12 8 9 12 1 10 12 1 10 12 1 9 12 1 8 9 12 1 9 12 8 9 12 1 10 12 1 10 12 1 9 12 1 8 9 12 1 9 12 8 9 12 1 10 12 1 10 12 1 9 12 1 1 100 1 10 12 1 7 1 10 10 12 1 1 10 12 100 1 10 10 12 1 100 1 10 10 12 1 7 1 10 10 12 1 10 12 1 10 7 12 1 1 1 9 7 12 1 1 1 10 7 12 1 1 1 10 12 1 1 18 12 1 1 10 12 1 1 10 12 1 10 12 10 12 10 12 1 1 10 12 1 10 10 10 12 1 10 10 12 1 10 10 12 1 10 12 1 10 12 1 10 12 1 10 12 1 10 12 1 6 0 10 12 1 10 12 1 10 12 1 10 12 1 10 12 1 10 12 1 10 12 1 1 9 12 1 10 12 10 10 12 10 12 1 1 10 12 10 12 1 10 10 12 1 10 12 1 1 10 12 1 1 7 1 10 10 12 1 6 0 9 12 1 1 10 12 10 12 1 1 10 12 10 12 1 1 10 12 1 1 10 12 1 10 12 1 9 12 1 1 10 12 1 1 9 12 1 10 12 1 9 12 1 10 12 1 10 12 1 10 12 1 1 10 12 1 1 10 12 1 10 12 1 10 12 1 10 12 1 1 7 1 10 12 1 10 12 1 1 10 10 10 12 1 1 9 12 1 10 12 1 10 12 1 10 12 1 10 12 1 1 9 12 1 1 10 12 1 1 9 12 1 10 12 1 1 10 12 1 1 9 12 1 10 12 1 9 12 1 10 12 1 9 12 1 10 12 1 1 10 12 1 1 10 12 1 10 12 1 1 100 1 4 10 12 1 10 12 1 1 10 10 100 12 1 1 1 10 100 12 1 1 10 12 10 12 1 10 12 1 10 12 1 1 10 12 1 1 11 7 1 10 10 100 12 1 1 1 10 12 1 1 10 12 1 1 10 12 1 10 12 1 7 1 10 12 1 1 10 10 12 1 10 12 1 10 12 1 100 1 10 10 12 1 10 9 7 12 1 1 10 100 12 1 1 10 10 12 1 10 10 12 1 10 10 12 1 10 10 12 1 10 12 1 10 12 1 10 12 1 10 12 1 10 12 1 10 12 1 10 12 1 10 12 1 6 0 10 12 1 1 10 9 7 12 1 1 10 12 1 1 10 7 12 1 1 1 11 12 1 10 12 1 1 9 12 1 10 12 1 10 12 1 10 12 1 10 12 1 10 12 1 10 12 1 10 12 1 10 12 1 10 12 1 10 12 1 1 10 7 12 1 1 1 10 12 1 1 7 1 10 12 1 4 4 10 12 1 10 12 1 10 12 1 10 12 1 1 10 12 1 10 12 1 10 12 1 9 100 12 1 1 1 10 12 1 1 9 12 1 10 12 1 1 10 12 1 1 10 12 1 10 12 1 1 9 7 12 1 1 1 10 12 1 1 10 7 12 1 1 1 10 12 1 1 10 12 1 1 10 10 10 10 10 10 10 10 12 1 1 10 10 12 1 1 10 7 12 1 1 1 9 12 1 1 10 12 1 9 12 1 10 12 1 100 1 10 12 1 100 1 10 12 1 11 12 1 1 10 12 1 1 10 12 1 7 1 10 10 12 1 1 1 1 1 1 1 1 1 1 1 1 1 1 1 1 1 1 1 1 1 1 1 1 1 1 1 1 1 1 1 1 100 1 1 1 1 1 1 1 1 1 1 1 1 1 1 1 1 1 1 1 1 1 1 1 1 1 1 1 1 1 1 1 1 1 1 1 1 1 1 1 1 1 1 1 1 1 1 1 1 1 1 1 1 1 1 1 1 1 1 1 1 1 1 1 1 1 1 1 1 1 1 1 1 1 1 1 1 1 1 100 1 1 1 1 1 1 1 1 1 1 1 1 1 1 1 1 100 1 100 1 100 1 100 1 100 1 100 1 100 1 100 1 100 1 100 1 100 1 100 1 100 1 100 1 100 1 1 15 10 7 12 1 1 1 16 15 10 12 16 1 16 15 10 12 15 10 100 12 1 1 8 1 1 1 1 1 1 1 1 100 1 1 100 1 100 1 1
ciInstanceKlass com/jfoenix/controls/JFXButton 1 1 231 9 9 10 7 10 9 7 10 8 9 10 7 10 8 10 10 10 10 10 10 8 10 8 10 10 10 10 7 8 11 7 10 9 10 10 100 10 10 7 10 10 10 10 10 10 10 10 8 10 10 7 7 1 1 1 1 1 1 1 1 1 1 1 1 1 1 1 1 1 1 1 1 1 1 1 1 1 1 1 1 100 1 1 1 1 1 1 1 1 1 1 1 1 1 1 1 1 1 1 1 1 1 1 1 1 1 1 1 1 1 1 1 1 1 1 1 1 1 1 1 1 1 1 1 1 1 1 1 1 12 12 12 1 12 12 1 12 12 12 1 12 12 12 7 12 12 7 12 7 12 1 12 1 12 12 12 12 1 1 7 12 1 12 12 12 7 12 1 12 7 1 12 100 12 100 12 12 12 12 12 1 7 12 7 12 1 1 1 1 1 1 1 1 1 1 1 1 1 1 1 1 1 1 1 1 1 1 1 1 1 1 1 1 1 1 1 1 1 1 1 1 1 1 1 1 1 1 1 1 1
staticfield com/jfoenix/controls/JFXButton USER_AGENT_STYLESHEET Ljava/lang/String; "jar:file:/C:/Users/Movindu%20Lochana/.m2/repository/com/jfoenix/jfoenix/9.0.10/jfoenix-9.0.10.jar!/com/jfoenix/assets/css/controls/jfx-button.css"
ciInstanceKlass javafx/scene/image/ImageView 1 1 383 10 7 12 1 1 1 10 7 12 1 1 1 9 7 12 1 1 1 7 1 10 12 9 12 1 1 10 12 1 1 8 1 11 7 12 1 1 1 9 7 12 1 1 1 10 12 1 1 9 7 12 1 1 1 10 12 1 1 7 1 10 12 1 10 12 1 10 12 1 10 12 1 1 10 7 12 1 1 1 9 12 1 1 10 12 1 1 7 1 10 100 1 10 10 12 1 1 10 7 12 1 1 9 12 1 1 10 12 1 100 1 10 10 12 1 9 12 1 100 1 10 10 12 1 9 12 1 7 1 10 10 12 1 9 12 1 7 1 10 10 12 1 1 10 7 12 1 1 9 12 1 1 10 12 1 7 1 10 10 12 1 9 12 1 9 12 1 1 100 1 10 12 1 10 12 1 9 12 1 100 1 100 1 10 7 1 10 10 12 1 10 12 1 10 12 1 9 12 1 1 9 12 1 10 7 12 1 1 1 10 7 12 1 1 1 9 12 1 10 12 1 1 10 12 1 1 10 12 1 10 12 1 10 10 10 12 1 10 12 1 10 12 1 10 12 1 10 12 1 10 7 12 1 1 1 10 12 1 1 11 7 12 1 1 1 10 12 1 1 9 7 12 1 1 1 10 12 1 1 10 7 12 1 1 1 10 12 1 1 9 7 12 1 1 1 10 12 1 1 10 12 1 1 10 12 1 9 12 1 10 12 1 10 12 1 9 12 1 10 12 9 12 1 10 12 1 7 1 10 10 12 1 1 10 12 1 1 1 1 1 1 1 1 1 1 1 1 1 1 1 1 1 1 1 1 1 1 1 1 1 1 1 1 1 1 100 1 1 1 1 1 1 1 1 100 1 1 1 1 100 1 1
staticfield javafx/scene/image/ImageView SMOOTH_DEFAULT Z 1
ciInstanceKlass javafx/scene/layout/AnchorPane 1 1 245 7 1 8 1 10 12 1 1 10 12 1 1 7 1 8 1 8 1 8 1 10 12 1 1 10 12 1 10 12 1 10 12 1 10 7 12 1 1 1 10 12 1 1 11 7 12 1 1 1 10 12 1 1 10 12 1 6 0 10 12 1 1 10 7 12 1 1 1 10 12 1 10 12 1 1 11 7 12 1 1 1 11 7 12 1 1 1 11 12 1 1 7 1 10 12 1 1 10 12 1 10 12 1 10 12 1 1 10 7 12 1 1 10 12 1 10 12 1 1 9 7 12 1 1 1 10 12 1 10 12 1 10 12 1 1 10 12 1 1 10 12 1 1 10 7 12 1 1 1 10 12 1 10 12 1 10 12 1 10 12 1 10 12 1 1 10 12 1 10 12 1 10 12 1 10 12 1 10 12 1 10 12 1 10 12 1 10 12 1 9 12 1 10 12 1 10 12 1 10 12 1 1 10 12 1 10 12 1 10 12 1 9 12 1 1 10 12 1 10 12 1 10 12 1 1 1 1 1 1 1 1 1 1 1 1 1 1 1 1 1 1 1 1 1
ciInstanceKlass com/sun/javafx/scene/NodeHelper$NodeAccessor 1 0 79 100 1 100 1 1 1 1 1 1 1 1 1 1 1 1 1 1 1 1 1 1 1 1 1 1 1 1 1 1 1 1 1 1 1 1 1 1 1 1 1 1 1 1 1 1 1 1 1 1 1 1 1 1 1 1 1 1 1 1 1 1 1 1 1 1 1 1 1 1 1 1 1 1 1 100 1 1 1
instanceKlass javafx/scene/layout/GridPane$4
instanceKlass javafx/scene/control/skin/TextInputControlSkin$11
instanceKlass javafx/scene/layout/VBox$3
instanceKlass javafx/scene/layout/HBox$3
instanceKlass javafx/scene/control/ScrollPane$5
instanceKlass javafx/scene/control/ScrollPane$3
instanceKlass javafx/scene/control/ScrollPane$4
instanceKlass javafx/scene/text/Text$TextAttribute$3
instanceKlass javafx/scene/text/Text$TextAttribute$2
instanceKlass javafx/scene/shape/Shape$5
instanceKlass javafx/css/SimpleStyleableBooleanProperty
instanceKlass javafx/scene/control/Labeled$9
instanceKlass javafx/scene/control/Labeled$5
instanceKlass javafx/scene/layout/Region$2
instanceKlass javafx/scene/layout/Region$10
instanceKlass javafx/scene/layout/Region$9
instanceKlass javafx/scene/layout/Region$11
instanceKlass javafx/scene/Node$10
instanceKlass javafx/scene/Node$19
instanceKlass javafx/scene/Node$6
ciInstanceKlass javafx/css/StyleableBooleanProperty 1 1 69 10 7 12 1 1 1 9 7 12 1 1 1 10 12 1 10 7 12 1 1 1 10 12 1 10 12 1 1 9 7 12 1 1 10 10 12 1 1 100 1 1 1 1 1 1 1 1 1 1 1 1 100 1 8 1 1 12 10 1 1 1 8 1 1 1 8 1 1
ciInstanceKlass javafx/scene/Node$6 1 1 80 9 7 12 1 1 1 10 7 12 1 1 1 9 12 1 1 10 12 1 1 9 7 12 1 1 1 10 7 12 1 1 1 10 12 1 1 10 7 12 1 1 10 12 1 1 10 7 12 1 1 9 100 12 1 1 1 8 1 1 1 1 1 1 1 1 1 1 1 1 1 1 1 1 12 1 1 1 1 1
ciInstanceKlass javafx/scene/SubScene 0 0 589 9 100 12 1 1 1 10 100 12 1 1 1 10 100 12 1 1 10 100 12 1 1 1 9 12 1 1 9 12 1 1 9 12 1 100 1 10 12 9 12 1 1 9 12 1 1 100 1 10 9 12 1 1 9 12 1 9 12 1 10 12 1 1 10 12 1 1 10 12 1 9 12 1 10 100 12 1 1 1 10 100 12 1 1 1 8 1 10 12 1 1 10 100 12 1 1 1 10 12 1 1 8 1 10 12 1 1 10 100 12 1 1 1 9 12 1 10 12 1 1 100 1 100 1 10 10 12 1 9 12 1 100 1 100 1 10 10 12 1 1 100 1 9 12 1 1 100 1 10 10 12 1 10 12 1 1 10 12 1 10 12 1 10 12 1 9 100 12 1 1 1 10 12 1 1 10 12 1 1 10 100 12 1 9 12 1 1 10 12 100 1 10 10 12 1 9 12 1 100 1 10 10 12 1 9 12 1 100 1 100 1 10 12 1 10 12 1 10 12 1 1 100 1 10 12 1 10 12 1 1 10 12 1 10 12 1 9 12 1 10 12 1 1 10 12 1 1 11 100 12 1 1 1 10 12 1 9 12 1 10 12 1 10 12 9 12 1 10 100 1 10 12 1 1 9 12 1 10 12 1 1 10 10 12 1 10 12 1 10 12 1 10 12 1 10 12 1 9 12 1 1 9 100 12 1 1 9 10 12 1 1 10 12 1 9 100 12 1 1 1 10 12 1 10 12 1 1 9 12 1 10 100 1 8 10 12 1 100 1 10 12 1 10 12 1 10 10 12 1 10 100 12 1 1 1 10 100 12 1 1 1 10 100 12 1 1 1 10 10 12 1 1 10 12 1 10 10 12 1 10 100 12 1 1 1 10 12 1 1 9 12 1 10 100 12 1 1 10 12 1 10 12 1 1 10 12 1 1 100 1 10 100 1 10 10 12 1 1 10 12 1 1 10 100 12 1 1 10 12 1 1 10 12 1 1 10 12 1 1 10 100 12 1 1 1 10 12 1 10 12 1 1 10 100 12 1 1 10 12 1 10 12 1 1 10 12 1 1 10 12 1 10 12 1 1 11 100 12 1 1 1 9 12 1 11 12 1 11 12 1 10 12 1 1 11 12 1 10 12 1 1 11 12 1 100 1 11 12 1 100 1 10 100 1 10 10 12 1 1 9 100 12 1 1 1 10 100 12 1 1 1 1 1 1 1 1 1 1 1 1 1 1 1 1 1 1 1 1 1 1 1 1 1 1 1 100 1 1 1 1 1 1 1 1 1 1 1 1 1 1 1 100 1 1 1 1 100 1 1 1 1 1 1 1 1 100 1 1
instanceKlass javafx/scene/shape/Line
instanceKlass javafx/scene/shape/Circle
instanceKlass javafx/scene/shape/Rectangle
instanceKlass javafx/scene/shape/SVGPath
instanceKlass javafx/scene/shape/Path
instanceKlass javafx/scene/text/Text
ciInstanceKlass javafx/scene/shape/Shape 1 1 715 10 7 12 1 1 1 9 7 12 1 1 1 9 7 12 1 1 7 1 10 12 1 9 12 1 1 9 12 1 1 10 12 1 1 10 7 12 1 1 1 9 12 1 1 9 12 1 1 10 7 12 1 1 1 10 12 1 1 10 12 1 10 12 1 1 10 7 12 1 1 10 12 1 1 10 12 1 10 12 1 9 12 1 1 10 12 1 1 10 12 1 10 12 1 9 12 1 1 10 12 1 1 10 12 1 10 12 1 6 0 10 12 1 10 12 1 10 12 1 10 12 1 10 12 1 10 12 1 1 10 12 1 1 10 12 1 9 12 1 9 12 1 9 12 1 10 12 1 1 9 7 12 1 1 1 10 7 12 1 1 1 10 12 1 1 10 12 1 9 12 1 1 9 7 12 1 1 1 10 12 1 1 7 1 7 1 10 12 1 10 12 1 9 12 1 7 1 10 10 12 1 1 10 7 12 1 1 9 12 1 1 10 12 1 7 1 10 12 1 9 7 12 1 1 1 10 12 1 1 10 7 12 1 1 1 10 12 1 1 10 12 1 1 10 12 1 1 7 1 10 12 1 10 12 1 10 12 1 1 9 12 1 1 10 12 1 10 7 12 1 1 1 10 12 1 10 12 1 10 12 1 10 12 1 1 10 12 1 10 12 1 10 12 1 1 10 12 1 1 10 12 1 1 9 12 1 10 7 12 1 1 1 11 7 12 1 1 1 10 12 1 9 12 1 10 12 1 9 12 1 10 12 1 10 12 1 9 12 1 1 10 7 1 100 1 10 12 1 1 11 12 1 10 12 1 7 1 10 12 10 12 1 10 7 12 1 1 1 10 7 12 1 1 10 12 1 10 12 1 10 12 1 6 0 10 12 1 10 12 1 10 12 1 10 12 1 10 7 12 1 1 10 12 1 10 12 1 1 100 1 4 4 9 7 12 1 1 10 12 1 1 10 12 1 1 6 0 10 7 12 1 1 1 10 12 1 1 10 12 1 1 10 10 12 1 11 100 12 1 1 11 12 1 100 1 10 12 1 1 10 12 1 1 10 100 12 1 1 1 10 12 1 1 10 12 1 10 12 1 10 12 1 1 10 12 1 10 10 12 1 1 10 12 1 1 10 12 1 100 1 10 10 12 1 10 12 1 1 10 12 1 1 10 12 1 10 12 1 1 10 12 1 100 1 10 10 12 1 11 100 12 1 1 11 12 1 1 100 1 10 12 1 11 100 12 1 1 100 1 10 100 1 10 12 1 100 1 10 12 1 100 1 10 11 12 1 11 12 1 9 100 12 1 1 1 9 12 1 10 12 1 1 10 12 1 1 10 12 1 7 1 10 10 12 1 1 9 12 1 9 7 12 1 1 9 7 12 1 1 1 1 1 1 1 1 1 1 6 0 1 6 0 1 1 1 1 1 1 1 1 1 1 1 1 1 1 1 1 1 1 1 1 1 1 1 1 1 1 1 1 1 1 1 100 100 1 1 1 1 1 1 1 1 1 1 1 1 1 1 1 100 1 100 1 100 1 100 1 100 1 100 1 100 1 100 1 100 1 100 1 100 1 100 1 100 1 100 1 100 1 100 1 100 1 100 1 1 1 1 1 1 100 1 1
staticfield javafx/scene/shape/Shape DEFAULT_STROKE_TYPE Ljavafx/scene/shape/StrokeType; javafx/scene/shape/StrokeType
staticfield javafx/scene/shape/Shape DEFAULT_STROKE_LINE_JOIN Ljavafx/scene/shape/StrokeLineJoin; javafx/scene/shape/StrokeLineJoin
staticfield javafx/scene/shape/Shape DEFAULT_STROKE_LINE_CAP Ljavafx/scene/shape/StrokeLineCap; javafx/scene/shape/StrokeLineCap
staticfield javafx/scene/shape/Shape DEFAULT_PG_STROKE_DASH_ARRAY [F 0
ciInstanceKlass javafx/scene/Node$1 1 1 191 10 7 12 1 1 1 9 7 12 1 1 1 10 12 1 1 10 12 1 10 12 1 1 10 12 1 1 10 12 1 10 12 1 1 10 12 1 1 10 12 1 10 12 1 10 12 1 10 12 1 1 10 12 1 1 10 12 1 10 12 1 10 12 1 1 10 12 1 1 10 12 1 10 12 1 1 10 12 1 1 10 12 1 1 10 12 1 10 12 1 10 12 1 10 12 1 10 12 1 1 10 12 1 10 12 1 10 12 1 1 9 12 1 1 10 12 1 1 10 12 1 10 12 1 1 10 12 1 10 12 1 1 10 12 1 10 12 1 1 10 12 1 1 10 12 1 100 1 100 1 1 1 1 1 1 1 1 1 1 1 1 1 1 1 1 1 1 1 1 1 1 1 1 1 1 1 1 1 1 1 1 1 1 1 1 1 1 100 1 1
instanceKlass com/sun/javafx/scene/canvas/CanvasHelper
instanceKlass com/sun/javafx/scene/CameraHelper
instanceKlass com/sun/javafx/scene/shape/ShapeHelper
instanceKlass com/sun/javafx/scene/ImageViewHelper
instanceKlass com/sun/javafx/scene/ParentHelper
ciInstanceKlass com/sun/javafx/scene/NodeHelper 1 1 268 10 7 12 1 1 1 9 7 12 1 1 1 11 7 12 1 1 1 100 1 8 1 100 1 8 1 8 1 100 1 18 12 1 1 10 12 1 11 12 1 1 10 10 12 1 1 10 12 1 1 10 12 1 1 10 12 1 1 10 12 1 1 10 12 1 10 12 1 1 10 12 1 1 10 12 1 1 10 12 1 10 12 1 10 12 1 11 12 1 11 12 1 11 12 1 11 12 1 11 12 1 11 12 1 11 12 1 11 12 1 11 12 1 11 12 1 1 11 12 1 1 11 12 1 11 12 1 11 12 1 1 11 12 1 11 12 1 1 11 12 1 11 12 1 1 11 12 1 1 11 12 1 1 11 12 1 11 12 1 11 12 1 11 12 1 11 12 1 1 11 12 1 11 12 1 11 12 1 1 11 12 1 1 11 12 1 11 12 1 1 11 12 1 11 12 1 1 11 12 1 11 12 1 1 11 12 1 1 11 12 1 100 1 10 7 1 10 7 12 1 1 1 1 1 1 100 1 1 1 1 1 1 1 1 1 1 1 1 1 1 1 1 1 1 1 1 1 1 1 1 1 1 15 10 100 12 1 1 8 1 1 1 100 1 100 1 1
instanceKlass javafx/scene/transform/Scale
instanceKlass javafx/scene/transform/Transform$ImmutableTransform
instanceKlass javafx/scene/transform/Affine
instanceKlass javafx/scene/transform/Rotate
ciInstanceKlass javafx/scene/transform/Transform 1 1 621 10 7 12 1 1 1 9 7 12 1 1 1 7 1 10 9 12 1 1 100 1 10 10 12 1 1 10 12 1 10 12 1 10 12 1 10 12 1 10 12 1 10 12 1 10 12 1 10 12 1 10 12 1 10 12 1 10 12 1 100 1 10 10 12 1 10 12 1 100 1 10 10 12 1 10 12 1 10 12 1 100 1 10 10 10 10 10 100 1 10 10 10 10 10 10 100 12 1 1 1 10 12 1 100 1 10 100 12 1 1 1 18 12 1 1 10 12 1 9 100 12 1 1 1 10 12 1 10 12 1 1 100 1 8 1 10 10 12 1 1 10 12 1 10 12 1 10 12 1 10 12 1 10 12 1 10 12 1 10 12 1 10 12 1 10 12 1 10 12 1 10 12 1 100 1 18 12 1 10 9 12 1 1 10 12 1 10 100 12 1 1 100 1 10 12 1 9 12 1 10 12 1 100 1 10 10 12 1 1 10 100 12 1 1 1 10 12 1 10 100 12 1 1 10 100 12 1 1 10 12 1 10 12 1 1 10 12 1 10 12 1 10 12 1 10 12 1 10 12 1 10 12 1 10 12 1 1 10 12 1 10 12 1 1 10 12 1 10 12 1 1 18 12 1 18 10 12 1 1 18 10 12 1 10 12 1 10 12 1 1 10 12 1 10 100 12 1 1 1 10 12 1 10 12 1 10 12 1 10 12 1 10 12 1 10 10 10 12 1 10 100 12 1 1 1 10 12 1 100 1 10 100 1 8 1 10 10 12 1 1 10 12 1 1 10 12 1 10 12 1 10 12 10 12 1 10 12 10 12 1 10 12 1 10 12 1 10 12 10 100 12 1 1 1 9 12 1 1 100 1 10 12 1 10 12 1 1 11 100 12 1 1 1 10 12 1 1 10 12 1 10 12 1 10 12 1 10 12 1 10 12 1 1 10 100 12 1 1 9 12 1 1 10 12 1 100 1 100 1 8 10 12 1 10 12 1 8 1 8 1 10 12 1 10 12 1 10 12 1 1 11 7 12 1 1 11 12 1 7 1 10 7 12 1 1 1 10 12 1 100 1 10 12 1 10 100 12 1 1 1 10 12 10 12 1 10 100 1 10 12 1 10 10 12 1 7 1 10 10 10 12 1 10 12 1 1 7 1 10 10 7 12 1 1 1 100 1 100 1 1 1 1 1 1 1 1 1 1 1 1 1 1 1 1 1 1 1 1 1 1 1 1 1 1 1 1 1 1 1 1 1 1 100 1 1 1 1 100 1 1 1 1 1 1 1 1 1 1 1 1 1 1 1 1 1 1 1 1 1 1 1 1 1 1 1 1 100 1 1 1 1 1 1 15 10 100 12 1 1 8 1 8 1 8 1 8 1 8 1 1 1 1 100 1 1 100 1 100 1 1
ciInstanceKlass com/sun/javafx/scene/transform/TransformHelper 1 1 65 10 100 12 1 1 1 9 7 12 1 1 1 11 7 12 1 1 1 11 12 1 11 12 1 1 11 12 1 1 11 12 1 1 11 12 1 11 12 1 11 12 1 100 1 10 7 1 10 7 12 1 1 1 1 1 1 1 1 1 1 1 1 1 1
ciInstanceKlass javafx/geometry/Point3D 1 1 144 9 7 12 1 1 1 9 12 1 9 12 1 10 7 12 1 1 1 9 12 1 1 10 12 1 1 10 12 1 10 12 1 10 100 12 1 1 1 10 12 1 1 10 12 1 10 12 1 1 10 12 1 10 12 1 6 0 10 12 1 6 0 6 0 10 12 1 10 12 1 10 12 1 10 12 1 10 12 1 5 0 5 0 10 100 12 1 1 1 18 12 1 1 10 12 1 1 9 12 1 1 100 1 1 1 1 1 1 1 1 1 1 1 1 1 1 1 1 1 1 1 1 1 1 1 1 1 1 1 15 10 100 12 1 1 8 1 1 100 1 100 1 1
staticfield javafx/geometry/Point3D ZERO Ljavafx/geometry/Point3D; javafx/geometry/Point3D
ciInstanceKlass javafx/scene/Parent$1 1 1 72 10 7 12 1 1 1 7 1 10 12 1 1 10 12 1 10 12 1 1 10 12 1 1 10 12 1 10 12 1 1 10 12 1 1 10 12 1 1 10 12 1 1 10 12 1 1 100 1 100 1 1 1 1 1 1 1 1 1 1 1 1 1 1 1 1 1 1 1 100 1 1
instanceKlass com/sun/javafx/scene/GroupHelper
instanceKlass com/sun/javafx/scene/layout/RegionHelper
ciInstanceKlass com/sun/javafx/scene/ParentHelper 1 1 115 10 7 12 1 1 1 9 7 12 1 1 1 10 12 1 1 10 12 1 1 10 12 1 1 10 12 1 1 10 12 1 1 9 12 1 1 11 7 12 1 1 1 10 12 1 11 12 1 11 12 1 1 11 12 1 1 10 12 1 11 12 1 11 12 1 11 12 1 1 11 12 1 1 11 12 1 1 11 12 1 1 100 1 10 10 7 1 10 7 12 1 1 1 1 1 1 1 1 1 1 1 1 1 1 1 1 1 1 1 1 1 1 1 1
staticfield com/sun/javafx/scene/ParentHelper theInstance Lcom/sun/javafx/scene/ParentHelper; com/sun/javafx/scene/ParentHelper
instanceKlass javafx/scene/control/PopupControl$CSSBridgeHelper
ciInstanceKlass com/sun/javafx/scene/layout/PaneHelper 1 1 52 10 7 12 1 1 1 9 7 12 1 1 1 10 12 1 1 10 12 1 1 9 12 1 1 100 1 10 10 7 1 10 7 12 1 1 1 1 1 1 1 1 1 1 1 1 1 1 100 1 1 1
staticfield com/sun/javafx/scene/layout/PaneHelper theInstance Lcom/sun/javafx/scene/layout/PaneHelper; com/sun/javafx/scene/layout/PaneHelper
ciInstanceKlass com/sun/javafx/scene/DirtyBits 1 1 210 7 1 9 12 1 1 9 12 1 9 12 1 9 12 1 9 12 1 9 12 1 9 12 1 9 12 1 9 12 1 9 12 1 9 12 1 9 12 1 9 12 1 9 12 1 9 12 1 9 12 1 9 12 1 9 12 1 9 12 1 9 12 1 9 12 1 9 12 1 9 12 1 9 12 1 9 12 1 9 12 1 9 12 1 9 12 1 9 12 1 9 12 1 9 12 1 9 12 1 9 12 1 9 12 1 9 12 1 9 12 1 9 12 1 9 12 1 9 12 1 9 12 1 9 12 1 9 12 1 9 12 1 9 12 1 1 10 7 12 1 1 10 7 12 1 1 1 10 12 1 1 8 10 8 8 8 8 8 8 8 8 8 8 8 8 8 8 8 8 8 8 8 8 8 8 8 8 8 8 8 8 8 8 8 8 8 8 8 8 8 8 8 8 8 8 10 12 1 1 1 1 1 1 1 1 1 1 1 1
staticfield com/sun/javafx/scene/DirtyBits NODE_CACHE Lcom/sun/javafx/scene/DirtyBits; com/sun/javafx/scene/DirtyBits
staticfield com/sun/javafx/scene/DirtyBits NODE_CLIP Lcom/sun/javafx/scene/DirtyBits; com/sun/javafx/scene/DirtyBits
staticfield com/sun/javafx/scene/DirtyBits NODE_EFFECT Lcom/sun/javafx/scene/DirtyBits; com/sun/javafx/scene/DirtyBits
staticfield com/sun/javafx/scene/DirtyBits NODE_OPACITY Lcom/sun/javafx/scene/DirtyBits; com/sun/javafx/scene/DirtyBits
staticfield com/sun/javafx/scene/DirtyBits NODE_TRANSFORM Lcom/sun/javafx/scene/DirtyBits; com/sun/javafx/scene/DirtyBits
staticfield com/sun/javafx/scene/DirtyBits NODE_BOUNDS Lcom/sun/javafx/scene/DirtyBits; com/sun/javafx/scene/DirtyBits
staticfield com/sun/javafx/scene/DirtyBits NODE_TRANSFORMED_BOUNDS Lcom/sun/javafx/scene/DirtyBits; com/sun/javafx/scene/DirtyBits
staticfield com/sun/javafx/scene/DirtyBits NODE_VISIBLE Lcom/sun/javafx/scene/DirtyBits; com/sun/javafx/scene/DirtyBits
staticfield com/sun/javafx/scene/DirtyBits NODE_DEPTH_TEST Lcom/sun/javafx/scene/DirtyBits; com/sun/javafx/scene/DirtyBits
staticfield com/sun/javafx/scene/DirtyBits NODE_BLENDMODE Lcom/sun/javafx/scene/DirtyBits; com/sun/javafx/scene/DirtyBits
staticfield com/sun/javafx/scene/DirtyBits NODE_CSS Lcom/sun/javafx/scene/DirtyBits; com/sun/javafx/scene/DirtyBits
staticfield com/sun/javafx/scene/DirtyBits NODE_FORCE_SYNC Lcom/sun/javafx/scene/DirtyBits; com/sun/javafx/scene/DirtyBits
staticfield com/sun/javafx/scene/DirtyBits NODE_VIEW_ORDER Lcom/sun/javafx/scene/DirtyBits; com/sun/javafx/scene/DirtyBits
staticfield com/sun/javafx/scene/DirtyBits NODE_GEOMETRY Lcom/sun/javafx/scene/DirtyBits; com/sun/javafx/scene/DirtyBits
staticfield com/sun/javafx/scene/DirtyBits NODE_CULLFACE Lcom/sun/javafx/scene/DirtyBits; com/sun/javafx/scene/DirtyBits
staticfield com/sun/javafx/scene/DirtyBits NODE_DRAWMODE Lcom/sun/javafx/scene/DirtyBits; com/sun/javafx/scene/DirtyBits
staticfield com/sun/javafx/scene/DirtyBits NODE_SMOOTH Lcom/sun/javafx/scene/DirtyBits; com/sun/javafx/scene/DirtyBits
staticfield com/sun/javafx/scene/DirtyBits NODE_VIEWPORT Lcom/sun/javafx/scene/DirtyBits; com/sun/javafx/scene/DirtyBits
staticfield com/sun/javafx/scene/DirtyBits NODE_CONTENTS Lcom/sun/javafx/scene/DirtyBits; com/sun/javafx/scene/DirtyBits
staticfield com/sun/javafx/scene/DirtyBits PARENT_CHILDREN Lcom/sun/javafx/scene/DirtyBits; com/sun/javafx/scene/DirtyBits
staticfield com/sun/javafx/scene/DirtyBits PARENT_CHILDREN_VIEW_ORDER Lcom/sun/javafx/scene/DirtyBits; com/sun/javafx/scene/DirtyBits
staticfield com/sun/javafx/scene/DirtyBits SHAPE_FILL Lcom/sun/javafx/scene/DirtyBits; com/sun/javafx/scene/DirtyBits
staticfield com/sun/javafx/scene/DirtyBits SHAPE_FILLRULE Lcom/sun/javafx/scene/DirtyBits; com/sun/javafx/scene/DirtyBits
staticfield com/sun/javafx/scene/DirtyBits SHAPE_MODE Lcom/sun/javafx/scene/DirtyBits; com/sun/javafx/scene/DirtyBits
staticfield com/sun/javafx/scene/DirtyBits SHAPE_STROKE Lcom/sun/javafx/scene/DirtyBits; com/sun/javafx/scene/DirtyBits
staticfield com/sun/javafx/scene/DirtyBits SHAPE_STROKEATTRS Lcom/sun/javafx/scene/DirtyBits; com/sun/javafx/scene/DirtyBits
staticfield com/sun/javafx/scene/DirtyBits REGION_SHAPE Lcom/sun/javafx/scene/DirtyBits; com/sun/javafx/scene/DirtyBits
staticfield com/sun/javafx/scene/DirtyBits TEXT_ATTRS Lcom/sun/javafx/scene/DirtyBits; com/sun/javafx/scene/DirtyBits
staticfield com/sun/javafx/scene/DirtyBits TEXT_FONT Lcom/sun/javafx/scene/DirtyBits; com/sun/javafx/scene/DirtyBits
staticfield com/sun/javafx/scene/DirtyBits TEXT_SELECTION Lcom/sun/javafx/scene/DirtyBits; com/sun/javafx/scene/DirtyBits
staticfield com/sun/javafx/scene/DirtyBits TEXT_HELPER Lcom/sun/javafx/scene/DirtyBits; com/sun/javafx/scene/DirtyBits
staticfield com/sun/javafx/scene/DirtyBits MEDIAVIEW_MEDIA Lcom/sun/javafx/scene/DirtyBits; com/sun/javafx/scene/DirtyBits
staticfield com/sun/javafx/scene/DirtyBits WEBVIEW_VIEW Lcom/sun/javafx/scene/DirtyBits; com/sun/javafx/scene/DirtyBits
staticfield com/sun/javafx/scene/DirtyBits EFFECT_EFFECT Lcom/sun/javafx/scene/DirtyBits; com/sun/javafx/scene/DirtyBits
staticfield com/sun/javafx/scene/DirtyBits NODE_CAMERA Lcom/sun/javafx/scene/DirtyBits; com/sun/javafx/scene/DirtyBits
staticfield com/sun/javafx/scene/DirtyBits NODE_CAMERA_TRANSFORM Lcom/sun/javafx/scene/DirtyBits; com/sun/javafx/scene/DirtyBits
staticfield com/sun/javafx/scene/DirtyBits NODE_LIGHT Lcom/sun/javafx/scene/DirtyBits; com/sun/javafx/scene/DirtyBits
staticfield com/sun/javafx/scene/DirtyBits NODE_LIGHT_SCOPE Lcom/sun/javafx/scene/DirtyBits; com/sun/javafx/scene/DirtyBits
staticfield com/sun/javafx/scene/DirtyBits NODE_LIGHT_TRANSFORM Lcom/sun/javafx/scene/DirtyBits; com/sun/javafx/scene/DirtyBits
staticfield com/sun/javafx/scene/DirtyBits MATERIAL Lcom/sun/javafx/scene/DirtyBits; com/sun/javafx/scene/DirtyBits
staticfield com/sun/javafx/scene/DirtyBits MESH Lcom/sun/javafx/scene/DirtyBits; com/sun/javafx/scene/DirtyBits
staticfield com/sun/javafx/scene/DirtyBits MESH_GEOM Lcom/sun/javafx/scene/DirtyBits; com/sun/javafx/scene/DirtyBits
staticfield com/sun/javafx/scene/DirtyBits DEBUG Lcom/sun/javafx/scene/DirtyBits; com/sun/javafx/scene/DirtyBits
staticfield com/sun/javafx/scene/DirtyBits $VALUES [Lcom/sun/javafx/scene/DirtyBits; 43 [Lcom/sun/javafx/scene/DirtyBits;
ciInstanceKlass javafx/scene/Node$ReadOnlyObjectWrapperManualFire 1 1 35 9 7 12 1 1 1 10 7 12 1 1 1 8 1 10 12 1 1 1 1 1 1 1 1 1 1 1 1 1 1 7 1 1 1
ciInstanceKlass javafx/geometry/Point2D 1 1 145 9 7 12 1 1 1 9 12 1 10 7 12 1 1 1 9 12 1 1 10 12 1 1 10 12 1 10 100 12 1 1 1 10 12 1 1 10 12 1 10 12 1 1 10 12 1 10 12 1 6 0 10 12 1 6 0 6 0 10 12 1 10 12 1 10 12 1 10 12 1 100 1 10 12 1 10 12 1 1 5 0 5 0 10 100 12 1 1 1 18 12 1 1 10 12 1 1 9 12 1 1 100 1 1 1 1 1 1 1 1 1 1 1 1 1 1 1 1 1 1 1 1 1 1 1 1 1 1 1 1 15 10 100 12 1 1 8 1 1 100 1 100 1 1
staticfield javafx/geometry/Point2D ZERO Ljavafx/geometry/Point2D; javafx/geometry/Point2D
ciInstanceKlass com/sun/javafx/geom/PickRay 1 1 193 10 7 12 1 1 1 7 1 10 9 7 12 1 1 1 9 12 1 9 12 1 1 100 1 6 0 9 12 1 10 12 1 1 10 12 1 10 10 12 1 1 6 0 10 7 12 1 1 1 9 12 1 9 12 1 9 12 1 10 12 1 10 12 1 10 12 1 1 10 12 1 1 6 0 10 12 1 10 12 1 1 10 12 1 10 12 10 12 10 12 10 12 10 12 1 10 7 12 1 1 10 12 1 1 10 12 1 1 100 1 10 10 12 1 1 6 0 6 0 6 0 6 0 10 12 1 10 12 1 10 12 1 10 100 12 1 1 1 18 12 1 1 1 1 1 1 1 1 1 1 100 1 1 1 1 1 1 1 1 1 1 1 1 1 1 1 1 1 1 100 1 1 1 1 1 1 1 1 15 10 100 12 1 1 8 1 1 100 1 100 1 1
ciInstanceKlass com/sun/javafx/scene/input/PickResultChooser 1 1 157 10 7 12 1 1 1 100 1 6 0 9 7 12 1 1 1 9 12 1 1 9 12 1 1 9 12 1 10 7 12 1 1 1 10 12 1 7 1 9 7 12 1 1 9 12 1 9 12 1 10 12 1 7 1 9 12 1 1 9 12 1 1 9 12 1 9 12 1 1 10 12 1 10 12 1 1 10 12 1 1 10 12 1 1 10 12 1 1 10 12 1 10 12 1 1 10 7 12 1 1 1 9 7 12 1 1 1 10 7 12 1 1 1 10 100 12 1 1 1 10 7 12 1 1 1 10 7 12 1 1 10 12 1 1 1 1 1 1 1 1 1 1 1 1 1 1 1 1 1 1 100 1 1 1 1 1
ciInstanceKlass javafx/scene/Parent$3 1 1 202 7 1 9 7 12 1 1 1 10 7 12 1 1 1 10 12 1 1 10 7 12 1 1 1 10 7 12 1 1 1 10 7 12 1 1 1 10 12 1 1 9 12 1 1 9 12 1 1 11 7 12 1 1 1 11 7 1 9 12 1 9 12 1 9 12 1 1 11 7 1 11 12 1 1 7 1 11 12 1 1 11 11 12 1 100 1 8 1 10 12 1 1 10 12 1 10 12 1 1 100 1 8 1 10 10 12 1 1 8 1 11 12 1 1 8 1 100 1 11 12 1 9 12 1 1 7 1 10 12 10 12 1 1 9 12 1 10 10 12 1 1 9 12 1 1 10 10 12 1 10 12 1 10 12 1 1 10 12 1 1 10 12 1 1 11 12 1 100 1 8 1 10 10 12 1 1 8 1 10 12 1 8 1 10 12 1 1 1 1 1 1 1 1 1 1 1 1 1 1 1 1
ciInstanceKlass javafx/scene/Parent$2 1 1 227 7 1 9 7 12 1 1 1 10 7 12 1 1 1 9 12 1 1 9 12 1 1 10 7 12 1 1 1 10 12 1 1 10 12 1 9 12 1 1 11 7 12 1 1 1 7 1 10 12 1 1 9 12 1 9 100 12 1 1 1 8 1 10 100 12 1 1 1 8 1 10 100 12 1 1 1 18 12 1 1 11 12 1 1 10 100 12 1 1 10 12 1 1 11 7 12 1 1 11 10 12 1 9 12 1 11 12 1 10 12 1 1 9 12 1 1 9 7 12 1 1 10 12 1 1 10 12 1 1 10 12 1 1 10 12 1 1 10 12 1 9 12 1 10 12 1 1 9 12 1 1 11 7 1 10 12 1 9 12 1 1 9 12 1 10 12 1 10 12 1 10 7 12 1 10 12 1 9 12 1 9 7 12 1 1 1 10 12 1 1 9 12 1 10 12 1 1 1 1 1 1 1 1 1 1 1 1 1 1 15 10 100 12 1 1 8 1 1 100 1 1 100 1 100 1 1
ciInstanceKlass javafx/scene/Node$MiscProperties 1 1 242 7 1 9 7 12 1 1 1 10 7 12 1 1 1 9 12 1 1 10 100 12 1 1 1 100 1 10 12 1 10 12 1 1 10 100 12 1 1 100 1 9 12 1 1 7 1 10 12 1 10 7 12 1 1 10 12 1 9 12 1 7 1 10 9 12 1 1 10 7 12 1 1 7 1 10 12 1 9 12 1 1 9 12 1 1 10 7 1 7 1 7 1 10 12 1 9 12 1 9 12 1 7 1 10 12 1 9 12 1 9 12 1 1 7 1 7 1 10 12 1 9 12 1 9 12 1 1 100 1 100 1 10 12 1 9 12 1 7 1 10 9 12 1 9 12 1 1 7 1 7 1 10 12 1 9 12 1 9 12 1 1 7 1 7 1 8 10 12 1 9 12 1 7 1 8 10 12 1 10 12 1 1 1 1 1 1 1 1 1 1 1 1 1 1 1 1 1 1 1 1 1 1 1 1 1 1 1 1 1 1 1 1 1 1 1 1 1 1 1 1 1 1 1 1 1 1 1 1 1 1 1 1 1 1 1 1 1 1 1 1 1
ciInstanceKlass com/sun/javafx/geom/Point2D 1 1 68 10 7 12 1 1 1 9 7 12 1 1 1 9 12 1 10 12 1 1 10 100 12 1 1 1 10 100 12 1 1 1 18 12 1 1 1 1 1 1 1 1 1 1 1 1 1 1 1 1 1 1 1 1 15 10 100 12 1 1 8 1 1 100 1 100 1 1
ciInstanceKlass javafx/scene/control/Labeled$9 1 1 43 9 7 12 1 1 1 10 7 12 1 1 1 9 100 12 1 1 1 8 1 1 1 1 1 1 1 1 1 1 1 1 1 1 1 100 1 12 1 1 1 1 1
ciInstanceKlass javafx/scene/control/Labeled$6 1 1 87 9 7 12 1 1 1 10 7 12 1 1 1 9 12 1 1 10 12 1 1 100 1 10 12 1 1 7 1 10 12 1 1 10 12 1 10 7 12 1 1 1 10 12 1 1 9 100 12 1 1 1 8 1 10 12 1 10 12 1 1 1 1 1 100 1 1 1 1 1 1 1 1 1 1 1 1 1 1 100 1 12 1 1 1 1 1
ciInstanceKlass javafx/scene/control/Labeled$14 1 1 44 9 7 12 1 1 1 10 7 12 1 1 1 9 100 12 1 1 1 8 1 1 1 1 1 1 1 1 1 1 1 1 1 1 1 1 100 1 12 1 1 1 1 1
ciInstanceKlass com/sun/javafx/scene/control/ControlHelper 1 1 71 10 7 12 1 1 1 9 7 12 1 1 1 10 12 1 1 10 12 1 1 10 12 1 1 10 12 1 1 9 12 1 1 11 7 12 1 1 1 10 12 1 11 12 1 100 1 10 10 7 1 10 7 12 1 1 1 1 1 1 1 1 1 1 1 1 1 1 1 1 1
staticfield com/sun/javafx/scene/control/ControlHelper theInstance Lcom/sun/javafx/scene/control/ControlHelper; com/sun/javafx/scene/control/ControlHelper
ciInstanceKlass javafx/scene/Node$MiscProperties$9 1 1 44 9 7 12 1 1 1 10 7 12 1 1 1 9 7 12 1 1 1 10 7 12 1 1 1 8 1 1 1 1 1 1 1 1 1 1 1 1 12 1 1 1 1 1
ciInstanceKlass javafx/scene/Node$MiscProperties$6 1 1 140 9 7 12 1 1 1 10 7 12 1 1 1 10 12 1 1 7 1 10 12 1 1 9 12 1 1 9 7 12 1 1 10 12 1 1 8 1 8 1 10 12 1 10 12 1 1 9 12 1 10 12 1 100 1 10 100 12 1 1 1 9 12 1 1 18 12 1 1 10 12 1 18 10 12 1 1 10 12 1 1 10 12 1 1 10 12 1 1 9 7 12 1 1 1 10 7 12 1 1 1 10 12 1 8 1 1 1 1 1 1 1 1 1 1 1 1 1 12 1 1 1 1 15 10 100 12 1 1 8 1 8 1 1 1 100 1 100 1 1
instanceKlass com/jfoenix/controls/JFXRippler$RippleGenerator$OverLayRipple
ciInstanceKlass javafx/scene/shape/Rectangle 1 1 322 7 1 10 7 12 1 1 1 7 1 10 9 7 12 1 1 1 10 7 12 1 1 1 7 1 10 12 9 12 1 1 7 1 10 9 12 1 10 12 1 1 10 12 1 10 12 1 1 10 12 1 10 12 1 10 12 1 9 12 1 10 12 1 1 10 7 12 1 1 10 12 1 1 100 1 10 9 12 1 10 12 1 7 1 10 9 12 1 10 12 1 7 1 10 9 12 1 10 12 1 7 1 10 7 1 10 9 7 12 1 1 1 10 12 1 1 10 12 1 10 12 1 9 100 12 1 1 1 10 12 1 1 9 7 12 1 1 1 10 100 12 1 1 1 10 12 1 1 10 100 12 1 1 1 10 12 1 1 9 12 1 10 12 1 1 9 100 12 1 1 1 10 12 1 9 12 1 6 0 10 12 1 10 12 1 10 12 1 10 12 1 10 12 1 1 10 12 1 1 9 7 12 1 1 1 10 7 12 1 1 1 10 12 1 1 10 12 1 100 1 8 1 10 12 1 10 12 1 1 8 1 10 12 1 1 8 1 8 1 10 12 1 8 1 8 1 8 1 8 1 10 12 1 1 10 12 1 10 12 1 8 1 8 1 8 1 10 12 1 7 1 10 10 12 1 1 1 1 1 3 1 1 1 1 1 1 1 1 1 1 1 1 1 1 1 1 1 1 1 1 1 100 1 100 1 1 1 1 1 100 1 100 1 1 1 100 1 1 100 1 1
instanceKlass javafx/scene/control/skin/ScrollBarSkin$1
instanceKlass javafx/scene/control/skin/ScrollPaneSkin$6
instanceKlass javafx/scene/control/skin/ScrollPaneSkin$5
instanceKlass com/jfoenix/controls/JFXRippler
ciInstanceKlass javafx/scene/layout/StackPane 1 1 283 7 1 8 1 10 12 1 1 10 12 1 1 7 1 8 1 7 1 10 12 1 1 10 12 1 1 10 7 12 1 1 1 9 12 1 1 10 12 1 1 11 7 12 1 1 1 9 12 1 1 7 1 9 12 1 1 10 12 1 10 12 1 1 10 7 12 1 1 1 10 12 1 1 10 12 1 1 9 12 1 1 10 12 1 1 11 7 12 1 1 1 11 7 12 1 1 1 11 12 1 7 1 10 12 1 1 9 100 12 1 1 10 12 1 1 10 12 1 1 9 12 1 1 10 12 1 1 10 12 1 10 12 1 10 12 1 10 12 1 1 10 12 1 1 10 12 1 6 0 10 12 1 10 12 1 1 10 12 1 10 12 1 1 10 12 1 10 12 1 9 7 12 1 1 1 18 12 1 1 10 12 1 1 11 12 1 1 11 12 1 10 12 1 10 12 1 1 10 12 1 1 9 7 12 1 1 1 10 12 1 10 100 12 1 1 1 18 12 1 1 1 1 1 1 1 1 1 1 1 1 1 1 1 1 1 1 1 1 1 100 1 1 1 100 1 1 1 1 1 1 1 1 1 1 100 1 1 15 10 7 12 1 1 1 16 1 15 10 12 16 1 15 10 12 16 1 1 100 1 100 1 1
staticfield javafx/scene/layout/StackPane marginAccessor Ljavafx/util/Callback; javafx/scene/layout/StackPane$$Lambda+0x0000023d271e4660
ciInstanceKlass com/jfoenix/skins/JFXButtonSkin$1 1 1 89 9 10 7 10 10 10 7 10 10 10 10 10 10 10 10 10 10 10 7 7 1 1 1 1 1 1 1 1 1 1 1 1 1 1 1 1 1 1 1 1 1 7 12 12 12 1 12 12 12 1 7 12 12 7 12 12 12 12 12 12 12 12 1 1 1 1 1 1 1 1 1 1 1 1 1 1 1 1 1 1 1 1 1 1 1 1 1 1
ciInstanceKlass com/sun/javafx/util/TempState 1 1 82 10 7 12 1 1 1 7 1 4 10 12 1 9 7 12 1 1 1 7 1 10 9 12 1 1 9 12 1 1 7 1 10 12 1 9 12 1 1 7 1 10 12 1 9 12 1 1 7 1 10 9 12 1 1 9 12 1 9 12 1 1 10 7 12 1 1 1 7 1 10 1 1 1 1 1 1 1 1 1 1 1
staticfield com/sun/javafx/util/TempState tempStateRef Ljava/lang/ThreadLocal; com/sun/javafx/util/TempState$1
ciInstanceKlass com/sun/javafx/util/TempState$1 1 1 26 10 7 12 1 1 1 7 1 10 10 7 12 1 1 1 1 1 1 1 1 1 1 1 1 1
ciInstanceKlass com/sun/javafx/collections/VetoableListDecorator$VetoableIteratorDecorator 1 1 103 9 7 12 1 1 1 10 7 12 1 1 1 9 12 1 1 11 7 12 1 1 1 9 12 1 1 9 12 1 1 9 12 1 10 12 1 11 7 12 1 1 1 11 12 1 1 9 12 1 9 12 1 100 1 10 10 100 12 1 1 1 10 100 12 1 1 1 10 12 1 11 12 1 100 1 10 12 1 100 1 10 11 12 1 11 12 1 1 1 1 1 1 1 1 1 1 1 1 1 1 1 1
ciInstanceKlass javafx/scene/shape/Shape3D 0 0 220 10 100 12 1 1 1 10 100 12 1 1 1 9 100 12 1 1 1 9 100 12 1 1 1 10 100 12 1 1 1 10 100 12 1 1 1 10 100 12 1 1 1 8 1 10 12 1 1 10 12 1 1 10 100 12 1 1 1 9 12 1 1 10 12 1 1 100 1 100 1 8 10 12 1 10 12 1 9 12 1 9 100 12 1 1 1 100 1 8 10 12 1 10 12 1 9 12 1 9 100 12 1 1 1 100 1 8 10 12 1 100 1 10 12 1 10 100 12 1 1 1 100 1 9 100 12 1 1 1 10 12 1 1 10 12 1 1 9 12 1 1 10 100 12 1 1 1 10 12 1 1 10 12 1 1 9 12 1 10 12 1 1 10 12 1 9 12 1 10 12 1 1 10 12 1 100 1 10 10 100 12 1 1 1 100 1 10 1 1 1 1 1 1 1 1 1 1 1 1 1 1 1 1 1 1 1 100 1 1 1 1 1 100 1 1 100 1 1 1
ciInstanceKlass com/sun/javafx/scene/canvas/CanvasHelper 1 1 74 10 7 12 1 1 1 9 7 12 1 1 1 10 12 1 1 10 12 1 1 9 12 1 1 11 7 12 1 1 1 10 12 1 1 11 12 1 11 12 1 1 11 12 1 1 100 1 10 10 7 1 10 7 12 1 1 1 1 1 1 1 1 1 1 1 1 1 1 1 1 1 1 1
staticfield com/sun/javafx/scene/canvas/CanvasHelper theInstance Lcom/sun/javafx/scene/canvas/CanvasHelper; com/sun/javafx/scene/canvas/CanvasHelper
ciInstanceKlass javafx/scene/canvas/Canvas 1 1 206 10 7 12 1 1 1 10 7 12 1 1 10 7 12 1 1 1 9 12 1 1 9 12 1 9 7 12 1 1 1 10 12 1 1 10 12 1 1 10 12 1 9 7 12 1 1 1 10 7 12 1 1 1 9 12 1 9 12 1 1 10 12 1 1 10 7 12 1 1 1 9 12 1 1 10 7 12 1 1 9 12 1 1 10 12 10 12 1 1 10 7 12 1 1 9 12 1 1 10 12 1 1 7 1 10 10 12 1 9 12 1 7 1 10 7 1 10 9 12 1 10 12 1 1 10 12 1 1 10 12 1 10 12 1 10 12 1 1 10 12 1 1 9 12 1 1 10 12 1 1 10 12 1 10 12 1 1 7 1 10 12 1 10 7 12 1 1 1 7 1 10 10 12 1 1 1 1 3 1 3 1 3 1 1 1 100 1 1 1 1 1 1 1 1 1 1 1 1 1 1 1 1 100 1 1
ciInstanceKlass com/sun/javafx/FXPermissions 1 1 60 10 100 12 1 1 1 7 1 8 1 10 12 1 9 7 12 1 1 1 8 1 9 12 1 8 1 9 12 1 8 1 9 12 1 8 1 9 12 1 8 1 9 12 1 8 1 9 12 1 8 1 9 12 1 1 1 1 1 1
staticfield com/sun/javafx/FXPermissions ACCESS_CLIPBOARD_PERMISSION Ljavafx/util/FXPermission; javafx/util/FXPermission
staticfield com/sun/javafx/FXPermissions ACCESS_WINDOW_LIST_PERMISSION Ljavafx/util/FXPermission; javafx/util/FXPermission
staticfield com/sun/javafx/FXPermissions CREATE_ROBOT_PERMISSION Ljavafx/util/FXPermission; javafx/util/FXPermission
staticfield com/sun/javafx/FXPermissions CREATE_TRANSPARENT_WINDOW_PERMISSION Ljavafx/util/FXPermission; javafx/util/FXPermission
staticfield com/sun/javafx/FXPermissions UNRESTRICTED_FULL_SCREEN_PERMISSION Ljavafx/util/FXPermission; javafx/util/FXPermission
staticfield com/sun/javafx/FXPermissions LOAD_FONT_PERMISSION Ljavafx/util/FXPermission; javafx/util/FXPermission
staticfield com/sun/javafx/FXPermissions MODIFY_FXML_CLASS_LOADER_PERMISSION Ljavafx/util/FXPermission; javafx/util/FXPermission
staticfield com/sun/javafx/FXPermissions SET_WINDOW_ALWAYS_ON_TOP_PERMISSION Ljavafx/util/FXPermission; javafx/util/FXPermission
ciInstanceKlass sun/nio/ch/Util$1 1 1 55 10 7 12 1 1 1 7 1 10 10 12 1 1 10 12 1 1 10 100 12 1 1 1 10 7 12 1 1 1 10 12 1 1 1 1 1 1 1 1 1 1 1 1 1 1 1 1 1 1 1 1 1 1 1
ciInstanceKlass org/fxmisc/flowless/VirtualFlow 1 1 704 9 9 9 10 7 100 10 10 10 7 10 9 9 10 9 10 7 10 10 11 9 18 11 10 8 11 9 9 7 10 9 10 10 7 10 10 7 10 9 7 10 9 10 10 18 11 10 10 18 11 9 18 10 10 10 10 11 10 10 10 10 11 10 11 10 10 10 10 10 11 10 11 11 7 10 11 11 9 10 10 10 10 100 8 10 6 0 11 10 10 11 11 11 11 11 11 11 11 11 11 11 11 10 10 10 10 10 11 11 11 11 8 10 100 10 10 100 10 100 10 11 11 10 11 11 10 10 10 10 10 10 10 11 10 10 10 10 11 10 10 10 10 10 7 9 10 10 10 10 10 10 7 10 10 10 7 8 10 10 7 10 10 11 10 7 100 100 1 1 1 1 1 1 1 1 1 1 1 1 1 1 1 1 1 1 1 1 1 1 1 1 1 1 1 1 1 1 1 1 1 1 1 1 1 1 1 1 1 1 1 1 1 1 1 1 1 1 1 1 1 1 1 1 1 1 1 1 1 1 1 1 1 1 1 1 1 1 1 1 1 1 1 1 1 1 1 1 1 1 1 1 1 1 1 1 1 1 1 1 1 1 1 1 1 1 1 1 1 1 1 1 1 1 1 1 1 1 1 1 1 1 1 1 1 1 1 1 1 1 1 1 1 1 1 1 1 1 1 1 1 1 1 1 1 1 100 1 1 1 1 1 1 1 1 1 1 1 1 1 1 1 1 1 1 1 1 1 1 1 1 1 1 1 1 1 1 1 1 1 1 1 1 1 1 1 1 1 1 1 1 1 1 1 1 1 1 1 1 1 1 1 1 1 1 1 1 1 1 12 12 12 12 1 1 12 12 12 1 12 12 12 12 1 12 12 7 12 12 1 15 16 15 16 12 12 12 1 7 12 12 12 1 12 12 7 12 12 1 12 12 1 12 12 1 12 12 12 12 16 15 16 12 7 12 7 12 12 15 7 12 16 15 16 12 12 12 12 7 12 12 12 12 7 12 12 12 100 12 12 12 12 12 7 12 12 12 1 12 12 12 12 12 100 12 12 12 1 1 12 12 12 12 12 12 12 12 12 12 12 12 12 12 12 12 12 12 12 12 12 12 12 12 1 12 1 12 12 1 12 1 12 12 12 12 12 12 12 7 12 12 12 12 12 12 12 12 12 100 12 12 12 1 12 12 12 12 12 12 12 1 7 12 12 12 1 1 7 12 12 1 12 7 7 12 1 1 1 1 1 1 1 1 1 1 1 1 10 1 1 1 1 1 1 1 1 1 1 1 1 1 1 1 1 1 1 1 1 1 1 1 10 1 1 1 1 1 1 1 1 1 1 1 1 10 1 1 1 1 1 1 1 1 1 1 1 1 1 1 1 1 1 1 1 1 1 1 1 1 1 1 1 1 1 1 1 1 1 1 1 1 1 1 1 1 1 1 1 1 1 1 1 1 1 1 1 1 1 1 1 1 1 1 1 1 1 1 1 1 1 1 1 1 1 1 1 1 1 1 1 1 1 1 1 1 1 1 1 1 1 1 1 1 1 1 1 1 1 1 1 1 1 7 12 12 12 1 1 100 1 1 100 1 1
staticfield org/fxmisc/flowless/VirtualFlow GRAVITY Ljavafx/css/CssMetaData; org/fxmisc/flowless/VirtualFlow$2
staticfield org/fxmisc/flowless/VirtualFlow STYLEABLES Ljava/util/List; java/util/Collections$UnmodifiableRandomAccessList
ciInstanceKlass javafx/scene/transform/Scale 1 1 298 10 7 12 1 1 1 10 7 12 1 1 1 10 12 1 10 12 1 10 12 1 10 12 1 10 12 1 10 12 1 10 12 1 10 12 1 1 10 7 12 1 1 9 12 1 1 10 12 1 1 7 1 10 12 1 10 12 1 9 12 1 7 1 10 10 12 1 9 12 1 100 1 10 10 12 1 9 12 1 7 1 10 12 1 10 12 1 9 12 1 7 1 10 10 12 1 9 12 1 100 1 10 10 12 1 10 12 1 10 12 1 10 12 1 10 12 1 10 12 1 10 12 1 100 1 10 10 10 100 1 10 12 1 1 10 12 1 1 10 12 1 10 12 1 10 12 1 10 12 1 10 12 1 10 12 1 10 12 1 10 12 1 10 12 1 10 12 1 10 12 1 10 12 1 10 12 1 100 1 8 1 10 12 1 10 12 1 100 1 10 100 1 10 12 1 100 1 8 1 10 8 1 10 12 1 1 10 12 1 8 1 8 1 8 1 8 1 8 1 8 1 10 12 1 1 10 100 12 1 1 10 12 1 10 12 1 1 10 7 12 1 1 1 10 12 1 10 12 1 10 12 1 10 12 1 10 12 1 1 1 1 1 1 1 1 1 1 1 1 1 1 1 1 1 100 1 1 1 1 1 1 1 1 1 1 1 1 1 1 1 1 100 1 1 1 1 1
ciInstanceKlass javafx/scene/Node$NodeTransformation$10 1 1 86 9 7 12 1 1 1 10 7 12 1 1 1 10 7 12 1 1 1 10 12 1 1 11 7 12 1 1 1 11 7 12 1 1 11 12 1 7 1 9 7 12 1 1 1 10 7 12 1 1 1 10 12 1 10 12 1 10 7 12 1 1 1 1 1 1 1 1 1 1 1 1 1 1 1 12 1 1 1 100 1 1 1 100 1 1
ciMethodData java/lang/Object <init> ()V 2 659645 orig 80 1 0 0 0 0 0 0 0 0 0 0 0 0 0 0 0 0 0 0 0 0 0 0 0 0 0 0 0 0 0 0 0 0 0 0 0 0 0 0 0 0 0 0 0 0 0 0 0 0 0 0 0 0 0 0 0 0 0 0 0 0 0 0 0 0 0 0 0 0 0 0 0 0 0 0 0 0 0 0 0 data 4 0x0 0x9 0x1 0x0 oops 0 methods 0
ciMethodData java/lang/ref/Reference refersTo (Ljava/lang/Object;)Z 2 35671 orig 80 0 0 0 0 0 0 0 0 0 0 0 0 61 2 0 0 0 0 0 0 0 0 0 0 0 0 0 0 0 0 0 0 0 0 0 0 0 0 0 0 0 0 0 0 0 0 0 0 0 0 0 0 0 0 0 0 0 0 0 0 0 0 0 0 0 0 0 0 0 0 0 0 0 0 0 0 0 0 0 0 data 17 0x20005 0x3c87 0x0 0x23d25785138 0x161e 0x23d73d551d8 0x38b2 0x0 0x0 0x0 0x0 0x0 0x0 0x9 0x2 0xffffffffffffffff 0xffffffffffffffff oops 2 3 java/lang/ref/WeakReference 5 java/util/WeakHashMap$Entry methods 0
ciMethodData java/lang/ref/Reference refersToImpl (Ljava/lang/Object;)Z 2 24611 orig 80 0 0 0 0 0 0 0 0 0 0 0 0 61 2 0 0 0 0 0 0 0 0 0 0 0 0 0 0 0 0 0 0 0 0 0 0 0 0 0 0 0 0 0 0 0 0 0 0 0 0 0 0 0 0 0 0 0 0 0 0 0 0 0 0 0 0 0 0 0 0 0 0 0 0 0 0 0 0 0 0 data 17 0x20005 0x6023 0x0 0x0 0x0 0x0 0x0 0x0 0x0 0x0 0x0 0x0 0x0 0x9 0x2 0xffffffffffffffff 0xffffffffffffffff oops 0 methods 0
ciMethodData java/util/RegularEnumSet contains (Ljava/lang/Object;)Z 2 5286 orig 80 0 0 0 0 0 0 0 0 0 0 0 0 61 2 0 0 0 0 0 0 0 0 0 0 0 0 0 0 0 0 0 0 0 0 0 0 0 0 0 0 0 0 0 0 0 0 0 0 0 0 0 0 0 0 0 0 0 0 0 0 0 0 0 0 0 0 0 0 0 0 0 0 0 0 0 0 0 0 0 0 data 57 0x10007 0x14a6 0x20 0x0 0x70005 0x14a6 0x0 0x0 0x0 0x0 0x0 0x100007 0x14a6 0x78 0x0 0x140005 0x0 0x0 0x0 0x0 0x0 0x0 0x1b0007 0x0 0x20 0x0 0x260004 0x0 0x0 0x23d6c3ca328 0x9b 0x23d259c7eb0 0x1387 0x290005 0x14a6 0x0 0x0 0x0 0x0 0x0 0x300007 0x1008 0x38 0x49e 0x340003 0x49e 0x18 0x0 0x0 0x0 0x0 0x0 0x0 0x9 0x2 0x0 0x0 oops 2 29 java/lang/StackWalker$Option 31 com/sun/javafx/scene/DirtyBits methods 0
ciMethodData java/lang/ThreadLocal getMap (Ljava/lang/Thread;)Ljava/lang/ThreadLocal$ThreadLocalMap; 2 15348 orig 80 0 0 0 0 0 0 0 0 0 0 0 0 61 2 0 0 0 0 0 0 0 0 0 0 0 0 0 0 0 0 0 0 0 0 0 0 0 0 0 0 0 0 0 0 0 0 0 0 0 0 0 0 0 0 0 0 0 0 0 0 0 0 0 0 0 0 0 0 0 0 0 0 0 0 0 0 0 0 0 0 data 6 0x0 0x0 0x9 0x2 0x0 0x0 oops 0 methods 0
ciMethodData java/lang/ThreadLocal createMap (Ljava/lang/Thread;Ljava/lang/Object;)V 1 7 orig 80 0 0 0 0 0 0 0 0 0 0 0 0 61 2 0 0 0 0 0 0 0 0 0 0 0 0 0 0 0 0 0 0 0 0 0 0 0 0 0 0 0 0 0 0 0 0 0 0 0 0 0 0 0 0 0 0 0 0 0 0 0 0 0 0 0 0 0 0 0 0 0 0 0 0 0 0 0 0 0 0 data 11 0x70002 0x7 0x0 0x0 0x0 0x0 0x9 0x3 0x0 0x600 0x0 oops 0 methods 0
ciMethodData java/lang/ThreadLocal get ()Ljava/lang/Object; 2 23968 orig 80 0 0 0 0 0 0 0 0 0 0 0 0 61 2 0 0 0 0 0 0 0 0 0 0 0 0 0 0 0 0 0 0 0 0 0 0 0 0 0 0 0 0 0 0 0 0 0 0 0 0 0 0 0 0 0 0 0 0 0 0 0 0 0 0 0 0 0 0 0 0 0 0 0 0 0 0 0 0 0 0 data 18 0x10002 0x5da0 0x40005 0x5da0 0x0 0x0 0x0 0x0 0x0 0x0 0x0 0x0 0x0 0x0 0x0 0x9 0x1 0x0 oops 0 methods 0
ciMethodData java/lang/ThreadLocal get (Ljava/lang/Thread;)Ljava/lang/Object; 2 15317 orig 80 2 0 0 0 0 0 0 0 0 0 0 0 61 2 0 0 0 0 0 0 0 0 0 0 0 0 0 0 0 0 0 0 0 0 0 0 0 0 0 0 0 0 0 0 0 0 0 0 0 0 0 0 0 0 0 0 0 0 0 0 0 0 0 0 0 0 0 0 0 0 0 0 0 0 0 0 0 0 0 0 data 39 0x20005 0x3872 0x0 0x23d73d51cc0 0x93 0x23d7ed94da8 0x2d0 0x70007 0x6 0x78 0x3bcf 0xc0005 0x3bce 0x0 0x0 0x0 0x0 0x0 0x110007 0xa 0x20 0x3bc7 0x1f0005 0x10 0x0 0x0 0x0 0x0 0x0 0x0 0x0 0x0 0x0 0x0 0x0 0x9 0x2 0x0 0x0 oops 2 3 sun/nio/fs/NativeBuffers$1 5 java/lang/ThreadLocal methods 0
ciMethodData java/util/Objects checkIndex (II)I 2 32954 orig 80 0 0 0 0 0 0 0 0 0 0 0 0 61 2 0 0 0 0 0 0 0 0 0 0 0 0 0 0 0 0 0 0 0 0 0 0 0 0 0 0 0 0 0 0 0 0 0 0 0 0 0 0 0 0 0 0 0 0 0 0 0 0 0 0 0 0 0 0 0 0 0 0 0 0 0 0 0 0 0 0 data 12 0x30002 0x80ba 0x0 0x0 0x0 0x0 0x0 0x0 0x9 0x2 0x0 0x0 oops 0 methods 0
ciMethodData java/util/ArrayList elementData (I)Ljava/lang/Object; 2 32477 orig 80 0 0 0 0 0 0 0 0 0 0 0 0 61 2 0 0 0 0 0 0 0 0 0 0 0 0 0 0 0 0 0 0 0 0 0 0 0 0 0 0 0 0 0 0 0 0 0 0 0 0 0 0 0 0 0 0 0 0 0 0 0 0 0 0 0 0 0 0 0 0 0 0 0 0 0 0 0 0 0 0 data 8 0x0 0x0 0x0 0x0 0x9 0x2 0x0 0x0 oops 0 methods 0
ciMethodData java/util/ArrayList get (I)Ljava/lang/Object; 2 29903 orig 80 0 0 0 0 0 0 0 0 0 0 0 0 61 2 0 0 0 0 0 0 0 0 0 0 0 0 0 0 0 0 0 0 0 0 0 0 0 0 0 0 0 0 0 0 0 0 0 0 0 0 0 0 0 0 0 0 0 0 0 0 0 0 0 0 0 0 0 0 0 0 0 0 0 0 0 0 0 0 0 0 data 19 0x50002 0x74cf 0xb0005 0x0 0x0 0x23d25787b28 0x74cf 0x0 0x0 0x0 0x0 0x0 0x0 0x0 0x0 0x9 0x2 0x0 0x0 oops 1 5 java/util/ArrayList methods 0
ciMethodData java/util/ArrayList isEmpty ()Z 2 5287 orig 80 0 0 0 0 0 0 0 0 0 0 0 0 61 2 0 0 0 0 0 0 0 0 0 0 0 0 0 0 0 0 0 0 0 0 0 0 0 0 0 0 0 0 0 0 0 0 0 0 0 0 0 0 0 0 0 0 0 0 0 0 0 0 0 0 0 0 0 0 0 0 0 0 0 0 0 0 0 0 0 0 data 13 0x40007 0x13fd 0x38 0xaa 0x80003 0xaa 0x18 0x0 0x0 0x0 0x9 0x1 0x0 oops 0 methods 0
ciMethodData java/lang/Double isNaN (D)Z 2 42086 orig 80 0 0 0 0 0 0 0 0 0 0 0 0 61 2 0 0 0 0 0 0 0 0 0 0 0 0 0 0 0 0 0 0 0 0 0 0 0 0 0 0 0 0 0 0 0 0 0 0 0 0 0 0 0 0 0 0 0 0 0 0 0 0 0 0 0 0 0 0 0 0 0 0 0 0 0 0 0 0 0 0 data 12 0x30007 0x8288 0x38 0x21df 0x70003 0x21df 0x18 0x0 0x9 0x2 0x0 0x0 oops 0 methods 0
ciMethodData java/lang/ThreadLocal$ThreadLocalMap getEntry (Ljava/lang/ThreadLocal;)Ljava/lang/ThreadLocal$ThreadLocalMap$Entry; 2 15185 orig 80 0 0 0 0 0 0 0 0 0 0 0 0 61 2 0 0 0 0 0 0 0 0 0 0 0 0 0 0 0 0 0 0 0 0 0 0 0 0 0 2 0 0 0 0 0 0 0 0 0 0 0 0 0 0 0 0 0 0 0 0 0 0 0 0 0 0 0 0 0 0 0 0 0 0 0 0 0 0 0 0 data 32 0x8000000600150007 0x5 0x78 0x3b4d 0x1a0005 0x3b4e 0x0 0x0 0x0 0x0 0x0 0x80000006001d0007 0x2 0x20 0x3b4d 0x260005 0x7 0x0 0x0 0x0 0x0 0x0 0x0 0x0 0x0 0x0 0x0 0x0 0x9 0x2 0x0 0x0 oops 0 methods 0
ciMethodData java/lang/ThreadLocal setInitialValue (Ljava/lang/Thread;)Ljava/lang/Object; 1 15 orig 80 0 0 0 0 0 0 0 0 0 0 0 0 61 2 0 0 0 0 0 0 0 0 0 0 0 0 0 0 0 0 0 0 0 0 0 0 0 0 0 0 0 0 0 0 0 0 0 0 0 0 0 0 0 0 0 0 0 0 0 0 0 0 0 0 0 0 0 0 0 0 0 0 0 0 0 0 0 0 0 0 data 71 0x10005 0x9 0x0 0x23d7ed94da8 0x2 0x23d7f55fcd0 0x4 0x70005 0x9 0x0 0x23d7ed94da8 0x2 0x23d7f55fcd0 0x4 0xc0007 0x6 0x70 0x9 0x120005 0x9 0x0 0x0 0x0 0x0 0x0 0x150003 0x9 0x50 0x1b0005 0x3 0x0 0x23d7ed94da8 0x1 0x23d73d51cc0 0x2 0x230004 0xfffffffffffffff7 0x0 0x23d7ed94da8 0x2 0x23d7f55fcd0 0x4 0x260007 0x9 0x68 0x6 0x2b0004 0x0 0x0 0x23d7f55fcd0 0x4 0x23d73d51cc0 0x2 0x320002 0x6 0x380007 0xf 0x30 0x0 0x3b0002 0x0 0x0 0x0 0x0 0x0 0x0 0x0 0x9 0x2 0x0 0x0 oops 10 3 java/lang/ThreadLocal 5 sun/nio/ch/Util$1 10 java/lang/ThreadLocal 12 sun/nio/ch/Util$1 31 java/lang/ThreadLocal 33 sun/nio/fs/NativeBuffers$1 38 java/lang/ThreadLocal 40 sun/nio/ch/Util$1 49 sun/nio/ch/Util$1 51 sun/nio/fs/NativeBuffers$1 methods 0
ciMethodData java/lang/ThreadLocal$ThreadLocalMap getEntryAfterMiss (Ljava/lang/ThreadLocal;ILjava/lang/ThreadLocal$ThreadLocalMap$Entry;)Ljava/lang/ThreadLocal$ThreadLocalMap$Entry; 1 9 orig 80 0 0 0 0 0 0 0 0 0 0 0 0 61 2 0 0 0 0 0 0 0 0 0 0 0 0 0 0 0 0 0 0 0 0 0 0 0 0 0 0 0 0 0 0 0 0 0 0 0 0 0 0 0 0 0 0 0 0 0 0 0 0 0 0 0 0 0 0 0 0 0 0 0 0 0 0 0 0 0 0 data 53 0xc0007 0x9 0x148 0x2 0x110005 0x2 0x0 0x0 0x0 0x0 0x0 0x140007 0x2 0x20 0x0 0x1b0005 0x2 0x0 0x0 0x0 0x0 0x0 0x1e0007 0x2 0x70 0x0 0x230005 0x0 0x0 0x0 0x0 0x0 0x0 0x270003 0x0 0x28 0x2d0002 0x2 0x360003 0x2 0xfffffffffffffed0 0x0 0x0 0x0 0x0 0x0 0x0 0x9 0x4 0x6 0xffffffffffffffff 0x0 0xffffffffffffffff oops 0 methods 0
ciMethod com/sun/javafx/application/PlatformImpl isSupportedImpl (Ljavafx/application/ConditionalFeature;)Z 512 0 2024 0 -1
ciMethod com/sun/javafx/application/PlatformImpl checkForClass (Ljava/lang/String;)Ljava/lang/Boolean; 2 0 1 0 -1
ciMethod com/sun/javafx/application/PlatformImpl isSupported (Ljavafx/application/ConditionalFeature;)Z 380 0 2024 0 0
ciMethod javafx/beans/value/ObservableValue getValue ()Ljava/lang/Object; 0 0 1 0 -1
ciMethod javafx/beans/value/ObservableBooleanValue get ()Z 0 0 1 0 -1
ciMethod javafx/beans/property/BooleanProperty get ()Z 0 0 1 0 -1
ciMethod javafx/beans/property/BooleanPropertyBase get ()Z 514 0 12245 0 136
ciMethod javafx/beans/property/ObjectProperty get ()Ljava/lang/Object; 0 0 1 0 -1
ciMethod javafx/beans/property/ObjectPropertyBase get ()Ljava/lang/Object; 520 0 113830 0 144
ciMethod com/sun/javafx/tk/Toolkit getToolkit ()Lcom/sun/javafx/tk/Toolkit; 516 0 5382 0 -1
ciMethod com/sun/javafx/tk/Toolkit isSupported (Ljavafx/application/ConditionalFeature;)Z 0 0 1 0 -1
ciMethod com/sun/javafx/PlatformUtil isEmbedded ()Z 532 0 6664 0 -1
ciMethod com/sun/javafx/geom/transform/BaseTransform getType ()I 0 0 1 0 -1
ciMethod com/sun/javafx/geom/transform/BaseTransform isIdentity ()Z 0 0 1 0 -1
ciMethod com/sun/javafx/geom/transform/BaseTransform isTranslateOrIdentity ()Z 0 0 1 0 -1
ciMethod com/sun/javafx/geom/transform/BaseTransform is2D ()Z 0 0 1 0 -1
ciMethod com/sun/javafx/geom/transform/BaseTransform getMxt ()D 260 0 130 0 -1
ciMethod com/sun/javafx/geom/transform/BaseTransform getMyt ()D 258 0 129 0 -1
ciMethod com/sun/javafx/geom/transform/BaseTransform getMzt ()D 260 0 130 0 -1
ciMethod com/sun/javafx/geom/transform/BaseTransform inverseTransform (Lcom/sun/javafx/geom/Point2D;Lcom/sun/javafx/geom/Point2D;)Lcom/sun/javafx/geom/Point2D; 0 0 1 0 -1
ciMethod com/sun/javafx/geom/transform/BaseTransform inverseTransform (Lcom/sun/javafx/geom/Vec3d;Lcom/sun/javafx/geom/Vec3d;)Lcom/sun/javafx/geom/Vec3d; 0 0 1 0 -1
ciMethod com/sun/javafx/geom/transform/BaseTransform inverseDeltaTransform (Lcom/sun/javafx/geom/Vec3d;Lcom/sun/javafx/geom/Vec3d;)Lcom/sun/javafx/geom/Vec3d; 0 0 1 0 -1
ciMethod com/sun/javafx/geom/transform/BaseTransform transform (Lcom/sun/javafx/geom/BaseBounds;Lcom/sun/javafx/geom/BaseBounds;)Lcom/sun/javafx/geom/BaseBounds; 0 0 1 0 -1
ciMethod com/sun/javafx/geom/transform/BaseTransform setToIdentity ()V 0 0 1 0 -1
ciMethod com/sun/javafx/geom/transform/BaseTransform deriveWithTranslation (DD)Lcom/sun/javafx/geom/transform/BaseTransform; 0 0 1 0 -1
ciMethod com/sun/javafx/geom/transform/BaseTransform deriveWithTranslation (DDD)Lcom/sun/javafx/geom/transform/BaseTransform; 0 0 1 0 -1
ciMethod com/sun/javafx/geom/transform/BaseTransform deriveWithScale (DDD)Lcom/sun/javafx/geom/transform/BaseTransform; 0 0 1 0 -1
ciMethod com/sun/javafx/geom/transform/BaseTransform deriveWithRotation (DDDD)Lcom/sun/javafx/geom/transform/BaseTransform; 0 0 1 0 -1
ciMethod com/sun/javafx/geom/BaseBounds getDepth ()F 0 0 1 0 -1
ciMethod com/sun/javafx/geom/BaseBounds getMinX ()F 0 0 1 0 -1
ciMethod com/sun/javafx/geom/BaseBounds getMinY ()F 0 0 1 0 -1
ciMethod com/sun/javafx/geom/BaseBounds getMinZ ()F 0 0 1 0 -1
ciMethod com/sun/javafx/geom/BaseBounds getMaxX ()F 0 0 1 0 -1
ciMethod com/sun/javafx/geom/BaseBounds getMaxY ()F 0 0 1 0 -1
ciMethod com/sun/javafx/geom/BaseBounds getMaxZ ()F 0 0 1 0 -1
ciMethod com/sun/javafx/geom/BaseBounds deriveWithNewBounds (Lcom/sun/javafx/geom/BaseBounds;)Lcom/sun/javafx/geom/BaseBounds; 0 0 1 0 -1
ciMethod com/sun/javafx/geom/BaseBounds deriveWithNewBounds (FFFFFF)Lcom/sun/javafx/geom/BaseBounds; 0 0 1 0 -1
ciMethod com/sun/javafx/geom/BaseBounds contains (FF)Z 0 0 1 0 -1
ciMethod com/sun/javafx/geom/RectBounds contains (FF)Z 512 0 1405 0 0
ciMethod com/sun/javafx/geom/RectBounds isEmpty ()Z 536 0 61658 0 112
ciMethod com/sun/javafx/geom/Vec3d set (DDD)V 542 0 34321 0 96
ciMethod javafx/collections/ObservableList size ()I 0 0 1 0 -1
ciMethod javafx/collections/ObservableList get (I)Ljava/lang/Object; 0 0 1 0 -1
ciMethod javafx/collections/ObservableList iterator ()Ljava/util/Iterator; 0 0 1 0 -1
ciMethod com/sun/javafx/collections/ObservableListWrapper get (I)Ljava/lang/Object; 1024 0 6658 0 256
ciMethod com/sun/javafx/collections/ObservableListWrapper size ()I 1024 0 7324 0 128
ciMethod javafx/scene/Node isDirty (Lcom/sun/javafx/scene/DirtyBits;)Z 526 0 135336 0 208
ciMethod javafx/scene/Node getSubScene ()Ljavafx/scene/SubScene; 260 0 130 0 0
ciMethod javafx/scene/Node getScene ()Ljavafx/scene/Scene; 512 0 38580 0 328
ciMethod javafx/scene/Node isVisible ()Z 516 0 21931 0 208
ciMethod javafx/scene/Node getClip ()Ljavafx/scene/Node; 522 0 33046 0 376
ciMethod javafx/scene/Node getEffect ()Ljavafx/scene/effect/Effect; 522 0 10232 0 -1
ciMethod javafx/scene/Node isDisable ()Z 512 0 11559 0 0
ciMethod javafx/scene/Node isPickOnBounds ()Z 516 0 4155 0 0
ciMethod javafx/scene/Node getLayoutX ()D 172 0 1127 0 -1
ciMethod javafx/scene/Node getLayoutY ()D 172 0 1306 0 -1
ciMethod javafx/scene/Node getLocalBounds (Lcom/sun/javafx/geom/BaseBounds;Lcom/sun/javafx/geom/transform/BaseTransform;)Lcom/sun/javafx/geom/BaseBounds; 512 0 6466 0 4176
ciMethod javafx/scene/Node getGeomBounds (Lcom/sun/javafx/geom/BaseBounds;Lcom/sun/javafx/geom/transform/BaseTransform;)Lcom/sun/javafx/geom/BaseBounds; 184 0 5232 0 -1
ciMethod javafx/scene/Node computeLocalBounds (Lcom/sun/javafx/geom/BaseBounds;Lcom/sun/javafx/geom/transform/BaseTransform;)Lcom/sun/javafx/geom/BaseBounds; 8 0 1769 0 -1
ciMethod javafx/scene/Node updateLocalBounds ()V 124 0 2090 0 -1
ciMethod javafx/scene/Node contains (DD)Z 404 0 1405 0 0
ciMethod javafx/scene/Node containsBounds (DD)Z 512 0 1405 0 0
ciMethod javafx/scene/Node getPivotX ()D 0 0 325 0 -1
ciMethod javafx/scene/Node getPivotY ()D 0 0 325 0 -1
ciMethod javafx/scene/Node getPivotZ ()D 0 0 325 0 -1
ciMethod javafx/scene/Node updateLocalToParentTransform ()V 338 0 18742 0 4600
ciMethod javafx/scene/Node parentToLocal (Lcom/sun/javafx/geom/Point2D;)V 0 0 35 0 0
ciMethod javafx/scene/Node pickNode (Lcom/sun/javafx/geom/PickRay;Lcom/sun/javafx/scene/input/PickResultChooser;)V 516 0 11531 0 1264
ciMethod javafx/scene/Node intersects (Lcom/sun/javafx/geom/PickRay;Lcom/sun/javafx/scene/input/PickResultChooser;)Z 128 0 4304 0 0
ciMethod javafx/scene/Node doComputeIntersects (Lcom/sun/javafx/geom/PickRay;Lcom/sun/javafx/scene/input/PickResultChooser;)Z 148 0 1369 0 0
ciMethod javafx/scene/Node intersectsBounds (Lcom/sun/javafx/geom/PickRay;)D 518 0 11530 0 -1
ciMethod javafx/scene/Node almostZero (D)Z 46 0 1369 0 0
ciMethod javafx/scene/Node getViewOrder ()D 248 0 1108 0 -1
ciMethod javafx/scene/Node getTransforms ()Ljavafx/collections/ObservableList; 0 0 7 0 -1
ciMethod javafx/scene/Node getTranslateX ()D 90 0 786 0 -1
ciMethod javafx/scene/Node getTranslateY ()D 90 0 786 0 -1
ciMethod javafx/scene/Node getTranslateZ ()D 86 0 774 0 -1
ciMethod javafx/scene/Node getScaleX ()D 86 0 862 0 -1
ciMethod javafx/scene/Node getScaleY ()D 86 0 817 0 -1
ciMethod javafx/scene/Node getScaleZ ()D 86 0 774 0 -1
ciMethod javafx/scene/Node getRotate ()D 86 0 774 0 -1
ciMethod javafx/scene/Node getRotationAxis ()Ljavafx/geometry/Point3D; 0 0 975 0 -1
ciMethod javafx/scene/Node hasTransforms ()Z 86 0 491 0 -1
ciMethod javafx/scene/Node hasMirroring ()Z 104 0 1480 0 -1
ciMethod javafx/scene/Node isMouseTransparent ()Z 516 0 11010 0 0
ciMethod javafx/scene/Parent computeViewOrderChildren ()V 52 80 263 0 0
ciMethod javafx/scene/Parent getOrderedChildren ()Ljava/util/List; 512 0 5089 0 0
ciMethod javafx/scene/Parent pickChildrenNode (Lcom/sun/javafx/geom/PickRay;Lcom/sun/javafx/scene/input/PickResultChooser;)Z 272 752 5089 0 0
ciMethod com/sun/javafx/collections/VetoableListDecorator size ()I 526 0 5389 0 176
ciMethod com/sun/javafx/collections/VetoableListDecorator get (I)Ljava/lang/Object; 516 0 5407 0 320
ciMethod javafx/scene/Scene getWidth ()D 10 0 36 0 -1
ciMethod javafx/scene/Scene getRoot ()Ljavafx/scene/Parent; 512 0 14415 0 -1
ciMethod javafx/scene/Scene isDepthBuffer ()Z 256 0 128 0 0
ciMethod javafx/application/Platform isSupported (Ljavafx/application/ConditionalFeature;)Z 372 0 2016 0 0
ciMethod javafx/scene/layout/Region doPickNodeLocal (Lcom/sun/javafx/geom/PickRay;Lcom/sun/javafx/scene/input/PickResultChooser;)V 510 0 11525 0 -1
ciMethod com/sun/javafx/scene/NodeHelper$NodeAccessor getHelper (Ljavafx/scene/Node;)Lcom/sun/javafx/scene/NodeHelper; 0 0 1 0 -1
ciMethod com/sun/javafx/scene/NodeHelper$NodeAccessor doComputeIntersects (Ljavafx/scene/Node;Lcom/sun/javafx/geom/PickRay;Lcom/sun/javafx/scene/input/PickResultChooser;)Z 0 0 1 0 -1
ciMethod com/sun/javafx/scene/NodeHelper$NodeAccessor intersects (Ljavafx/scene/Node;Lcom/sun/javafx/geom/PickRay;Lcom/sun/javafx/scene/input/PickResultChooser;)Z 0 0 1 0 -1
ciMethod com/sun/javafx/scene/NodeHelper$NodeAccessor intersectsBounds (Ljavafx/scene/Node;Lcom/sun/javafx/geom/PickRay;)D 0 0 1 0 -1
ciMethod com/sun/javafx/scene/NodeHelper$NodeAccessor getSubScene (Ljavafx/scene/Node;)Ljavafx/scene/SubScene; 0 0 1 0 -1
ciMethod com/sun/javafx/scene/ParentHelper$ParentAccessor pickChildrenNode (Ljavafx/scene/Parent;Lcom/sun/javafx/geom/PickRay;Lcom/sun/javafx/scene/input/PickResultChooser;)Z 0 0 1 0 -1
ciMethod javafx/scene/Node$1 getHelper (Ljavafx/scene/Node;)Lcom/sun/javafx/scene/NodeHelper; 520 0 5385 0 0
ciMethod javafx/scene/Node$1 doComputeIntersects (Ljavafx/scene/Node;Lcom/sun/javafx/geom/PickRay;Lcom/sun/javafx/scene/input/PickResultChooser;)Z 148 0 1369 0 0
ciMethod javafx/scene/Node$1 intersects (Ljavafx/scene/Node;Lcom/sun/javafx/geom/PickRay;Lcom/sun/javafx/scene/input/PickResultChooser;)Z 126 0 2115 0 0
ciMethod javafx/scene/Node$1 intersectsBounds (Ljavafx/scene/Node;Lcom/sun/javafx/geom/PickRay;)D 512 0 11525 0 0
ciMethod javafx/scene/Node$1 getSubScene (Ljavafx/scene/Node;)Ljavafx/scene/SubScene; 512 0 7159 0 0
ciMethod com/sun/javafx/scene/NodeHelper getHelper (Ljavafx/scene/Node;)Lcom/sun/javafx/scene/NodeHelper; 520 0 5385 0 184
ciMethod com/sun/javafx/scene/NodeHelper computeContains (Ljavafx/scene/Node;DD)Z 512 0 1404 0 0
ciMethod com/sun/javafx/scene/NodeHelper pickNodeLocal (Ljavafx/scene/Node;Lcom/sun/javafx/geom/PickRay;Lcom/sun/javafx/scene/input/PickResultChooser;)V 402 0 9115 0 0
ciMethod com/sun/javafx/scene/NodeHelper computeIntersects (Ljavafx/scene/Node;Lcom/sun/javafx/geom/PickRay;Lcom/sun/javafx/scene/input/PickResultChooser;)Z 148 0 1255 0 0
ciMethod com/sun/javafx/scene/NodeHelper computeContainsImpl (Ljavafx/scene/Node;DD)Z 0 0 1 0 -1
ciMethod com/sun/javafx/scene/NodeHelper pickNodeLocalImpl (Ljavafx/scene/Node;Lcom/sun/javafx/geom/PickRay;Lcom/sun/javafx/scene/input/PickResultChooser;)V 512 0 1789 0 -1
ciMethod com/sun/javafx/scene/NodeHelper computeIntersectsImpl (Ljavafx/scene/Node;Lcom/sun/javafx/geom/PickRay;Lcom/sun/javafx/scene/input/PickResultChooser;)Z 148 0 1369 0 0
ciMethod com/sun/javafx/scene/NodeHelper intersects (Ljavafx/scene/Node;Lcom/sun/javafx/geom/PickRay;Lcom/sun/javafx/scene/input/PickResultChooser;)Z 126 0 2115 0 0
ciMethod com/sun/javafx/scene/NodeHelper intersectsBounds (Ljavafx/scene/Node;Lcom/sun/javafx/geom/PickRay;)D 512 0 11525 0 0
ciMethod com/sun/javafx/scene/NodeHelper isDerivedDepthTest (Ljavafx/scene/Node;)Z 0 0 1 0 -1
ciMethod com/sun/javafx/scene/NodeHelper getSubScene (Ljavafx/scene/Node;)Ljavafx/scene/SubScene; 512 0 7159 0 0
ciMethod com/sun/javafx/scene/transform/TransformHelper derive (Ljavafx/scene/transform/Transform;Lcom/sun/javafx/geom/transform/BaseTransform;)Lcom/sun/javafx/geom/transform/BaseTransform; 0 0 12 0 -1
ciMethod javafx/geometry/Point3D getX ()D 258 0 129 0 -1
ciMethod javafx/geometry/Point3D getY ()D 258 0 129 0 -1
ciMethod javafx/geometry/Point3D getZ ()D 258 0 129 0 -1
ciMethod javafx/geometry/Point3D <init> (DDD)V 512 0 8632 0 0
ciMethod javafx/scene/Parent$1 pickChildrenNode (Ljavafx/scene/Parent;Lcom/sun/javafx/geom/PickRay;Lcom/sun/javafx/scene/input/PickResultChooser;)Z 272 0 5024 0 0
ciMethod com/sun/javafx/scene/ParentHelper pickChildrenNode (Ljavafx/scene/Parent;Lcom/sun/javafx/geom/PickRay;Lcom/sun/javafx/scene/input/PickResultChooser;)Z 272 0 5024 0 0
ciMethod com/sun/javafx/geom/PickRay setOrigin (DDD)V 476 0 5358 0 128
ciMethod com/sun/javafx/geom/PickRay getOriginNoClone ()Lcom/sun/javafx/geom/Vec3d; 272 0 136 0 0
ciMethod com/sun/javafx/geom/PickRay setDirection (DDD)V 476 0 6400 0 128
ciMethod com/sun/javafx/geom/PickRay getDirectionNoClone ()Lcom/sun/javafx/geom/Vec3d; 266 0 133 0 0
ciMethod com/sun/javafx/geom/PickRay getNearClip ()D 264 0 132 0 0
ciMethod com/sun/javafx/geom/PickRay getFarClip ()D 264 0 132 0 0
ciMethod com/sun/javafx/scene/input/PickResultChooser computePoint (Lcom/sun/javafx/geom/PickRay;D)Ljavafx/geometry/Point3D; 400 0 1618 0 0
ciMethod com/sun/javafx/scene/input/PickResultChooser isClosed ()Z 262 0 131 0 0
ciMethod com/sun/javafx/scene/input/PickResultChooser offer (Ljavafx/scene/Node;DLjavafx/geometry/Point3D;)Z 400 0 1618 0 0
ciMethod com/sun/javafx/scene/input/PickResultChooser processOffer (Ljavafx/scene/Node;Ljavafx/scene/Node;DLjavafx/geometry/Point3D;ILjavafx/geometry/Point3D;Ljavafx/geometry/Point2D;)Z 512 0 1993 0 0
ciMethod javafx/scene/Node$MiscProperties getClip ()Ljavafx/scene/Node; 376 0 21198 0 368
ciMethod javafx/scene/Node$MiscProperties isDisable ()Z 348 0 7531 0 0
ciMethod javafx/scene/Node$MiscProperties isMouseTransparent ()Z 370 0 7237 0 0
ciMethodData com/sun/javafx/collections/ObservableListWrapper size ()I 2 6812 orig 80 0 0 0 0 0 0 0 0 0 0 0 0 0 0 0 0 0 0 0 0 0 0 0 0 0 0 0 0 0 0 0 0 0 0 0 0 0 0 0 0 0 0 0 0 0 0 0 0 0 0 0 0 0 0 0 0 0 0 0 0 0 0 0 0 0 0 0 0 0 0 0 0 0 0 0 0 0 0 0 0 data 16 0x40005 0x0 0x0 0x23d25787b28 0x1a9d 0x0 0x0 0x0 0x0 0x0 0x0 0x0 0x0 0x9 0x1 0x0 oops 1 3 java/util/ArrayList methods 0
ciMethodData com/sun/javafx/collections/ObservableListWrapper get (I)Ljava/lang/Object; 2 6146 orig 80 0 0 0 0 0 0 0 0 0 0 0 0 0 0 0 0 0 0 0 0 0 0 0 0 0 0 0 0 0 0 0 0 0 0 0 0 0 0 0 0 0 0 0 0 0 0 0 0 0 0 0 0 0 0 0 0 0 0 0 0 0 0 0 0 0 0 0 0 0 0 0 0 0 0 0 0 0 0 0 0 data 17 0x50005 0x0 0x0 0x23d25787b28 0x1803 0x0 0x0 0x0 0x0 0x0 0x0 0x0 0x0 0x9 0x2 0x0 0x0 oops 1 3 java/util/ArrayList methods 0
ciMethodData javafx/beans/property/ObjectPropertyBase get ()Ljava/lang/Object; 2 113570 orig 80 0 0 0 0 0 0 0 0 0 0 0 0 61 2 0 0 0 0 0 0 0 0 0 0 0 0 0 0 0 0 0 0 0 0 0 0 0 0 0 0 0 0 0 0 0 0 0 0 0 0 0 0 0 0 0 0 0 0 0 0 0 0 0 0 0 0 0 0 0 0 0 0 0 0 0 0 0 0 0 0 data 23 0x90007 0x1d3 0x38 0x1b9cf 0x100003 0x1b9cf 0x50 0x170005 0x24 0x0 0x23d7f933428 0x66 0x23d7f9334d8 0x149 0x0 0x0 0x0 0x0 0x0 0x0 0x9 0x1 0x0 oops 2 10 javafx/scene/control/Labeled$14 12 javafx/scene/control/Labeled$6 methods 0
ciMethodData com/sun/javafx/scene/NodeHelper getHelper (Ljavafx/scene/Node;)Lcom/sun/javafx/scene/NodeHelper; 2 5125 orig 80 0 0 0 0 0 0 0 0 0 0 0 0 61 2 0 0 0 0 0 0 0 0 0 0 0 0 0 0 0 0 0 0 0 0 0 0 0 0 0 0 0 0 0 0 0 0 0 0 0 0 0 0 0 0 0 0 0 0 0 0 0 0 0 0 0 0 0 0 0 0 0 0 0 0 0 0 0 0 0 0 data 56 0x40005 0x0 0x0 0x23d6c16ed68 0x1405 0x0 0x0 0xb0007 0x1405 0x140 0x0 0xf0004 0x0 0x0 0x0 0x0 0x0 0x0 0x120007 0x0 0x38 0x0 0x180003 0x0 0x88 0x1c0004 0x0 0x0 0x0 0x0 0x0 0x0 0x1f0007 0x0 0x38 0x0 0x250003 0x0 0x18 0x30000a 0x0 0x3 0x0 0x0 0x23d257840c8 0x350002 0x0 0x0 0x0 0x0 0x0 0x0 0x0 0x9 0x1 0xffffffffffffffff oops 2 3 javafx/scene/Node$1 44 java/lang/String methods 0
ciMethodData javafx/scene/Node$1 getHelper (Ljavafx/scene/Node;)Lcom/sun/javafx/scene/NodeHelper; 2 5125 orig 80 0 0 0 0 0 0 0 0 0 0 0 0 61 2 0 0 0 0 0 0 0 0 0 0 0 0 0 0 0 0 0 0 0 0 0 0 0 0 0 0 0 0 0 0 0 0 0 0 0 0 0 0 0 0 0 0 0 0 0 0 0 0 0 0 0 0 0 0 0 0 0 0 0 0 0 0 0 0 0 0 data 6 0x0 0x0 0x9 0x2 0x0 0x0 oops 0 methods 0
ciMethodData javafx/scene/Node getScene ()Ljavafx/scene/Scene; 2 38324 orig 80 1 0 0 0 0 0 0 0 0 0 0 0 61 2 0 0 0 0 0 0 4 0 0 0 0 0 0 0 0 0 0 0 0 0 0 0 0 0 0 0 0 0 0 0 0 0 0 0 0 0 0 0 0 0 0 0 0 0 0 0 0 0 0 0 0 0 0 0 0 0 0 0 0 0 0 0 0 0 0 0 data 23 0x40005 0x0 0x0 0x23d7f931928 0x95b4 0x0 0x0 0x8000000400070104 0x0 0x0 0x23d735ae2d8 0x7d63 0x23d7f931df0 0xffc 0x0 0x0 0x0 0x0 0x0 0x0 0x9 0x1 0x0 oops 3 3 javafx/scene/Node$ReadOnlyObjectWrapperManualFire 10 javafx/scene/Scene 12 javafx/scene/Scene$2$1 methods 0
ciMethod com/sun/javafx/util/TempState getInstance ()Lcom/sun/javafx/util/TempState; 514 0 22839 0 0
ciMethodData com/sun/javafx/collections/VetoableListDecorator size ()I 2 5126 orig 80 0 0 0 0 0 0 0 0 0 0 0 0 61 2 0 0 0 0 0 0 1 0 0 0 0 0 0 0 0 0 0 0 0 0 0 0 0 0 0 0 0 0 0 0 0 0 0 0 0 0 0 0 0 0 0 0 0 0 0 0 0 0 0 0 0 0 0 0 0 0 0 0 0 0 0 0 0 0 0 0 data 16 0x400040005 0x0 0x0 0x23d72f72f90 0x1406 0x23d72f73040 0x1 0x0 0x0 0x0 0x0 0x0 0x0 0x9 0x1 0x0 oops 2 3 javafx/scene/Parent$2 5 javafx/stage/Stage$3 methods 0
ciMethodData javafx/beans/property/BooleanPropertyBase get ()Z 2 11988 orig 80 0 0 0 0 0 0 0 0 0 0 0 0 61 2 0 0 0 0 0 0 0 0 0 0 0 0 0 0 0 0 0 0 0 0 0 0 0 0 0 0 0 0 0 0 0 0 0 0 0 0 0 0 0 0 0 0 0 0 0 0 0 0 0 0 0 0 0 0 0 0 0 0 0 0 0 0 0 0 0 0 data 23 0x90007 0x4a 0x38 0x2e8a 0x100003 0x2e8a 0x50 0x170005 0x1c 0x0 0x23d733a4eb0 0x26 0x23d733a4f60 0x8 0x0 0x0 0x0 0x0 0x0 0x0 0x9 0x1 0x0 oops 2 10 javafx/scene/control/Labeled$9 12 javafx/beans/property/SimpleBooleanProperty methods 0
ciMethodData javafx/scene/Node isVisible ()Z 2 21673 orig 80 0 0 0 0 0 0 0 0 0 0 0 0 61 2 0 0 0 0 0 0 0 0 0 0 0 0 0 0 0 0 0 0 0 0 0 0 0 0 0 0 0 0 0 0 0 0 0 0 0 0 0 0 0 0 0 0 0 0 0 0 0 0 0 0 0 0 0 0 0 0 0 0 0 0 0 0 0 0 0 0 data 23 0x40007 0x963 0x38 0x4b46 0x80003 0x4b46 0x50 0xf0005 0x0 0x0 0x23d733a2da8 0x963 0x0 0x0 0x0 0x0 0x0 0x0 0x0 0x0 0x9 0x1 0x0 oops 1 10 javafx/scene/Node$6 methods 0
ciMethodData com/sun/javafx/collections/VetoableListDecorator get (I)Ljava/lang/Object; 2 5149 orig 80 0 0 0 0 0 0 0 0 0 0 0 0 61 2 0 0 0 0 0 0 0 0 0 0 0 0 0 0 0 0 0 0 0 0 0 0 0 0 0 0 0 0 0 0 0 0 0 0 0 0 0 0 0 0 0 0 0 0 0 0 0 0 0 0 0 0 0 0 0 0 0 0 0 0 0 0 0 0 0 0 data 17 0x50005 0x0 0x0 0x23d72f72f90 0x141d 0x0 0x0 0x0 0x0 0x0 0x0 0x0 0x0 0x9 0x2 0x0 0x0 oops 1 3 javafx/scene/Parent$2 methods 0
ciMethodData com/sun/javafx/geom/RectBounds isEmpty ()Z 2 61390 orig 80 1 0 0 0 0 0 0 0 0 0 0 0 61 2 0 0 0 0 0 0 0 0 0 0 0 0 0 0 0 0 0 0 0 0 0 0 0 0 0 1 0 0 0 0 0 0 0 0 0 0 0 0 0 0 0 0 0 0 0 0 0 0 0 0 0 0 0 0 0 0 0 0 0 0 0 0 0 0 0 0 data 18 0x90007 0x26f 0x40 0xed5e 0x8000000600150007 0xed1b 0x38 0x46 0x190003 0x2b5 0x18 0x0 0x0 0x0 0x0 0x9 0x1 0x0 oops 0 methods 0
ciMethodData javafx/scene/Node isDirty (Lcom/sun/javafx/scene/DirtyBits;)Z 2 135073 orig 80 0 0 0 0 0 0 0 0 0 0 0 0 61 2 0 0 0 0 0 0 0 0 0 0 0 0 0 0 0 0 0 0 0 0 0 0 0 0 0 0 0 0 0 0 0 0 0 0 0 0 0 0 0 0 0 0 0 0 0 0 0 0 0 0 0 0 0 0 0 0 0 0 0 0 0 0 0 0 0 0 data 17 0x50005 0x0 0x0 0x23d739590c8 0x20fa1 0x0 0x0 0x0 0x0 0x0 0x0 0x0 0x0 0x9 0x2 0x0 0x0 oops 1 3 java/util/RegularEnumSet methods 0
ciMethodData javafx/scene/Node getClip ()Ljavafx/scene/Node; 2 32785 orig 80 1 0 0 0 0 0 0 0 0 0 0 0 61 2 0 0 0 0 0 0 0 0 0 0 0 0 0 0 0 0 0 0 0 0 0 0 0 0 0 0 0 0 0 0 0 0 0 0 0 0 0 0 0 0 0 0 0 0 0 0 0 0 0 0 0 0 0 0 0 0 0 0 0 0 0 0 0 0 0 0 data 23 0x40007 0x5215 0x38 0x2dfc 0xa0003 0x2dfc 0x50 0x110005 0x5215 0x0 0x0 0x0 0x0 0x0 0x0 0x0 0x0 0x0 0x0 0x0 0x9 0x1 0x0 oops 0 methods 0
ciMethodData javafx/scene/Node$MiscProperties getClip ()Ljavafx/scene/Node; 2 21010 orig 80 0 0 0 0 0 0 0 0 0 0 0 0 61 2 0 0 0 0 0 0 5 0 0 0 0 0 0 0 0 0 0 0 0 0 0 0 0 0 0 0 0 0 0 0 0 0 0 0 0 0 0 0 0 0 0 0 0 0 0 0 0 0 0 0 0 0 0 0 0 0 0 0 0 0 0 0 0 0 0 0 data 30 0x40007 0xf6c 0x38 0x42a6 0xa0003 0x42a6 0x88 0x110005 0x0 0x0 0x23d6b4146c8 0xf6c 0x0 0x0 0x8000000400140004 0x0 0x0 0x23d6b414778 0x5a2 0x23d7ed934b0 0x837 0x0 0x0 0x0 0x0 0x0 0x0 0x9 0x1 0x0 oops 3 10 javafx/scene/Node$MiscProperties$6 17 javafx/scene/layout/StackPane 19 javafx/scene/shape/Rectangle methods 0
ciMethodData javafx/scene/Node updateLocalToParentTransform ()V 2 18573 orig 80 4 0 0 0 0 0 0 0 0 0 0 0 61 2 0 0 0 0 0 0 0 0 0 6 0 0 0 0 0 0 0 0 0 0 0 0 0 0 0 2 0 0 0 0 0 0 0 0 0 0 0 0 0 0 0 0 0 0 0 0 0 0 0 0 0 0 0 0 0 0 0 0 0 0 0 0 0 0 0 0 data 447 0x40007 0x46d4 0xd10 0x1b9 0x80000007000b0005 0x6a 0x0 0x23d735b0160 0xc 0x23d733a0cd0 0x147 0x130005 0x1bd 0x0 0x0 0x0 0x0 0x0 0x160007 0x1bd 0x258 0x0 0x1a0005 0x0 0x0 0x0 0x0 0x0 0x0 0x210007 0x0 0x1c8 0x0 0x260005 0x0 0x0 0x0 0x0 0x0 0x0 0x2a0007 0x0 0x170 0x0 0x2f0005 0x0 0x0 0x0 0x0 0x0 0x0 0x3a0007 0x0 0x58 0x0 0x3e0005 0x0 0x0 0x0 0x0 0x0 0x0 0x490005 0x0 0x0 0x0 0x0 0x0 0x0 0x590005 0x0 0x0 0x0 0x0 0x0 0x0 0x670005 0x0 0x0 0x0 0x0 0x0 0x0 0x6d0003 0x0 0x50 0x730005 0x0 0x0 0x0 0x0 0x0 0x0 0x780005 0x1bd 0x0 0x0 0x0 0x0 0x0 0x7d0007 0x144 0x128 0x79 0x810005 0x79 0x0 0x0 0x0 0x0 0x0 0x8000000600860007 0x1 0xd0 0x79 0x8a0005 0x79 0x0 0x0 0x0 0x0 0x0 0x8f0007 0x0 0x78 0x79 0x930005 0x79 0x0 0x0 0x0 0x0 0x0 0x980007 0x79 0x518 0x0 0x9c0005 0x145 0x0 0x0 0x0 0x0 0x0 0xa20005 0x145 0x0 0x0 0x0 0x0 0x0 0xa80005 0x145 0x0 0x0 0x0 0x0 0x0 0xb30005 0x145 0x0 0x0 0x0 0x0 0x0 0xb70005 0x145 0x0 0x0 0x0 0x0 0x0 0xbf0005 0x145 0x0 0x0 0x0 0x0 0x0 0xc30005 0x145 0x0 0x0 0x0 0x0 0x0 0xcb0005 0x145 0x0 0x0 0x0 0x0 0x0 0xd10005 0x2 0x0 0x23d735b0160 0x7 0x23d733a0cd0 0x13c 0xdd0005 0x145 0x0 0x0 0x0 0x0 0x0 0xe00002 0x145 0xe40005 0x145 0x0 0x0 0x0 0x0 0x0 0xe70005 0x145 0x0 0x0 0x0 0x0 0x0 0xeb0005 0x145 0x0 0x0 0x0 0x0 0x0 0xee0005 0x145 0x0 0x0 0x0 0x0 0x0 0xf20005 0x145 0x0 0x0 0x0 0x0 0x0 0xf50005 0x145 0x0 0x0 0x0 0x0 0x0 0xf80005 0x0 0x0 0x23d735b0160 0x9 0x23d733a0cd0 0x13c 0x1040005 0x145 0x0 0x0 0x0 0x0 0x0 0x1080005 0x145 0x0 0x0 0x0 0x0 0x0 0x10c0005 0x145 0x0 0x0 0x0 0x0 0x0 0x10f0005 0x0 0x0 0x23d735b0160 0x9 0x23d733a0cd0 0x13c 0x1230005 0x0 0x0 0x23d733a0cd0 0x145 0x0 0x0 0x1290003 0x145 0x168 0x1320005 0x79 0x0 0x0 0x0 0x0 0x0 0x1360005 0x79 0x0 0x0 0x0 0x0 0x0 0x13b0005 0x79 0x0 0x0 0x0 0x0 0x0 0x13f0005 0x79 0x0 0x0 0x0 0x0 0x0 0x1440005 0x79 0x0 0x0 0x0 0x0 0x0 0x8000000701470005 0x7 0x0 0x23d733a0cd0 0xc 0x23d733a0c20 0x68 0x14e0005 0x1c0 0x0 0x0 0x0 0x0 0x0 0x8000000601510007 0x1bc 0x180 0x5 0x1550005 0x5 0x0 0x0 0x0 0x0 0x0 0x1580005 0x0 0x0 0x23d735b0210 0x5 0x0 0x0 0x1610005 0x0 0x0 0x23d735b02c0 0xa 0x0 0x0 0x1660007 0x5 0xb8 0x5 0x16b0005 0x0 0x0 0x23d735b02c0 0x5 0x0 0x0 0x1700004 0x0 0x0 0x23d735b0370 0x5 0x0 0x0 0x17c0002 0x5 0x1820003 0x5 0xffffffffffffff28 0x1860007 0x1c1 0xc8 0x0 0x1900005 0x0 0x0 0x0 0x0 0x0 0x0 0x1a00005 0x0 0x0 0x0 0x0 0x0 0x0 0x1ae0005 0x0 0x0 0x0 0x0 0x0 0x0 0x0 0x0 0x0 0x0 0x0 0x0 0x0 0x0 0x0 0x0 0x0 0x0 0x0 0x0 0x0 0x0 0x0 0x0 0x0 0x0 0x0 0x0 0x0 0x0 0x0 0x0 0x9 0x1 0x0 oops 15 7 com/sun/javafx/geom/transform/Translate2D 9 com/sun/javafx/geom/transform/Affine2D 196 com/sun/javafx/geom/transform/Translate2D 198 com/sun/javafx/geom/transform/Affine2D 254 com/sun/javafx/geom/transform/Translate2D 256 com/sun/javafx/geom/transform/Affine2D 282 com/sun/javafx/geom/transform/Translate2D 284 com/sun/javafx/geom/transform/Affine2D 289 com/sun/javafx/geom/transform/Affine2D 334 com/sun/javafx/geom/transform/Affine2D 336 com/sun/javafx/geom/transform/Identity 359 javafx/scene/Node$NodeTransformation$10 366 java/util/AbstractList$Itr 377 java/util/AbstractList$Itr 384 javafx/scene/transform/Scale methods 0
ciMethodData com/sun/javafx/geom/Vec3d set (DDD)V 2 34050 orig 80 0 0 0 0 0 0 0 0 0 0 0 0 61 2 0 0 0 0 0 0 0 0 0 0 0 0 0 0 0 0 0 0 0 0 0 0 0 0 0 0 0 0 0 0 0 0 0 0 0 0 0 0 0 0 0 0 0 0 0 0 0 0 0 0 0 0 0 0 0 0 0 0 0 0 0 0 0 0 0 0 data 13 0x0 0x0 0x0 0x0 0x9 0x7 0x0 0x0 0x0 0x0 0x0 0x0 0x0 oops 0 methods 0
ciMethodData com/sun/javafx/util/TempState getInstance ()Lcom/sun/javafx/util/TempState; 2 22582 orig 80 0 0 0 0 0 0 0 0 0 0 0 0 61 2 0 0 0 0 0 0 0 0 0 0 0 0 0 0 0 0 0 0 0 0 0 0 0 0 0 0 0 0 0 0 0 0 0 0 0 0 0 0 0 0 0 0 0 0 0 0 0 0 0 0 0 0 0 0 0 0 0 0 0 0 0 0 0 0 0 0 data 22 0x30005 0x0 0x0 0x23d7ed95190 0x5836 0x0 0x0 0x60004 0x0 0x0 0x23d7325c740 0x5836 0x0 0x0 0x0 0x0 0x0 0x0 0x0 0x0 0x9 0x0 oops 2 3 com/sun/javafx/util/TempState$1 10 com/sun/javafx/util/TempState methods 0
ciMethodData javafx/scene/Node getLocalBounds (Lcom/sun/javafx/geom/BaseBounds;Lcom/sun/javafx/geom/transform/BaseTransform;)Lcom/sun/javafx/geom/BaseBounds; 2 6210 orig 80 0 0 0 0 0 0 0 0 0 0 0 0 61 2 0 0 0 0 0 0 0 0 0 0 0 0 0 0 0 0 0 0 0 0 0 0 0 0 0 0 0 0 0 0 0 0 0 0 0 0 0 0 0 0 0 0 0 0 0 0 0 0 0 0 0 0 0 0 0 0 0 0 0 0 0 0 0 0 0 0 data 189 0x10005 0x1842 0x0 0x0 0x0 0x0 0x0 0x40007 0x678 0xb0 0x11ca 0x80005 0x11ca 0x0 0x0 0x0 0x0 0x0 0xb0007 0xa2 0x58 0x1128 0x110005 0x86b 0x0 0x23d259c2788 0x434 0x23d73938b68 0x489 0x160005 0x1a 0x0 0x23d733a0c20 0x633 0x23d733a0cd0 0xcd 0x190007 0xc9 0x318 0x651 0x1d0005 0x651 0x0 0x0 0x0 0x0 0x0 0x250005 0x0 0x0 0x23d7ed93400 0x651 0x0 0x0 0x2a0005 0x1a 0x0 0x23d733a0c20 0x633 0x23d733a0cd0 0x4 0x2d0007 0x633 0x250 0x1e 0x310005 0x0 0x0 0x23d733a0cd0 0x4 0x23d735b0160 0x1a 0x360005 0x0 0x0 0x23d733a0cd0 0x4 0x23d735b0160 0x1a 0x3c0005 0x0 0x0 0x23d733a0cd0 0x4 0x23d735b0160 0x1a 0x430005 0x0 0x0 0x23d7ed93400 0x1e 0x0 0x0 0x4b0005 0x0 0x0 0x23d7ed93400 0x1e 0x0 0x0 0x540005 0x0 0x0 0x23d7ed93400 0x1e 0x0 0x0 0x5d0005 0x0 0x0 0x23d7ed93400 0x1e 0x0 0x0 0x650005 0x0 0x0 0x23d7ed93400 0x1e 0x0 0x0 0x6e0005 0x0 0x0 0x23d7ed93400 0x1e 0x0 0x0 0x760005 0x0 0x0 0x23d7ed93400 0x1e 0x0 0x0 0x7d0005 0x0 0x0 0x23d733a0cd0 0xc9 0x0 0x0 0x800007 0x0 0xb0 0xc9 0x840005 0x0 0x0 0x23d733a0cd0 0xc9 0x0 0x0 0x8a0007 0xc9 0x58 0x0 0x900005 0x0 0x0 0x0 0x0 0x0 0x0 0x950005 0xc9 0x0 0x0 0x0 0x0 0x0 0x9e0005 0x0 0x0 0x23d733a0cd0 0xc9 0x0 0x0 0x0 0x0 0x0 0x0 0x0 0x0 0x9 0x3 0x0 0x0 0x0 oops 23 25 javafx/scene/layout/AnchorPane 27 com/jfoenix/skins/JFXButtonSkin$1 32 com/sun/javafx/geom/transform/Identity 34 com/sun/javafx/geom/transform/Affine2D 50 com/sun/javafx/geom/RectBounds 57 com/sun/javafx/geom/transform/Identity 59 com/sun/javafx/geom/transform/Affine2D 68 com/sun/javafx/geom/transform/Affine2D 70 com/sun/javafx/geom/transform/Translate2D 75 com/sun/javafx/geom/transform/Affine2D 77 com/sun/javafx/geom/transform/Translate2D 82 com/sun/javafx/geom/transform/Affine2D 84 com/sun/javafx/geom/transform/Translate2D 89 com/sun/javafx/geom/RectBounds 96 com/sun/javafx/geom/RectBounds 103 com/sun/javafx/geom/RectBounds 110 com/sun/javafx/geom/RectBounds 117 com/sun/javafx/geom/RectBounds 124 com/sun/javafx/geom/RectBounds 131 com/sun/javafx/geom/RectBounds 138 com/sun/javafx/geom/transform/Affine2D 149 com/sun/javafx/geom/transform/Affine2D 174 com/sun/javafx/geom/transform/Affine2D methods 0
ciMethodData javafx/scene/Node isDisable ()Z 2 11303 orig 80 0 0 0 0 0 0 0 0 0 0 0 0 61 2 0 0 0 0 0 0 0 0 0 0 0 0 0 0 0 0 0 0 0 0 0 0 0 0 0 0 0 0 0 0 0 0 0 0 0 0 0 0 0 0 0 0 0 0 0 0 0 0 0 0 0 0 0 0 0 0 0 0 0 0 0 0 0 0 0 0 data 23 0x40007 0x1cbd 0x38 0xf6a 0x80003 0xf6a 0x50 0xf0005 0x1cbd 0x0 0x0 0x0 0x0 0x0 0x0 0x0 0x0 0x0 0x0 0x0 0x9 0x1 0x0 oops 0 methods 0
ciMethodData javafx/scene/Node$MiscProperties isDisable ()Z 2 7357 orig 80 0 0 0 0 0 0 0 0 0 0 0 0 61 2 0 0 0 0 0 0 0 0 0 0 0 0 0 0 0 0 0 0 0 0 0 0 0 0 0 0 0 0 0 0 0 0 0 0 0 0 0 0 0 0 0 0 0 0 0 0 0 0 0 0 0 0 0 0 0 0 0 0 0 0 0 0 0 0 0 0 data 23 0x40007 0x2fe 0x38 0x19bf 0x80003 0x19bf 0x50 0xf0005 0x0 0x0 0x23d6b4446f8 0x2fe 0x0 0x0 0x0 0x0 0x0 0x0 0x0 0x0 0x9 0x1 0x0 oops 1 10 javafx/scene/Node$MiscProperties$9 methods 0
ciMethodData javafx/scene/Node pickNode (Lcom/sun/javafx/geom/PickRay;Lcom/sun/javafx/scene/input/PickResultChooser;)V 2 11273 orig 80 1 0 0 0 0 0 0 0 0 0 0 0 61 2 0 0 0 0 0 0 0 0 0 0 0 0 0 0 0 0 0 0 0 0 0 0 0 0 0 2 0 0 0 0 0 0 0 0 0 0 0 0 0 0 0 0 0 0 0 0 0 0 0 0 0 0 0 0 0 0 0 0 0 0 0 0 0 0 0 0 data 98 0x10005 0x2c09 0x0 0x0 0x0 0x0 0x0 0x40007 0x1a7 0xd0 0x2a62 0x80005 0x2a62 0x0 0x0 0x0 0x0 0x0 0x80000006000b0007 0x64 0x78 0x2a00 0xf0005 0x2a00 0x0 0x0 0x0 0x0 0x0 0x120007 0x22d2 0x20 0x72e 0x170005 0x0 0x0 0x23d6c16b588 0x22d2 0x0 0x0 0x2e0005 0x0 0x0 0x23d6c16b588 0x22d2 0x0 0x0 0x490005 0xeb7 0x0 0x23d259c2788 0x9d7 0x23d259c2838 0xa44 0x520005 0x121d 0x0 0x23d733a0c20 0xa83 0x23d733a0cd0 0x632 0x5e0005 0x121d 0x0 0x23d733a0c20 0xa83 0x23d733a0cd0 0x632 0x650002 0x22d2 0x680003 0x22d2 0x18 0x740005 0x0 0x0 0x23d6c16b588 0x22d2 0x0 0x0 0x7e0005 0x0 0x0 0x23d6c16b588 0x22d2 0x0 0x0 0x0 0x0 0x0 0x0 0x0 0x0 0x9 0x3 0x0 0x0 0x0 oops 10 36 com/sun/javafx/geom/PickRay 43 com/sun/javafx/geom/PickRay 50 javafx/scene/layout/AnchorPane 52 com/jfoenix/controls/JFXButton 57 com/sun/javafx/geom/transform/Identity 59 com/sun/javafx/geom/transform/Affine2D 64 com/sun/javafx/geom/transform/Identity 66 com/sun/javafx/geom/transform/Affine2D 76 com/sun/javafx/geom/PickRay 83 com/sun/javafx/geom/PickRay methods 0
ciMethodData javafx/scene/Node isMouseTransparent ()Z 2 10752 orig 80 0 0 0 0 0 0 0 0 0 0 0 0 61 2 0 0 0 0 0 0 0 0 0 0 0 0 0 0 0 0 0 0 0 0 0 0 0 0 0 0 0 0 0 0 0 0 0 0 0 0 0 0 0 0 0 0 0 0 0 0 0 0 0 0 0 0 0 0 0 0 0 0 0 0 0 0 0 0 0 0 data 23 0x40007 0x1b8c 0x38 0xe74 0x80003 0xe74 0x50 0xf0005 0x1b8c 0x0 0x0 0x0 0x0 0x0 0x0 0x0 0x0 0x0 0x0 0x0 0x9 0x1 0x0 oops 0 methods 0
ciMethodData javafx/scene/Node$MiscProperties isMouseTransparent ()Z 2 7052 orig 80 0 0 0 0 0 0 0 0 0 0 0 0 61 2 0 0 0 0 0 0 0 0 0 0 0 0 0 0 0 0 0 0 0 0 0 0 0 0 0 0 0 0 0 0 0 0 0 0 0 0 0 0 0 0 0 0 0 0 0 0 0 0 0 0 0 0 0 0 0 0 0 0 0 0 0 0 0 0 0 0 data 23 0x40007 0x7a8 0x38 0x13e4 0x80003 0x13e4 0x50 0xf0005 0x0 0x0 0x23d733a4f60 0x7a8 0x0 0x0 0x0 0x0 0x0 0x0 0x0 0x0 0x9 0x1 0x0 oops 1 10 javafx/beans/property/SimpleBooleanProperty methods 0
ciMethodData com/sun/javafx/scene/NodeHelper pickNodeLocal (Ljavafx/scene/Node;Lcom/sun/javafx/geom/PickRay;Lcom/sun/javafx/scene/input/PickResultChooser;)V 2 8914 orig 80 0 0 0 0 0 0 0 0 0 0 0 0 61 2 0 0 0 0 0 0 0 0 0 0 0 0 0 0 0 0 0 0 0 0 0 0 0 0 0 0 0 0 0 0 0 0 0 0 0 0 0 0 0 0 0 0 0 0 0 0 0 0 0 0 0 0 0 0 0 0 0 0 0 0 0 0 0 0 0 0 data 20 0x10002 0x22d2 0x70005 0x59b 0x0 0x23d735b1788 0xd43 0x23d735b1838 0xff4 0x0 0x0 0x0 0x0 0x0 0x0 0x9 0x3 0x0 0x0 0x0 oops 2 5 com/sun/javafx/scene/layout/PaneHelper 7 com/sun/javafx/scene/control/ControlHelper methods 0
ciMethodData com/sun/javafx/geom/PickRay setOrigin (DDD)V 2 5120 orig 80 0 0 0 0 0 0 0 0 0 0 0 0 61 2 0 0 0 0 0 0 0 0 0 0 0 0 0 0 0 0 0 0 0 0 0 0 0 0 0 0 0 0 0 0 0 0 0 0 0 0 0 0 0 0 0 0 0 0 0 0 0 0 0 0 0 0 0 0 0 0 0 0 0 0 0 0 0 0 0 0 data 22 0x80005 0x0 0x0 0x23d7325be48 0x1400 0x0 0x0 0x0 0x0 0x0 0x0 0x0 0x0 0x9 0x7 0x0 0x0 0x0 0x0 0x0 0x0 0x0 oops 1 3 com/sun/javafx/geom/Vec3d methods 0
ciMethodData com/sun/javafx/geom/PickRay setDirection (DDD)V 2 6162 orig 80 0 0 0 0 0 0 0 0 0 0 0 0 61 2 0 0 0 0 0 0 0 0 0 0 0 0 0 0 0 0 0 0 0 0 0 0 0 0 0 0 0 0 0 0 0 0 0 0 0 0 0 0 0 0 0 0 0 0 0 0 0 0 0 0 0 0 0 0 0 0 0 0 0 0 0 0 0 0 0 0 data 22 0x80005 0x0 0x0 0x23d7325be48 0x1812 0x0 0x0 0x0 0x0 0x0 0x0 0x0 0x0 0x9 0x7 0x0 0x0 0x0 0x0 0x0 0x0 0x0 oops 1 3 com/sun/javafx/geom/Vec3d methods 0
ciMethodData javafx/scene/Node almostZero (D)Z 2 1346 orig 80 0 0 0 0 0 0 0 0 0 0 0 0 61 2 0 0 0 0 0 0 0 0 0 0 0 0 0 0 0 0 0 0 0 0 0 0 0 0 0 0 0 0 0 0 0 0 0 0 0 0 0 0 0 0 0 0 0 0 0 0 0 0 0 0 0 0 0 0 0 0 0 0 0 0 0 0 0 0 0 0 data 18 0x50007 0x542 0x58 0x0 0xd0007 0x0 0x38 0x0 0x110003 0x0 0x18 0x0 0x0 0x0 0x9 0x2 0x0 0x0 oops 0 methods 0
ciMethodData javafx/scene/Node intersects (Lcom/sun/javafx/geom/PickRay;Lcom/sun/javafx/scene/input/PickResultChooser;)Z 2 4240 orig 80 0 0 0 0 0 0 0 0 0 0 0 0 61 2 0 0 0 0 0 0 0 0 0 0 0 0 0 0 0 0 0 0 0 0 0 0 0 0 0 0 0 0 0 0 0 0 0 0 0 0 0 0 0 0 0 0 0 0 0 0 0 0 0 0 0 0 0 0 0 0 0 0 0 0 0 0 0 0 0 0 data 50 0x20005 0x1090 0x0 0x0 0x0 0x0 0x0 0x70002 0x1090 0xa0007 0x612 0xf0 0xa7e 0xe0005 0xa7e 0x0 0x0 0x0 0x0 0x0 0x110007 0x4d0 0x88 0x5ae 0x150007 0x0 0x68 0x5ae 0x1d0002 0x5ae 0x200005 0x0 0x0 0x23d6c16b658 0x5ae 0x0 0x0 0x290002 0x4d0 0x0 0x0 0x0 0x0 0x0 0x0 0x9 0x3 0x0 0x0 0x0 oops 1 33 com/sun/javafx/scene/input/PickResultChooser methods 0
ciMethodData javafx/scene/Node intersectsBounds (Lcom/sun/javafx/geom/PickRay;)D 2 11271 orig 80 1 0 0 0 0 0 0 0 0 0 0 0 61 2 0 0 0 0 0 0 0 0 0 0 0 0 0 0 0 0 0 0 0 0 0 0 0 0 0 1 0 0 0 0 0 0 0 0 0 0 0 0 0 0 0 0 0 0 0 0 0 0 0 0 0 0 0 0 0 0 0 0 0 0 0 0 0 0 0 0 data 550 0x10005 0x0 0x0 0x23d6c16b588 0x2c07 0x0 0x0 0x60005 0x0 0x0 0x23d6c16b588 0x2c07 0x0 0x0 0x200002 0x2c07 0x320005 0x122f 0x0 0x23d259c2788 0xb85 0x23d259c2838 0xe53 0x3d0007 0x0 0x2f0 0x2c07 0x460007 0x0 0x2d0 0x2c07 0x4f0007 0x2c07 0x20 0x0 0x5a0005 0x0 0x0 0x23d7ed93400 0x2c07 0x0 0x0 0x5f0007 0x8e8 0x128 0x231f 0x660005 0x0 0x0 0x23d7ed93400 0x231f 0x0 0x0 0x6b0007 0x811 0xd0 0x1b0e 0x720005 0x0 0x0 0x23d7ed93400 0x1b0e 0x0 0x0 0x770007 0x2bb 0x78 0x1853 0x7e0005 0x0 0x0 0x23d7ed93400 0x1853 0x0 0x0 0x830007 0x1632 0x20 0x221 0x960007 0x1632 0x38 0x0 0x9a0003 0x0 0x18 0xa20005 0x0 0x0 0x23d7ed93400 0x1632 0x0 0x0 0xaa0005 0x0 0x0 0x23d7ed93400 0x1632 0x0 0x0 0xb20007 0x1632 0x38 0x0 0xb70003 0x0 0x18 0xc50007 0x1632 0x38 0x0 0xca0003 0x0 0x18 0xd70003 0x1632 0x8d8 0xdc0005 0x0 0x0 0x0 0x0 0x0 0x0 0xe20007 0x0 0x200 0x0 0xe90002 0x0 0xec0007 0x0 0x20 0x0 0xf50005 0x0 0x0 0x0 0x0 0x0 0x0 0x11f0005 0x0 0x0 0x0 0x0 0x0 0x0 0x1240007 0x0 0x128 0x0 0x12b0005 0x0 0x0 0x0 0x0 0x0 0x0 0x1300007 0x0 0xd0 0x0 0x1370005 0x0 0x0 0x0 0x0 0x0 0x0 0x13c0007 0x0 0x78 0x0 0x1430005 0x0 0x0 0x0 0x0 0x0 0x0 0x1480007 0x0 0x20 0x0 0x1550003 0x0 0x6a0 0x15e0007 0x0 0x38 0x0 0x1640003 0x0 0x18 0x1750007 0x0 0x38 0x0 0x17b0003 0x0 0x18 0x18c0007 0x0 0x38 0x0 0x1920003 0x0 0x18 0x1a10007 0x0 0x38 0x0 0x1a50003 0x0 0x18 0x1af0007 0x0 0x38 0x0 0x1b30003 0x0 0x18 0x1bd0007 0x0 0x38 0x0 0x1c10003 0x0 0x18 0x1c90005 0x0 0x0 0x0 0x0 0x0 0x0 0x1d10005 0x0 0x0 0x0 0x0 0x0 0x0 0x1d90005 0x0 0x0 0x0 0x0 0x0 0x0 0x1e10005 0x0 0x0 0x0 0x0 0x0 0x0 0x1f20002 0x0 0x1f50007 0x0 0x78 0x0 0x1fd0007 0x0 0x58 0x0 0x2050007 0x0 0x38 0x0 0x2080003 0x0 0x88 0x2110007 0x0 0x38 0x0 0x2160003 0x0 0x18 0x2240007 0x0 0x38 0x0 0x2290003 0x0 0x18 0x2380002 0x0 0x23b0007 0x0 0x78 0x0 0x2430007 0x0 0x58 0x0 0x24b0007 0x0 0x38 0x0 0x24e0003 0x0 0x108 0x2570007 0x0 0x38 0x0 0x25c0003 0x0 0x18 0x26b0007 0x0 0x38 0x0 0x2700003 0x0 0x18 0x2810007 0x0 0x40 0x0 0x2890007 0x0 0x20 0x0 0x2940007 0x0 0x20 0x0 0x29f0007 0x0 0x20 0x0 0x2a80005 0x0 0x0 0x0 0x0 0x0 0x0 0x2b00005 0x0 0x0 0x0 0x0 0x0 0x0 0x2b80002 0x0 0x2bb0007 0x0 0x78 0x0 0x2c30007 0x0 0x58 0x0 0x2cb0007 0x0 0x38 0x0 0x2ce0003 0x0 0x108 0x2d70007 0x0 0x38 0x0 0x2dc0003 0x0 0x18 0x2eb0007 0x0 0x38 0x0 0x2f00003 0x0 0x18 0x3010007 0x0 0x40 0x0 0x3090007 0x0 0x20 0x0 0x3140007 0x0 0x20 0x0 0x31f0007 0x0 0x20 0x0 0x3270005 0x1632 0x0 0x0 0x0 0x0 0x0 0x32e0007 0x15ac 0x2b0 0x86 0x3320004 0xffffffffffffff7a 0x0 0x23d7ed77c10 0x5 0x0 0x0 0x3350007 0x0 0x258 0x86 0x33a0004 0xffffffffffffff7a 0x0 0x23d7ed934b0 0x5 0x0 0x0 0x33d0007 0x0 0x200 0x86 0x3540005 0x0 0x0 0x23d7ed934b0 0x86 0x0 0x0 0x3630005 0x0 0x0 0x23d733a0c20 0x86 0x0 0x0 0x36e0005 0x0 0x0 0x23d733a0c20 0x86 0x0 0x0 0x3720003 0x86 0x18 0x37c0007 0x0 0x90 0x86 0x3830005 0x86 0x0 0x0 0x0 0x0 0x0 0x8000000603860007 0x2 0x38 0x85 0x38a0003 0x85 0x18 0x3970005 0x0 0x0 0x23d6c16b588 0x87 0x0 0x0 0x3a10005 0x0 0x0 0x23d6c16b588 0x87 0x0 0x0 0x3a60007 0x85 0x20 0x2 0x3ae0002 0x1631 0x3b10007 0x0 0x50 0x1631 0x3b50002 0x1631 0x3b80007 0x1631 0x20 0x0 0x3c00005 0x0 0x0 0x23d6c16b588 0x1631 0x0 0x0 0x3c60005 0x0 0x0 0x23d6c16b588 0x1631 0x0 0x0 0x3cf0007 0x1631 0x40 0x0 0x3d70007 0x0 0x20 0x0 0x3e40007 0x1631 0x20 0x0 0x0 0x0 0x0 0x0 0x0 0x0 0x0 0x0 0x0 0x0 0x0 0x0 0x0 0x0 0x0 0x0 0x0 0x0 0x9 0x2 0x0 0x0 oops 19 3 com/sun/javafx/geom/PickRay 10 com/sun/javafx/geom/PickRay 19 javafx/scene/layout/AnchorPane 21 com/jfoenix/controls/JFXButton 38 com/sun/javafx/geom/RectBounds 49 com/sun/javafx/geom/RectBounds 60 com/sun/javafx/geom/RectBounds 71 com/sun/javafx/geom/RectBounds 89 com/sun/javafx/geom/RectBounds 96 com/sun/javafx/geom/RectBounds 411 org/fxmisc/flowless/VirtualFlow 422 javafx/scene/shape/Rectangle 433 javafx/scene/shape/Rectangle 440 com/sun/javafx/geom/transform/Identity 447 com/sun/javafx/geom/transform/Identity 475 com/sun/javafx/geom/PickRay 482 com/sun/javafx/geom/PickRay 505 com/sun/javafx/geom/PickRay 512 com/sun/javafx/geom/PickRay methods 0
ciMethodData javafx/geometry/Point3D <init> (DDD)V 2 8376 orig 80 0 0 0 0 0 0 0 0 0 0 0 0 61 2 0 0 0 0 0 0 0 0 0 0 0 0 0 0 0 0 0 0 0 0 0 0 0 0 0 0 0 0 0 0 0 0 0 0 0 0 0 0 0 0 0 0 0 0 0 0 0 0 0 0 0 0 0 0 0 0 0 0 0 0 0 0 0 0 0 0 data 15 0x10002 0x20b8 0x0 0x0 0x0 0x0 0x9 0x7 0x3e 0x0 0x0 0x0 0x0 0x0 0x0 oops 0 methods 0
ciMethodData javafx/scene/layout/Region doPickNodeLocal (Lcom/sun/javafx/geom/PickRay;Lcom/sun/javafx/scene/input/PickResultChooser;)V 2 11270 orig 80 2 0 0 0 0 0 0 0 0 0 0 0 61 2 0 0 0 0 0 0 0 0 0 0 0 0 0 0 0 0 0 0 0 0 0 0 0 0 0 0 0 0 0 0 0 0 0 0 0 0 0 0 0 0 0 0 0 0 0 0 0 0 0 0 0 0 0 0 0 0 0 0 0 0 0 0 0 0 0 0 data 27 0x20002 0x2c06 0x70002 0x2c06 0xa0007 0x18dc 0x60 0x132a 0x100002 0x132a 0x130007 0xb28 0x30 0x804 0x190002 0x804 0x0 0x0 0x0 0x0 0x0 0x0 0x9 0x3 0x0 0x0 0x0 oops 0 methods 0
ciMethodData com/sun/javafx/scene/NodeHelper intersectsBounds (Ljavafx/scene/Node;Lcom/sun/javafx/geom/PickRay;)D 2 11269 orig 80 0 0 0 0 0 0 0 0 0 0 0 0 61 2 0 0 0 0 0 0 0 0 0 0 0 0 0 0 0 0 0 0 0 0 0 0 0 0 0 0 0 0 0 0 0 0 0 0 0 0 0 0 0 0 0 0 0 0 0 0 0 0 0 0 0 0 0 0 0 0 0 0 0 0 0 0 0 0 0 0 data 17 0x50005 0x0 0x0 0x23d6c16ed68 0x2c05 0x0 0x0 0x0 0x0 0x0 0x0 0x0 0x0 0x9 0x2 0x0 0x0 oops 1 3 javafx/scene/Node$1 methods 0
ciMethodData javafx/scene/Node$1 intersectsBounds (Ljavafx/scene/Node;Lcom/sun/javafx/geom/PickRay;)D 2 11269 orig 80 0 0 0 0 0 0 0 0 0 0 0 0 61 2 0 0 0 0 0 0 0 0 0 0 0 0 0 0 0 0 0 0 0 0 0 0 0 0 0 0 0 0 0 0 0 0 0 0 0 0 0 0 0 0 0 0 0 0 0 0 0 0 0 0 0 0 0 0 0 0 0 0 0 0 0 0 0 0 0 0 data 18 0x20005 0x2c05 0x0 0x0 0x0 0x0 0x0 0x0 0x0 0x0 0x0 0x0 0x0 0x9 0x3 0x0 0x0 0x0 oops 0 methods 0
ciMethodData com/sun/javafx/scene/NodeHelper getSubScene (Ljavafx/scene/Node;)Ljavafx/scene/SubScene; 2 6903 orig 80 0 0 0 0 0 0 0 0 0 0 0 0 61 2 0 0 0 0 0 0 0 0 0 0 0 0 0 0 0 0 0 0 0 0 0 0 0 0 0 0 0 0 0 0 0 0 0 0 0 0 0 0 0 0 0 0 0 0 0 0 0 0 0 0 0 0 0 0 0 0 0 0 0 0 0 0 0 0 0 0 data 16 0x40005 0x0 0x0 0x23d6c16ed68 0x1af7 0x0 0x0 0x0 0x0 0x0 0x0 0x0 0x0 0x9 0x1 0xffffffffffffffff oops 1 3 javafx/scene/Node$1 methods 0
ciMethodData javafx/scene/Node$1 getSubScene (Ljavafx/scene/Node;)Ljavafx/scene/SubScene; 2 6903 orig 80 0 0 0 0 0 0 0 0 0 0 0 0 61 2 0 0 0 0 0 0 0 0 0 0 0 0 0 0 0 0 0 0 0 0 0 0 0 0 0 0 0 0 0 0 0 0 0 0 0 0 0 0 0 0 0 0 0 0 0 0 0 0 0 0 0 0 0 0 0 0 0 0 0 0 0 0 0 0 0 0 data 17 0x10005 0x1af7 0x0 0x0 0x0 0x0 0x0 0x0 0x0 0x0 0x0 0x0 0x0 0x9 0x2 0x0 0x0 oops 0 methods 0
ciMethodData com/sun/javafx/scene/ParentHelper pickChildrenNode (Ljavafx/scene/Parent;Lcom/sun/javafx/geom/PickRay;Lcom/sun/javafx/scene/input/PickResultChooser;)Z 2 4888 orig 80 0 0 0 0 0 0 0 0 0 0 0 0 61 2 0 0 0 0 0 0 0 0 0 0 0 0 0 0 0 0 0 0 0 0 0 0 0 0 0 0 0 0 0 0 0 0 0 0 0 0 0 0 0 0 0 0 0 0 0 0 0 0 0 0 0 0 0 0 0 0 0 0 0 0 0 0 0 0 0 0 data 18 0x60005 0x0 0x0 0x23d6c04acc8 0x1318 0x0 0x0 0x0 0x0 0x0 0x0 0x0 0x0 0x9 0x3 0x0 0x0 0x0 oops 1 3 javafx/scene/Parent$1 methods 0
ciMethodData javafx/scene/Parent$1 pickChildrenNode (Ljavafx/scene/Parent;Lcom/sun/javafx/geom/PickRay;Lcom/sun/javafx/scene/input/PickResultChooser;)Z 2 4888 orig 80 0 0 0 0 0 0 0 0 0 0 0 0 61 2 0 0 0 0 0 0 0 0 0 0 0 0 0 0 0 0 0 0 0 0 0 0 0 0 0 0 0 0 0 0 0 0 0 0 0 0 0 0 0 0 0 0 0 0 0 0 0 0 0 0 0 0 0 0 0 0 0 0 0 0 0 0 0 0 0 0 data 19 0x30005 0x627 0x0 0x23d259c2788 0xa30 0x23d259c2838 0x2c1 0x0 0x0 0x0 0x0 0x0 0x0 0x9 0x4 0x0 0x0 0x0 0x0 oops 2 3 javafx/scene/layout/AnchorPane 5 com/jfoenix/controls/JFXButton methods 0
ciMethodData com/sun/javafx/scene/NodeHelper intersects (Ljavafx/scene/Node;Lcom/sun/javafx/geom/PickRay;Lcom/sun/javafx/scene/input/PickResultChooser;)Z 2 2052 orig 80 0 0 0 0 0 0 0 0 0 0 0 0 61 2 0 0 0 0 0 0 0 0 0 0 0 0 0 0 0 0 0 0 0 0 0 0 0 0 0 0 0 0 0 0 0 0 0 0 0 0 0 0 0 0 0 0 0 0 0 0 0 0 0 0 0 0 0 0 0 0 0 0 0 0 0 0 0 0 0 0 data 18 0x60005 0x0 0x0 0x23d6c16ed68 0x804 0x0 0x0 0x0 0x0 0x0 0x0 0x0 0x0 0x9 0x3 0x0 0x0 0x0 oops 1 3 javafx/scene/Node$1 methods 0
ciMethodData javafx/scene/Parent pickChildrenNode (Lcom/sun/javafx/geom/PickRay;Lcom/sun/javafx/scene/input/PickResultChooser;)Z 2 4953 orig 80 0 0 0 0 0 0 0 0 0 0 0 0 61 2 0 0 0 0 0 0 0 0 0 0 0 0 0 0 0 0 0 0 0 0 1 0 0 0 0 0 0 0 0 0 0 0 0 0 0 0 0 0 0 0 0 0 0 0 0 0 0 0 0 0 0 0 0 0 0 0 0 0 0 0 0 0 0 0 0 0 data 64 0x10005 0x1359 0x0 0x0 0x0 0x0 0x0 0x60005 0x0 0x0 0x23d259c6700 0x1359 0x0 0x0 0x110007 0x804 0x138 0x3615 0x170005 0x0 0x0 0x23d259c6700 0x3615 0x0 0x0 0x1c0004 0x0 0x0 0x23d259c2838 0xef5 0x23d259c2788 0x785 0x210005 0x3615 0x0 0x0 0x0 0x0 0x0 0x250005 0x0 0x0 0x23d6c16b658 0x3616 0x0 0x0 0x280007 0x2abf 0x20 0xb57 0x300003 0x2abf 0xfffffffffffffee0 0x0 0x0 0x0 0x0 0x0 0x0 0x9 0x3 0x0 0x0 0x0 oops 5 10 javafx/scene/Parent$3 21 javafx/scene/Parent$3 28 com/jfoenix/controls/JFXButton 30 javafx/scene/layout/AnchorPane 42 com/sun/javafx/scene/input/PickResultChooser methods 0
ciMethodData javafx/scene/Node$1 intersects (Ljavafx/scene/Node;Lcom/sun/javafx/geom/PickRay;Lcom/sun/javafx/scene/input/PickResultChooser;)Z 2 2052 orig 80 0 0 0 0 0 0 0 0 0 0 0 0 61 2 0 0 0 0 0 0 0 0 0 0 0 0 0 0 0 0 0 0 0 0 0 0 0 0 0 0 0 0 0 0 0 0 0 0 0 0 0 0 0 0 0 0 0 0 0 0 0 0 0 0 0 0 0 0 0 0 0 0 0 0 0 0 0 0 0 0 data 19 0x30005 0x804 0x0 0x0 0x0 0x0 0x0 0x0 0x0 0x0 0x0 0x0 0x0 0x9 0x4 0x0 0x0 0x0 0x0 oops 0 methods 0
ciMethodData javafx/scene/Parent getOrderedChildren ()Ljava/util/List; 2 4833 orig 80 0 0 0 0 0 0 0 0 0 0 0 0 61 2 0 0 0 0 0 0 0 0 0 0 0 0 0 0 0 0 0 0 0 0 0 0 0 0 0 0 0 0 0 0 0 0 0 0 0 0 0 0 0 0 0 0 0 0 0 0 0 0 0 0 0 0 0 0 0 0 0 0 0 0 0 0 0 0 0 0 data 38 0x40005 0x12e1 0x0 0x0 0x0 0x0 0x0 0x70007 0x12df 0x58 0x2 0xb0005 0x2 0x0 0x0 0x0 0x0 0x0 0x120005 0x0 0x0 0x23d25787b28 0x12e1 0x0 0x0 0x170007 0x12e1 0x20 0x0 0x0 0x0 0x0 0x0 0x0 0x0 0x9 0x1 0x0 oops 1 21 java/util/ArrayList methods 0
ciMethodData javafx/scene/Parent computeViewOrderChildren ()V 1 237 orig 80 0 0 0 0 0 0 0 0 0 0 0 0 61 2 0 0 0 0 0 0 0 0 0 0 0 0 0 0 0 0 0 0 0 0 0 0 0 0 0 0 0 0 0 0 0 0 0 0 0 0 0 0 0 0 0 0 0 0 0 0 0 0 0 0 0 0 0 0 0 0 0 0 0 0 0 0 0 0 0 0 data 83 0x60005 0x0 0x0 0x23d259c6700 0xed 0x0 0x0 0xd0005 0x0 0x0 0x23d6c3cf408 0x20f 0x0 0x0 0x120007 0xed 0x120 0x122 0x160005 0x0 0x0 0x23d6c3cf408 0x122 0x0 0x0 0x1b0004 0x0 0x0 0x23d6c3cf4b8 0x12 0x23d6c3cf568 0x3 0x200005 0x122 0x0 0x0 0x0 0x0 0x0 0x260007 0x0 0x40 0x122 0x2d0007 0x122 0x20 0x0 0x320003 0x122 0xfffffffffffffec0 0x390005 0x0 0x0 0x23d25787b28 0xed 0x0 0x0 0x3f0007 0xed 0x88 0x0 0x4a0005 0x0 0x0 0x0 0x0 0x0 0x0 0x54000a 0x0 0x1 0x0 0x590002 0x0 0x0 0x0 0x0 0x0 0x0 0x0 0x9 0x1 0x0 oops 6 3 javafx/scene/Parent$3 10 com/sun/javafx/collections/VetoableListDecorator$VetoableIteratorDecorator 21 com/sun/javafx/collections/VetoableListDecorator$VetoableIteratorDecorator 28 javafx/scene/image/ImageView 30 javafx/scene/canvas/Canvas 53 java/util/ArrayList methods 0
ciMethodData javafx/scene/Node isPickOnBounds ()Z 2 3897 orig 80 0 0 0 0 0 0 0 0 0 0 0 0 61 2 0 0 0 0 0 0 0 0 0 0 0 0 0 0 0 0 0 0 0 0 0 0 0 0 0 0 0 0 0 0 0 0 0 0 0 0 0 0 0 0 0 0 0 0 0 0 0 0 0 0 0 0 0 0 0 0 0 0 0 0 0 0 0 0 0 0 data 23 0x40007 0xade 0x38 0x45b 0x80003 0x45b 0x50 0xf0005 0x0 0x0 0x23d733a4f60 0xade 0x0 0x0 0x0 0x0 0x0 0x0 0x0 0x0 0x9 0x1 0x0 oops 1 10 javafx/beans/property/SimpleBooleanProperty methods 0
ciMethodData javafx/application/Platform isSupported (Ljavafx/application/ConditionalFeature;)Z 2 1830 orig 80 0 0 0 0 0 0 0 0 0 0 0 0 61 2 0 0 0 0 0 0 0 0 0 0 0 0 0 0 0 0 0 0 0 0 0 0 0 0 0 0 0 0 0 0 0 0 0 0 0 0 0 0 0 0 0 0 0 0 0 0 0 0 0 0 0 0 0 0 0 0 0 0 0 0 0 0 0 0 0 0 data 11 0x10002 0x726 0x0 0x0 0x0 0x0 0x0 0x0 0x9 0x1 0x0 oops 0 methods 0
ciMethodData com/sun/javafx/application/PlatformImpl isSupported (Ljavafx/application/ConditionalFeature;)Z 2 1834 orig 80 0 0 0 0 0 0 0 0 0 0 0 0 61 2 0 0 0 0 0 0 0 0 0 0 0 0 0 0 0 0 0 0 0 0 0 0 0 0 0 0 0 0 0 0 0 0 0 0 0 0 0 0 0 0 0 0 0 0 0 0 0 0 0 0 0 0 0 0 0 0 0 0 0 0 0 0 0 0 0 0 data 35 0x10002 0x72a 0x60007 0x9 0xc0 0x721 0xd0007 0x71c 0xa0 0x5 0x100002 0x5 0x150007 0x5 0x70 0x0 0x1c0005 0x0 0x0 0x0 0x0 0x0 0x0 0x1f0003 0x0 0x18 0x0 0x0 0x0 0x0 0x0 0x0 0x9 0x1 0x0 oops 0 methods 0
ciMethodData com/sun/javafx/scene/input/PickResultChooser computePoint (Lcom/sun/javafx/geom/PickRay;D)Ljavafx/geometry/Point3D; 2 1418 orig 80 0 0 0 0 0 0 0 0 0 0 0 0 61 2 0 0 0 0 0 0 0 0 0 0 0 0 0 0 0 0 0 0 0 0 0 0 0 0 0 0 0 0 0 0 0 0 0 0 0 0 0 0 0 0 0 0 0 0 0 0 0 0 0 0 0 0 0 0 0 0 0 0 0 0 0 0 0 0 0 0 data 27 0x10005 0x0 0x0 0x23d6c16b588 0x58a 0x0 0x0 0x60005 0x0 0x0 0x23d6c16b588 0x58a 0x0 0x0 0x330002 0x58a 0x0 0x0 0x0 0x0 0x0 0x0 0x9 0x3 0x0 0x0 0x0 oops 2 3 com/sun/javafx/geom/PickRay 10 com/sun/javafx/geom/PickRay methods 0
ciMethodData com/sun/javafx/scene/input/PickResultChooser offer (Ljavafx/scene/Node;DLjavafx/geometry/Point3D;)Z 2 1418 orig 80 0 0 0 0 0 0 0 0 0 0 0 0 61 2 0 0 0 0 0 0 0 0 0 0 0 0 0 0 0 0 0 0 0 0 0 0 0 0 0 0 0 0 0 0 0 0 0 0 0 0 0 0 0 0 0 0 0 0 0 0 0 0 0 0 0 0 0 0 0 0 0 0 0 0 0 0 0 0 0 0 data 20 0x90005 0x58a 0x0 0x0 0x0 0x0 0x0 0x0 0x0 0x0 0x0 0x0 0x0 0x9 0x5 0x0 0x0 0x0 0x0 0x0 oops 0 methods 0
ciMethodData com/sun/javafx/scene/NodeHelper computeIntersects (Ljavafx/scene/Node;Lcom/sun/javafx/geom/PickRay;Lcom/sun/javafx/scene/input/PickResultChooser;)Z 2 1181 orig 80 0 0 0 0 0 0 0 0 0 0 0 0 61 2 0 0 0 0 0 0 0 0 0 0 0 0 0 0 0 0 0 0 0 0 0 0 0 0 0 0 0 0 0 0 0 0 0 0 0 0 0 0 0 0 0 0 0 0 0 0 0 0 0 0 0 0 0 0 0 0 0 0 0 0 0 0 0 0 0 0 data 20 0x10002 0x49d 0x70005 0x1f3 0x0 0x23d735b1788 0x277 0x23d7f938f78 0x33 0x0 0x0 0x0 0x0 0x0 0x0 0x9 0x3 0x0 0x0 0x0 oops 2 5 com/sun/javafx/scene/layout/PaneHelper 7 com/sun/javafx/scene/canvas/CanvasHelper methods 0
ciMethodData com/sun/javafx/scene/NodeHelper computeIntersectsImpl (Ljavafx/scene/Node;Lcom/sun/javafx/geom/PickRay;Lcom/sun/javafx/scene/input/PickResultChooser;)Z 2 1295 orig 80 0 0 0 0 0 0 0 0 0 0 0 0 61 2 0 0 0 0 0 0 0 0 0 0 0 0 0 0 0 0 0 0 0 0 0 0 0 0 0 0 0 0 0 0 0 0 0 0 0 0 0 0 0 0 0 0 0 0 0 0 0 0 0 0 0 0 0 0 0 0 0 0 0 0 0 0 0 0 0 0 data 19 0x60005 0x0 0x0 0x23d6c16ed68 0x50f 0x0 0x0 0x0 0x0 0x0 0x0 0x0 0x0 0x9 0x4 0x0 0xffffffffffffffff 0xffffffffffffffff 0xffffffffffffffff oops 1 3 javafx/scene/Node$1 methods 0
ciMethodData javafx/scene/Node$1 doComputeIntersects (Ljavafx/scene/Node;Lcom/sun/javafx/geom/PickRay;Lcom/sun/javafx/scene/input/PickResultChooser;)Z 2 1295 orig 80 0 0 0 0 0 0 0 0 0 0 0 0 61 2 0 0 0 0 0 0 0 0 0 0 0 0 0 0 0 0 0 0 0 0 0 0 0 0 0 0 0 0 0 0 0 0 0 0 0 0 0 0 0 0 0 0 0 0 0 0 0 0 0 0 0 0 0 0 0 0 0 0 0 0 0 0 0 0 0 0 data 19 0x30005 0x50f 0x0 0x0 0x0 0x0 0x0 0x0 0x0 0x0 0x0 0x0 0x0 0x9 0x4 0x0 0x0 0x0 0x0 oops 0 methods 0
ciMethodData javafx/scene/Node doComputeIntersects (Lcom/sun/javafx/geom/PickRay;Lcom/sun/javafx/scene/input/PickResultChooser;)Z 2 1295 orig 80 0 0 0 0 0 0 0 0 0 0 0 0 61 2 0 0 0 0 0 0 0 0 0 0 0 0 0 0 0 0 0 0 0 0 0 0 0 0 0 0 0 0 0 0 0 0 0 0 0 0 0 0 0 0 0 0 0 0 0 0 0 0 0 0 0 0 0 0 0 0 0 0 0 0 0 0 0 0 0 0 data 105 0x10005 0x0 0x0 0x23d6c16b588 0x50f 0x0 0x0 0x90005 0x0 0x0 0x23d6c16b588 0x50f 0x0 0x0 0x130002 0x50f 0x160007 0x50f 0x20 0x0 0x250005 0x0 0x0 0x23d6c16b588 0x50f 0x0 0x0 0x290007 0x0 0x78 0x50f 0x2f0005 0x0 0x0 0x23d6c16b588 0x50f 0x0 0x0 0x330007 0x50f 0x20 0x0 0x390005 0x0 0x0 0x23d6c16b588 0x50f 0x0 0x0 0x400005 0x0 0x0 0x23d6c16b588 0x50f 0x0 0x0 0x4d0005 0x0 0x0 0x23d6c16b588 0x50f 0x0 0x0 0x540005 0x0 0x0 0x23d6c16b588 0x50f 0x0 0x0 0x690005 0x234 0x0 0x23d73938b68 0x2a8 0x23d6c3cf568 0x33 0x6c0007 0x306 0x88 0x209 0x700007 0x18e 0x68 0x7b 0x7a0002 0x7b 0x7d0005 0x0 0x0 0x23d6c16b658 0x7b 0x0 0x0 0x0 0x0 0x0 0x0 0x0 0x0 0x9 0x3 0x0 0x0 0x0 oops 11 3 com/sun/javafx/geom/PickRay 10 com/sun/javafx/geom/PickRay 23 com/sun/javafx/geom/PickRay 34 com/sun/javafx/geom/PickRay 45 com/sun/javafx/geom/PickRay 52 com/sun/javafx/geom/PickRay 59 com/sun/javafx/geom/PickRay 66 com/sun/javafx/geom/PickRay 73 com/jfoenix/skins/JFXButtonSkin$1 75 javafx/scene/canvas/Canvas 90 com/sun/javafx/scene/input/PickResultChooser methods 0
ciMethodData com/sun/javafx/application/PlatformImpl isSupportedImpl (Ljavafx/application/ConditionalFeature;)Z 2 1769 orig 80 0 0 0 0 0 0 0 0 0 0 0 0 61 2 0 0 0 0 0 0 0 0 0 0 0 0 0 0 0 0 0 0 0 0 0 0 0 0 0 0 0 0 0 0 0 0 0 0 0 0 0 0 0 0 0 0 0 0 0 0 0 0 0 0 0 0 0 0 0 0 0 0 0 0 0 0 0 0 0 0 data 376 0x40005 0x6e9 0x0 0x0 0x0 0x0 0x0 0x80008 0x1a 0x6e0 0xa88 0x0 0xe0 0x0 0x148 0x0 0x1b0 0x0 0x308 0x0 0x460 0x0 0x4c8 0x0 0x618 0x5 0x768 0x2 0x808 0x2 0x8a8 0x0 0x948 0x0 0x9e8 0x4b0007 0x0 0x30 0x0 0x510002 0x0 0x5a0005 0x0 0x0 0x0 0x0 0x0 0x0 0x610007 0x0 0x30 0x0 0x670002 0x0 0x700005 0x0 0x0 0x0 0x0 0x0 0x0 0x770007 0x0 0x120 0x0 0x7d0002 0x0 0x860005 0x0 0x0 0x0 0x0 0x0 0x0 0x890007 0x0 0xb8 0x0 0x8c0002 0x0 0x8f0007 0x0 0x88 0x0 0x92000a 0x0 0x1 0x0 0x970002 0x0 0x9a0004 0x0 0x0 0x0 0x0 0x0 0x0 0xa10005 0x0 0x0 0x0 0x0 0x0 0x0 0xa80007 0x0 0x120 0x0 0xae0002 0x0 0xb70005 0x0 0x0 0x0 0x0 0x0 0x0 0xba0007 0x0 0xb8 0x0 0xbd0002 0x0 0xc00007 0x0 0x88 0x0 0xc3000a 0x0 0x1 0x0 0xc80002 0x0 0xcb0004 0x0 0x0 0x0 0x0 0x0 0x0 0xd20005 0x0 0x0 0x0 0x0 0x0 0x0 0xd90007 0x0 0x30 0x0 0xdf0002 0x0 0xe80005 0x0 0x0 0x0 0x0 0x0 0x0 0xef0007 0x0 0x118 0x0 0xf50002 0x0 0xf80005 0x0 0x0 0x0 0x0 0x0 0x0 0xfb0007 0x0 0xa0 0x0 0x1010002 0x0 0x1040005 0x0 0x0 0x0 0x0 0x0 0x0 0x1070007 0x0 0x38 0x0 0x10b0003 0x0 0x18 0x10f0002 0x0 0x1180005 0x0 0x0 0x0 0x0 0x0 0x0 0x11f0007 0x0 0x118 0x0 0x1250002 0x0 0x1280005 0x0 0x0 0x0 0x0 0x0 0x0 0x12b0007 0x0 0xa0 0x0 0x1310002 0x0 0x1340005 0x0 0x0 0x0 0x0 0x0 0x0 0x1370007 0x0 0x38 0x0 0x13b0003 0x0 0x18 0x13f0002 0x0 0x1480005 0x0 0x0 0x0 0x0 0x0 0x0 0x14f0007 0x0 0x68 0x5 0x1520002 0x5 0x1560005 0x0 0x0 0x23d7f561638 0x5 0x0 0x0 0x15d0005 0x0 0x0 0x0 0x0 0x0 0x0 0x1640007 0x0 0x68 0x2 0x1670002 0x2 0x16b0005 0x0 0x0 0x23d7f561638 0x2 0x0 0x0 0x1720005 0x0 0x0 0x0 0x0 0x0 0x0 0x1790007 0x0 0x68 0x2 0x17c0002 0x2 0x1800005 0x0 0x0 0x23d7f561638 0x2 0x0 0x0 0x1870005 0x0 0x0 0x0 0x0 0x0 0x0 0x18e0007 0x0 0x68 0x0 0x1910002 0x0 0x1950005 0x0 0x0 0x0 0x0 0x0 0x0 0x19c0005 0x0 0x0 0x0 0x0 0x0 0x0 0x1a30007 0x0 0x68 0x0 0x1a60002 0x0 0x1aa0005 0x0 0x0 0x0 0x0 0x0 0x0 0x1b10005 0x0 0x0 0x0 0x0 0x0 0x0 0x1b50002 0x6e0 0x1b90005 0x0 0x0 0x23d7f561638 0x6e0 0x0 0x0 0x0 0x0 0x0 0x0 0x0 0x0 0x0 0x0 0x0 0x0 0x0 0x0 0x0 0x0 0x0 0x0 0x0 0x0 0x0 0x0 0x9 0x1 0x0 oops 4 253 com/sun/javafx/tk/quantum/QuantumToolkit 273 com/sun/javafx/tk/quantum/QuantumToolkit 293 com/sun/javafx/tk/quantum/QuantumToolkit 349 com/sun/javafx/tk/quantum/QuantumToolkit methods 0
ciMethodData com/sun/javafx/scene/input/PickResultChooser processOffer (Ljavafx/scene/Node;Ljavafx/scene/Node;DLjavafx/geometry/Point3D;ILjavafx/geometry/Point3D;Ljavafx/geometry/Point2D;)Z 2 1737 orig 80 0 0 0 0 0 0 0 0 0 0 0 0 61 2 0 0 0 0 0 0 0 0 0 0 0 0 0 0 0 0 0 0 0 0 0 0 0 0 0 0 0 0 0 0 0 0 0 0 0 0 0 0 0 0 0 0 0 0 0 0 0 0 0 0 0 0 0 0 0 0 0 0 0 0 0 0 0 0 0 0 data 85 0x10002 0x6c9 0x90002 0x6c9 0xc0007 0x0 0xf0 0x6c9 0x110007 0x6c9 0x48 0x0 0x160002 0x0 0x190003 0x0 0xa0 0x1d0005 0x6c9 0x0 0x0 0x0 0x0 0x0 0x200005 0x6c9 0x0 0x0 0x0 0x0 0x0 0x230003 0x6c9 0x18 0x2b0007 0x6c9 0x68 0x0 0x2f0002 0x0 0x320007 0x0 0x38 0x0 0x360003 0x0 0x18 0x430007 0x6c9 0x60 0x0 0x480007 0x0 0x60 0x0 0x510007 0x0 0x40 0x0 0x580007 0x0 0x20 0x6c9 0x870007 0x0 0x20 0x6c9 0x0 0x0 0x0 0x0 0x0 0x0 0x0 0x9 0x9 0x3e 0x0 0xffffffffffffffff 0x0 0x0 0x0 0x0 0x0 0x0 oops 0 methods 0
ciMethodData javafx/scene/Node contains (DD)Z 2 1203 orig 80 0 0 0 0 0 0 0 0 0 0 0 0 61 2 0 0 0 0 0 0 0 0 0 0 0 0 0 0 0 0 0 0 0 0 0 0 0 0 0 0 0 0 0 0 0 0 0 0 0 0 0 0 0 0 0 0 0 0 0 0 0 0 0 0 0 0 0 0 0 0 0 0 0 0 0 0 0 0 0 0 data 44 0x30005 0x4b3 0x0 0x0 0x0 0x0 0x0 0x60007 0x0 0xc0 0x4b3 0xa0005 0x4b3 0x0 0x0 0x0 0x0 0x0 0xd0007 0x1 0x50 0x4b2 0x130002 0x4b2 0x160007 0x286 0x38 0x22c 0x1a0003 0x22d 0x18 0x0 0x0 0x0 0x0 0x0 0x0 0x9 0x5 0xffffffffffffffff 0x0 0x0 0x0 0x0 oops 0 methods 0
ciMethodData com/sun/javafx/geom/RectBounds contains (FF)Z 2 1149 orig 80 0 0 0 0 0 0 0 0 0 0 0 0 61 2 0 0 0 0 0 0 0 0 0 0 0 0 0 0 0 0 0 0 0 0 0 0 0 0 0 0 0 0 0 0 0 0 0 0 0 0 0 0 0 0 0 0 0 0 0 0 0 0 0 0 0 0 0 0 0 0 0 0 0 0 0 0 0 0 0 0 data 41 0x10005 0x47d 0x0 0x0 0x0 0x0 0x0 0x40007 0x47d 0x20 0x0 0xf0007 0x0 0x98 0x47d 0x180007 0x0 0x78 0x47d 0x210007 0x0 0x58 0x47d 0x2a0007 0x0 0x38 0x47d 0x2e0003 0x47d 0x18 0x0 0x0 0x0 0x0 0x0 0x0 0x9 0x3 0x0 0x0 0x0 oops 0 methods 0
ciMethodData javafx/scene/Node containsBounds (DD)Z 2 1149 orig 80 0 0 0 0 0 0 0 0 0 0 0 0 61 2 0 0 0 0 0 0 0 0 0 0 0 0 0 0 0 0 0 0 0 0 0 0 0 0 0 0 0 0 0 0 0 0 0 0 0 0 0 0 0 0 0 0 0 0 0 0 0 0 0 0 0 0 0 0 0 0 0 0 0 0 0 0 0 0 0 0 data 79 0x2 0x47d 0x120005 0x258 0x0 0x23d73938b68 0x1f2 0x23d6c3cf568 0x33 0x1d0005 0x0 0x0 0x23d7ed93400 0x47d 0x0 0x0 0x200007 0x0 0x190 0x47d 0x240005 0x47d 0x0 0x0 0x0 0x0 0x0 0x270007 0x45a 0x138 0x23 0x3f0005 0x23 0x0 0x0 0x0 0x0 0x0 0x470005 0x0 0x0 0x23d7ed934b0 0x23 0x0 0x0 0x4a0003 0x23 0x18 0x520005 0x23 0x0 0x0 0x0 0x0 0x0 0x670005 0x0 0x0 0x23d7ed934b0 0x23 0x0 0x0 0x6a0007 0x23 0x20 0x0 0x0 0x0 0x0 0x0 0x0 0x0 0x9 0x5 0xffffffffffffffff 0x0 0x0 0x0 0x0 oops 5 5 com/jfoenix/skins/JFXButtonSkin$1 7 javafx/scene/canvas/Canvas 12 com/sun/javafx/geom/RectBounds 41 javafx/scene/shape/Rectangle 58 javafx/scene/shape/Rectangle methods 0
ciMethodData com/sun/javafx/scene/NodeHelper computeContains (Ljavafx/scene/Node;DD)Z 2 1148 orig 80 0 0 0 0 0 0 0 0 0 0 0 0 61 2 0 0 0 0 0 0 0 0 0 0 0 0 0 0 0 0 0 0 0 0 0 0 0 0 0 0 0 0 0 0 0 0 0 0 0 0 0 0 0 0 0 0 0 0 0 0 0 0 0 0 0 0 0 0 0 0 0 0 0 0 0 0 0 0 0 0 data 22 0x10002 0x47c 0x70005 0x216 0x0 0x23d735b1788 0x233 0x23d7f938f78 0x33 0x0 0x0 0x0 0x0 0x0 0x0 0x9 0x5 0x0 0x0 0x0 0x0 0x0 oops 2 5 com/sun/javafx/scene/layout/PaneHelper 7 com/sun/javafx/scene/canvas/CanvasHelper methods 0
ciMethodData javafx/scene/Node parentToLocal (Lcom/sun/javafx/geom/Point2D;)V 1 35 orig 80 0 0 0 0 0 0 0 0 0 0 0 0 61 2 0 0 0 0 0 0 0 0 0 0 0 0 0 0 0 0 0 0 0 0 0 0 0 0 0 0 0 0 0 0 0 0 0 0 0 0 0 0 0 0 0 0 0 0 0 0 0 0 0 0 0 0 0 0 0 0 0 0 0 0 0 0 0 0 0 0 data 24 0x10005 0x0 0x0 0x23d7ed934b0 0x23 0x0 0x0 0xa0005 0x0 0x0 0x23d733a0c20 0x23 0x0 0x0 0x0 0x0 0x0 0x0 0x0 0x0 0x9 0x2 0x0 0x0 oops 2 3 javafx/scene/shape/Rectangle 10 com/sun/javafx/geom/transform/Identity methods 0
compile javafx/scene/layout/Region doPickNodeLocal (Lcom/sun/javafx/geom/PickRay;Lcom/sun/javafx/scene/input/PickResultChooser;)V -1 4 inline 136 0 -1 0 javafx/scene/layout/Region doPickNodeLocal (Lcom/sun/javafx/geom/PickRay;Lcom/sun/javafx/scene/input/PickResultChooser;)V 1 2 0 com/sun/javafx/scene/NodeHelper intersectsBounds (Ljavafx/scene/Node;Lcom/sun/javafx/geom/PickRay;)D 2 5 0 javafx/scene/Node$1 intersectsBounds (Ljavafx/scene/Node;Lcom/sun/javafx/geom/PickRay;)D 1 7 0 java/lang/Double isNaN (D)Z 1 16 0 com/sun/javafx/scene/ParentHelper pickChildrenNode (Ljavafx/scene/Parent;Lcom/sun/javafx/geom/PickRay;Lcom/sun/javafx/scene/input/PickResultChooser;)Z 2 6 0 javafx/scene/Parent$1 pickChildrenNode (Ljavafx/scene/Parent;Lcom/sun/javafx/geom/PickRay;Lcom/sun/javafx/scene/input/PickResultChooser;)Z 3 3 0 javafx/scene/Parent pickChildrenNode (Lcom/sun/javafx/geom/PickRay;Lcom/sun/javafx/scene/input/PickResultChooser;)Z 4 1 0 javafx/scene/Parent getOrderedChildren ()Ljava/util/List; 5 4 0 javafx/scene/Node isDirty (Lcom/sun/javafx/scene/DirtyBits;)Z 6 5 0 java/util/RegularEnumSet contains (Ljava/lang/Object;)Z 7 41 0 java/lang/Enum ordinal ()I 5 18 0 java/util/ArrayList isEmpty ()Z 4 6 0 com/sun/javafx/collections/VetoableListDecorator size ()I 5 4 0 com/sun/javafx/collections/ObservableListWrapper size ()I 6 4 0 java/util/ArrayList size ()I 4 23 0 com/sun/javafx/collections/VetoableListDecorator get (I)Ljava/lang/Object; 5 5 0 com/sun/javafx/collections/ObservableListWrapper get (I)Ljava/lang/Object; 6 5 0 java/util/ArrayList get (I)Ljava/lang/Object; 7 5 0 java/util/Objects checkIndex (II)I 7 11 0 java/util/ArrayList elementData (I)Ljava/lang/Object; 4 33 0 javafx/scene/Node pickNode (Lcom/sun/javafx/geom/PickRay;Lcom/sun/javafx/scene/input/PickResultChooser;)V 5 1 0 javafx/scene/Node isVisible ()Z 6 15 0 javafx/beans/property/BooleanPropertyBase get ()Z 5 8 0 javafx/scene/Node isDisable ()Z 6 15 0 javafx/scene/Node$MiscProperties isDisable ()Z 7 15 0 javafx/beans/property/BooleanPropertyBase get ()Z 5 15 0 javafx/scene/Node isMouseTransparent ()Z 6 15 0 javafx/scene/Node$MiscProperties isMouseTransparent ()Z 7 15 0 javafx/beans/property/BooleanPropertyBase get ()Z 5 23 0 com/sun/javafx/geom/PickRay getOriginNoClone ()Lcom/sun/javafx/geom/Vec3d; 5 46 0 com/sun/javafx/geom/PickRay getDirectionNoClone ()Lcom/sun/javafx/geom/Vec3d; 5 101 0 com/sun/javafx/scene/NodeHelper pickNodeLocal (Ljavafx/scene/Node;Lcom/sun/javafx/geom/PickRay;Lcom/sun/javafx/scene/input/PickResultChooser;)V 6 1 0 com/sun/javafx/scene/NodeHelper getHelper (Ljavafx/scene/Node;)Lcom/sun/javafx/scene/NodeHelper; 7 4 0 javafx/scene/Node$1 getHelper (Ljavafx/scene/Node;)Lcom/sun/javafx/scene/NodeHelper; 5 116 0 com/sun/javafx/geom/PickRay setOrigin (DDD)V 6 8 0 com/sun/javafx/geom/Vec3d set (DDD)V 5 126 0 com/sun/javafx/geom/PickRay setDirection (DDD)V 6 8 0 com/sun/javafx/geom/Vec3d set (DDD)V 4 37 0 com/sun/javafx/scene/input/PickResultChooser isClosed ()Z 1 25 0 com/sun/javafx/scene/NodeHelper intersects (Ljavafx/scene/Node;Lcom/sun/javafx/geom/PickRay;Lcom/sun/javafx/scene/input/PickResultChooser;)Z 2 6 0 javafx/scene/Node$1 intersects (Ljavafx/scene/Node;Lcom/sun/javafx/geom/PickRay;Lcom/sun/javafx/scene/input/PickResultChooser;)Z 3 3 0 javafx/scene/Node intersects (Lcom/sun/javafx/geom/PickRay;Lcom/sun/javafx/scene/input/PickResultChooser;)Z 4 7 0 java/lang/Double isNaN (D)Z 4 14 0 javafx/scene/Node isPickOnBounds ()Z 5 15 0 javafx/beans/property/BooleanPropertyBase get ()Z 4 29 0 com/sun/javafx/scene/input/PickResultChooser computePoint (Lcom/sun/javafx/geom/PickRay;D)Ljavafx/geometry/Point3D; 5 1 0 com/sun/javafx/geom/PickRay getOriginNoClone ()Lcom/sun/javafx/geom/Vec3d; 5 6 0 com/sun/javafx/geom/PickRay getDirectionNoClone ()Lcom/sun/javafx/geom/Vec3d; 5 51 0 javafx/geometry/Point3D <init> (DDD)V 6 1 0 java/lang/Object <init> ()V 4 32 0 com/sun/javafx/scene/input/PickResultChooser offer (Ljavafx/scene/Node;DLjavafx/geometry/Point3D;)Z 5 9 0 com/sun/javafx/scene/input/PickResultChooser processOffer (Ljavafx/scene/Node;Ljavafx/scene/Node;DLjavafx/geometry/Point3D;ILjavafx/geometry/Point3D;Ljavafx/geometry/Point2D;)Z 6 1 0 com/sun/javafx/scene/NodeHelper getSubScene (Ljavafx/scene/Node;)Ljavafx/scene/SubScene; 7 4 0 javafx/scene/Node$1 getSubScene (Ljavafx/scene/Node;)Ljavafx/scene/SubScene; 8 1 0 javafx/scene/Node getSubScene ()Ljavafx/scene/SubScene; 6 9 0 javafx/application/Platform isSupported (Ljavafx/application/ConditionalFeature;)Z 7 1 0 com/sun/javafx/application/PlatformImpl isSupported (Ljavafx/application/ConditionalFeature;)Z 6 29 0 javafx/scene/Node getScene ()Ljavafx/scene/Scene; 7 4 0 javafx/beans/property/ObjectPropertyBase get ()Ljava/lang/Object; 6 32 0 javafx/scene/Scene isDepthBuffer ()Z 4 41 0 com/sun/javafx/scene/NodeHelper computeIntersects (Ljavafx/scene/Node;Lcom/sun/javafx/geom/PickRay;Lcom/sun/javafx/scene/input/PickResultChooser;)Z 5 1 0 com/sun/javafx/scene/NodeHelper getHelper (Ljavafx/scene/Node;)Lcom/sun/javafx/scene/NodeHelper; 6 4 0 javafx/scene/Node$1 getHelper (Ljavafx/scene/Node;)Lcom/sun/javafx/scene/NodeHelper; 5 7 0 com/sun/javafx/scene/NodeHelper computeIntersectsImpl (Ljavafx/scene/Node;Lcom/sun/javafx/geom/PickRay;Lcom/sun/javafx/scene/input/PickResultChooser;)Z 6 6 0 javafx/scene/Node$1 doComputeIntersects (Ljavafx/scene/Node;Lcom/sun/javafx/geom/PickRay;Lcom/sun/javafx/scene/input/PickResultChooser;)Z 7 3 0 javafx/scene/Node doComputeIntersects (Lcom/sun/javafx/geom/PickRay;Lcom/sun/javafx/scene/input/PickResultChooser;)Z 8 1 0 com/sun/javafx/geom/PickRay getOriginNoClone ()Lcom/sun/javafx/geom/Vec3d; 8 9 0 com/sun/javafx/geom/PickRay getDirectionNoClone ()Lcom/sun/javafx/geom/Vec3d; 8 19 0 javafx/scene/Node almostZero (D)Z 8 37 0 com/sun/javafx/geom/PickRay getNearClip ()D 8 47 0 com/sun/javafx/geom/PickRay getFarClip ()D 8 57 0 com/sun/javafx/geom/PickRay getOriginNoClone ()Lcom/sun/javafx/geom/Vec3d; 8 64 0 com/sun/javafx/geom/PickRay getDirectionNoClone ()Lcom/sun/javafx/geom/Vec3d; 8 77 0 com/sun/javafx/geom/PickRay getOriginNoClone ()Lcom/sun/javafx/geom/Vec3d; 8 84 0 com/sun/javafx/geom/PickRay getDirectionNoClone ()Lcom/sun/javafx/geom/Vec3d; 8 105 0 javafx/scene/Node contains (DD)Z 9 3 0 javafx/scene/Node containsBounds (DD)Z 10 0 0 com/sun/javafx/util/TempState getInstance ()Lcom/sun/javafx/util/TempState; 11 3 0 java/lang/ThreadLocal get ()Ljava/lang/Object; 12 4 0 java/lang/ThreadLocal get (Ljava/lang/Thread;)Ljava/lang/Object; 13 2 0 java/lang/ThreadLocal getMap (Ljava/lang/Thread;)Ljava/lang/ThreadLocal$ThreadLocalMap; 13 12 0 java/lang/ThreadLocal$ThreadLocalMap getEntry (Ljava/lang/ThreadLocal;)Ljava/lang/ThreadLocal$ThreadLocalMap$Entry; 14 26 0 java/lang/ref/Reference refersTo (Ljava/lang/Object;)Z 15 2 0 java/lang/ref/Reference refersToImpl (Ljava/lang/Object;)Z 10 29 0 com/sun/javafx/geom/RectBounds contains (FF)Z 11 1 0 com/sun/javafx/geom/RectBounds isEmpty ()Z 10 36 0 javafx/scene/Node getClip ()Ljavafx/scene/Node; 11 17 0 javafx/scene/Node$MiscProperties getClip ()Ljavafx/scene/Node; 12 17 0 javafx/beans/property/ObjectPropertyBase get ()Ljava/lang/Object; 10 63 0 javafx/scene/Node getClip ()Ljavafx/scene/Node; 11 17 0 javafx/scene/Node$MiscProperties getClip ()Ljavafx/scene/Node; 12 17 0 javafx/beans/property/ObjectPropertyBase get ()Ljava/lang/Object; 10 71 0 javafx/scene/Node parentToLocal (Lcom/sun/javafx/geom/Point2D;)V 10 82 0 javafx/scene/Node getClip ()Ljavafx/scene/Node; 11 17 0 javafx/scene/Node$MiscProperties getClip ()Ljavafx/scene/Node; 12 17 0 javafx/beans/property/ObjectPropertyBase get ()Ljava/lang/Object; 10 103 0 javafx/scene/Node contains (DD)Z 11 3 0 javafx/scene/Node containsBounds (DD)Z 12 0 0 com/sun/javafx/util/TempState getInstance ()Lcom/sun/javafx/util/TempState; 13 3 0 java/lang/ThreadLocal get ()Ljava/lang/Object; 14 4 0 java/lang/ThreadLocal get (Ljava/lang/Thread;)Ljava/lang/Object; 15 2 0 java/lang/ThreadLocal getMap (Ljava/lang/Thread;)Ljava/lang/ThreadLocal$ThreadLocalMap; 15 12 0 java/lang/ThreadLocal$ThreadLocalMap getEntry (Ljava/lang/ThreadLocal;)Ljava/lang/ThreadLocal$ThreadLocalMap$Entry; 16 26 0 java/lang/ref/Reference refersTo (Ljava/lang/Object;)Z 12 29 0 com/sun/javafx/geom/RectBounds contains (FF)Z 13 1 0 com/sun/javafx/geom/RectBounds isEmpty ()Z 12 36 0 javafx/scene/Node getClip ()Ljavafx/scene/Node; 13 17 0 javafx/scene/Node$MiscProperties getClip ()Ljavafx/scene/Node; 14 17 0 javafx/beans/property/ObjectPropertyBase get ()Ljava/lang/Object; 12 63 0 javafx/scene/Node getClip ()Ljavafx/scene/Node; 13 17 0 javafx/scene/Node$MiscProperties getClip ()Ljavafx/scene/Node; 14 17 0 javafx/beans/property/ObjectPropertyBase get ()Ljava/lang/Object; 12 71 0 javafx/scene/Node parentToLocal (Lcom/sun/javafx/geom/Point2D;)V 12 82 0 javafx/scene/Node getClip ()Ljavafx/scene/Node; 13 17 0 javafx/scene/Node$MiscProperties getClip ()Ljavafx/scene/Node; 14 17 0 javafx/beans/property/ObjectPropertyBase get ()Ljava/lang/Object; 11 10 0 javafx/scene/Node isPickOnBounds ()Z 12 15 0 javafx/beans/property/BooleanPropertyBase get ()Z 11 19 0 com/sun/javafx/scene/NodeHelper computeContains (Ljavafx/scene/Node;DD)Z 12 1 0 com/sun/javafx/scene/NodeHelper getHelper (Ljavafx/scene/Node;)Lcom/sun/javafx/scene/NodeHelper; 13 4 0 javafx/scene/Node$1 getHelper (Ljavafx/scene/Node;)Lcom/sun/javafx/scene/NodeHelper; 9 10 0 javafx/scene/Node isPickOnBounds ()Z 10 15 0 javafx/beans/property/BooleanPropertyBase get ()Z 9 19 0 com/sun/javafx/scene/NodeHelper computeContains (Ljavafx/scene/Node;DD)Z 10 1 0 com/sun/javafx/scene/NodeHelper getHelper (Ljavafx/scene/Node;)Lcom/sun/javafx/scene/NodeHelper; 11 4 0 javafx/scene/Node$1 getHelper (Ljavafx/scene/Node;)Lcom/sun/javafx/scene/NodeHelper; 8 125 0 com/sun/javafx/scene/input/PickResultChooser offer (Ljavafx/scene/Node;DLjavafx/geometry/Point3D;)Z 9 9 0 com/sun/javafx/scene/input/PickResultChooser processOffer (Ljavafx/scene/Node;Ljavafx/scene/Node;DLjavafx/geometry/Point3D;ILjavafx/geometry/Point3D;Ljavafx/geometry/Point2D;)Z 10 1 0 com/sun/javafx/scene/NodeHelper getSubScene (Ljavafx/scene/Node;)Ljavafx/scene/SubScene; 11 4 0 javafx/scene/Node$1 getSubScene (Ljavafx/scene/Node;)Ljavafx/scene/SubScene; 12 1 0 javafx/scene/Node getSubScene ()Ljavafx/scene/SubScene; 10 9 0 javafx/application/Platform isSupported (Ljavafx/application/ConditionalFeature;)Z 11 1 0 com/sun/javafx/application/PlatformImpl isSupported (Ljavafx/application/ConditionalFeature;)Z 10 29 0 javafx/scene/Node getScene ()Ljavafx/scene/Scene; 11 4 0 javafx/beans/property/ObjectPropertyBase get ()Ljava/lang/Object; 10 32 0 javafx/scene/Scene isDepthBuffer ()Z
